tracking_number,title,agency_name,agency_code,filed_at,purpose,status,detail_url,agency_group,filing_quarter,outcome,stratum_population,stratum_sample,sampling_weight
PNP-148498336285,The number of kidnaping cases in the PH,Philippine National Police(PNP),pnp,2025-01-01 14:51:00,Research and Development,CLOSED,https://www.foi.gov.ph/agencies/pnp/the-number-of-kidnaping-cases-in-the-ph/,LEA,Q1,unsuccessful,124,104,1.1923076923076923
CAAP-552914423328,Request for Design Guidelines for Structures Near Airports,Civil Aviation Authority of the Philippines(CAAP),caap,2025-01-02 13:09:00,Architectural Research/ Thesis,SUCCESSFUL,https://www.foi.gov.ph/agencies/caap/request-for-design-guidelines-for-structures-near-airports/,GOCC,Q1,successful,410,96,4.270833333333333
SSS-884808457318,recovery account,Social Security System(SSS),sss,2025-01-02 15:48:00,To resest my password,DENIED,https://www.foi.gov.ph/agencies/sss/recovery-account/,GOCC,Q1,unsuccessful,410,96,4.270833333333333
USAP-181771171984,Vehicular Accident,"City of Pasig, NCR(USAP)",usap,2025-01-02 18:00:00,Research and Development,SUCCESSFUL,https://www.foi.gov.ph/agencies/usap/vehicular-accident/,LGU,Q1,successful,44,44,1.0
USAP-706685758618,Pasig City,"City of Pasig, NCR(USAP)",usap,2025-01-03 09:04:00,I will use this for my Thesis research purposes in Architecture.,SUCCESSFUL,https://www.foi.gov.ph/agencies/usap/pasig-city/,LGU,Q1,successful,44,44,1.0
PNP-621853315460,STATISTICAL DATA OF CICL CASES IN REGION IV-A,Philippine National Police(PNP),pnp,2025-01-03 12:52:00,Undergraduate Thesis,SUCCESSFUL,https://www.foi.gov.ph/agencies/pnp/statistical-data-of-cicl-cases-in-region-iv-a/,LEA,Q1,successful,124,104,1.1923076923076923
UPLB-939272259815,Enrollment Statistics,University of the Philippines Los Banos(UPLB),uplb,2025-01-03 13:10:00,University Recruitment,DENIED,https://www.foi.gov.ph/agencies/uplb/enrollment-statistics-uplb-939272259815/,SUC,Q1,unsuccessful,150,131,1.1450381679389312
UPD-427344480572,Enrollment Statistics,University of the Philippines Diliman(UPD),upd,2025-01-03 13:27:00,University Recruitment,ACCEPTED,https://www.foi.gov.ph/agencies/upd/enrollment-statistics-upd-427344480572/,SUC,Q1,open,150,131,1.1450381679389312
UPM-561218199990,Enrollment Statistics,University of the Philippines Manila(UPM),upm,2025-01-03 13:30:00,University Reruitment,SUCCESSFUL,https://www.foi.gov.ph/agencies/upm/enrollment-statistics-upm-561218199990/,SUC,Q1,successful,150,131,1.1450381679389312
UPB-347189310923,Enrollment Statistics,University of the Philippines Baguio(UPB),upb,2025-01-03 13:33:00,University Recruitment,SUCCESSFUL,https://www.foi.gov.ph/agencies/upb/enrollment-statistics-upb-347189310923/,SUC,Q1,successful,150,131,1.1450381679389312
UPMIN-392143290766,Enrollment Statistics,University of the Philippines Mindanao(UPMIN),upmin,2025-01-03 13:35:00,University Recruitment,ACCEPTED,https://www.foi.gov.ph/agencies/upmin/enrollment-statistics-upmin-392143290766/,SUC,Q1,open,150,131,1.1450381679389312
PUP-422679440047,Enrollment Statistics,Polytechnic University of the Philippines(PUP),pup,2025-01-03 13:42:00,University Recruitment,SUCCESSFUL,https://www.foi.gov.ph/agencies/pup/enrollment-statistics-pup-422679440047/,SUC,Q1,successful,150,131,1.1450381679389312
USEP-954569808717,Enrollment Statistics,University of Southeastern Philippines(USEP),usep,2025-01-03 13:49:00,University Recruitment,SUCCESSFUL,https://www.foi.gov.ph/agencies/usep/enrollment-statistics-usep-954569808717/,SUC,Q1,successful,150,131,1.1450381679389312
MMSU-788688632738,Enrollment Statistics,Mariano Marcos State University(MMSU),mmsu,2025-01-03 13:59:00,University Recruitment,PENDING,https://www.foi.gov.ph/agencies/mmsu/enrollment-statistics-mmsu-788688632738/,SUC,Q1,open,150,131,1.1450381679389312
DMMMSU-199389868864,Enrollment Statistics,Don Mariano Marcos Memorial State University(DMMMSU),dmmmsu,2025-01-03 14:42:00,University Recruitment,SUCCESSFUL,https://www.foi.gov.ph/agencies/dmmmsu/enrollment-statistics-dmmmsu-199389868864/,SUC,Q1,successful,150,131,1.1450381679389312
PH-674963250459,PhilHealth deidentified inpatient claims for acute ischemic stroke,PhilHealth(PH),ph,2025-01-03 14:43:00,Information gathering to understand the patient journey and economic burden of disease in acute ischemic stroke,SUCCESSFUL,https://www.foi.gov.ph/agencies/ph/philhealth-deidentified-inpatient-claims-for-acute-ischemic-stroke/,GOCC,Q1,successful,410,96,4.270833333333333
BSU-037822829072,Enrollment Statistics,Benguet State University(BSU),bsu,2025-01-03 14:51:00,University Recruitment,SUCCESSFUL,https://www.foi.gov.ph/agencies/bsu/enrollment-statistics-bsu-037822829072/,SUC,Q1,successful,150,131,1.1450381679389312
UPC-551836392639,Enrollment Statistics,University of the Philippines Cebu(UPC),upc,2025-01-03 14:56:00,University Recruitment,SUCCESSFUL,https://www.foi.gov.ph/agencies/upc/enrollment-statistics-upc-551836392639/,SUC,Q1,successful,150,131,1.1450381679389312
UPTC-162321389047,Enrollment Statistics,University of the Philippines Tacloban College(UPTC),uptc,2025-01-03 15:02:00,University Recruitment,SUCCESSFUL,https://www.foi.gov.ph/agencies/uptc/enrollment-statistics-uptc-162321389047/,SUC,Q1,successful,150,131,1.1450381679389312
TUP-251021567946,Enrollment Statistics,Technological University of the Philippines(TUP),tup,2025-01-03 15:32:00,University Recruitment,ACCEPTED,https://www.foi.gov.ph/agencies/tup/enrollment-statistics-tup-251021567946/,SUC,Q1,open,150,131,1.1450381679389312
PangSU-477303199727,Enrollment Statistics,Pangasinan State University(PangSU),pangsu,2025-01-03 15:44:00,University Recruitment,SUCCESSFUL,https://www.foi.gov.ph/agencies/pangsu/enrollment-statistics-pangsu-477303199727/,SUC,Q1,successful,150,131,1.1450381679389312
ISPSC-041923158023,Enrollment Statistics,Ilocos Sur Polytechnic State College(ISPSC),ispsc,2025-01-03 15:49:00,University Recruitment,PENDING,https://www.foi.gov.ph/agencies/ispsc/enrollment-statistics-ispsc-041923158023/,SUC,Q1,open,150,131,1.1450381679389312
ASIST-328060587767,data request,Abra State Institute of Science and Technology(ASIST),asist,2025-01-04 22:04:00,research and study,CLOSED,https://www.foi.gov.ph/agencies/asist/data-request-asist-328060587767/,SUC,Q1,unsuccessful,150,131,1.1450381679389312
ASSCAT-640072249398,data request,Agusan del Sur University(ASSCAT),asscat,2025-01-04 22:05:00,research and study,SUCCESSFUL,https://www.foi.gov.ph/agencies/asscat/data-request-asscat-640072249398/,SUC,Q1,successful,150,131,1.1450381679389312
ASC-316000344327,data request,Apayao State College(ASC),asc,2025-01-04 22:08:00,research and study,SUCCESSFUL,https://www.foi.gov.ph/agencies/asc/data-request-asc-316000344327/,SUC,Q1,successful,150,131,1.1450381679389312
ASCOT-894038889416,data request,Aurora State College of Technology(ASCOT),ascot,2025-01-04 22:11:00,research and study,SUCCESSFUL,https://www.foi.gov.ph/agencies/ascot/data-request-ascot-894038889416/,SUC,Q1,successful,150,131,1.1450381679389312
BASSC-519134575509,data request,Basilan State College(BASSC),bassc,2025-01-04 22:12:00,research and study,PENDING,https://www.foi.gov.ph/agencies/bassc/data-request-bassc-519134575509/,SUC,Q1,open,150,131,1.1450381679389312
BSC-962849064641,data request,Batanes State College(BSC),bsc,2025-01-04 22:13:00,research and study,SUCCESSFUL,https://www.foi.gov.ph/agencies/bsc/data-request-bsc-962849064641/,SUC,Q1,successful,150,131,1.1450381679389312
BATSU-206113674926,data request,Batangas State University(BATSU),batsu,2025-01-04 22:15:00,research and study,SUCCESSFUL,https://www.foi.gov.ph/agencies/batsu/data-request-batsu-206113674926/,SUC,Q1,successful,150,131,1.1450381679389312
BSU-734239148762,data request,Benguet State University(BSU),bsu,2025-01-04 22:16:00,research and study,SUCCESSFUL,https://www.foi.gov.ph/agencies/bsu/data-request-bsu-734239148762/,SUC,Q1,successful,150,131,1.1450381679389312
BISCAST-025208256975,data request,Bicol State College of Applied Sciences and Technology(BISCAST),biscast,2025-01-04 22:18:00,research and study,PENDING,https://www.foi.gov.ph/agencies/biscast/data-request-biscast-025208256975/,SUC,Q1,open,150,131,1.1450381679389312
CNSC-311280840709,data request,Camarines Norte State College(CNSC),cnsc,2025-01-04 22:19:00,research and study,ACCEPTED,https://www.foi.gov.ph/agencies/cnsc/data-request-cnsc-311280840709/,SUC,Q1,open,150,131,1.1450381679389312
CSPC-766365677720,data request,Camarines Sur Polytechnic Colleges(CSPC),cspc,2025-01-04 22:21:00,research and study,SUCCESSFUL,https://www.foi.gov.ph/agencies/cspc/data-request-cspc-766365677720/,SUC,Q1,successful,150,131,1.1450381679389312
CARSU-283645916878,data request,Caraga State University(CARSU),carsu,2025-01-04 22:22:00,research and study,SUCCESSFUL,https://www.foi.gov.ph/agencies/carsu/data-request-carsu-283645916878/,SUC,Q1,successful,150,131,1.1450381679389312
CSU-564107715541,data request,Catanduanes State University(CSU),csu,2025-01-04 22:24:00,research and study,PENDING,https://www.foi.gov.ph/agencies/csu/data-request-csu-564107715541/,SUC,Q1,open,150,131,1.1450381679389312
CVSU-690636310184,data request,Cavite State University(CVSU),cvsu,2025-01-04 22:26:00,research and study,SUCCESSFUL,https://www.foi.gov.ph/agencies/cvsu/data-request-cvsu-690636310184/,SUC,Q1,successful,150,131,1.1450381679389312
CPSU-621717339461,data request,Central Philippines State University(CPSU),cpsu,2025-01-04 22:27:00,research and study,SUCCESSFUL,https://www.foi.gov.ph/agencies/cpsu/data-request-cpsu-621717339461/,SUC,Q1,successful,150,131,1.1450381679389312
CFCST-560186360968,data request,Cotabato Foundation College of Science and Technology(CFCST),cfcst,2025-01-04 22:30:00,research and study,PENDING,https://www.foi.gov.ph/agencies/cfcst/data-request-cfcst-560186360968/,SUC,Q1,open,150,131,1.1450381679389312
DDOSC-928861588678,data request,Davao de Oro State College(DDOSC),ddosc,2025-01-04 22:31:00,research and study,SUCCESSFUL,https://www.foi.gov.ph/agencies/ddosc/data-request-ddosc-928861588678/,SUC,Q1,successful,150,131,1.1450381679389312
DDNSC-698932627541,data request,Davao Del Norte State College(DDNSC),ddnsc,2025-01-04 22:33:00,research and study,PENDING,https://www.foi.gov.ph/agencies/ddnsc/data-request-ddnsc-698932627541/,SUC,Q1,open,150,131,1.1450381679389312
DSSC-726496872393,data request,Davao del Sur State College(DSSC),dssc,2025-01-04 22:34:00,research and study,SUCCESSFUL,https://www.foi.gov.ph/agencies/dssc/data-request-dssc-726496872393/,SUC,Q1,successful,150,131,1.1450381679389312
DOSCST-827464219247,data request,Davao Oriental State University(DOSCST),doscst,2025-01-04 22:35:00,research and study,SUCCESSFUL,https://www.foi.gov.ph/agencies/doscst/data-request-doscst-827464219247/,SUC,Q1,successful,150,131,1.1450381679389312
DEBESMSCAT-581217793464,data request,"Dr. Emilio B. Espinosa Sr., Memorial State College of Agriculture and Technology(DEBESMSCAT)",debesmscat,2025-01-04 22:37:00,research and study,SUCCESSFUL,https://www.foi.gov.ph/agencies/debesmscat/data-request-debesmscat-581217793464/,SUC,Q1,successful,150,131,1.1450381679389312
ESSU-955888284995,data request,Eastern Samar State University(ESSU),essu,2025-01-04 22:38:00,research and study,SUCCESSFUL,https://www.foi.gov.ph/agencies/essu/data-request-essu-955888284995/,SUC,Q1,successful,150,131,1.1450381679389312
GSU-302318543785,data request,Guimaras State University(GSU),gsu,2025-01-04 22:39:00,research and study,DENIED,https://www.foi.gov.ph/agencies/gsu/data-request-gsu-302318543785/,SUC,Q1,unsuccessful,150,131,1.1450381679389312
ISPSC-800082306968,data reqeust,Ilocos Sur Polytechnic State College(ISPSC),ispsc,2025-01-04 22:42:00,research and study,PENDING,https://www.foi.gov.ph/agencies/ispsc/data-reqeust/,SUC,Q1,open,150,131,1.1450381679389312
JHCSC-347957005526,data request,J. H. Cerilles State College(JHCSC),jhcsc,2025-01-04 22:43:00,research and study,SUCCESSFUL,https://www.foi.gov.ph/agencies/jhcsc/data-request-jhcsc-347957005526/,SUC,Q1,successful,150,131,1.1450381679389312
JRMSU-696088186147,data request,Jose Rizal Memorial State University(JRMSU),jrmsu,2025-01-04 22:45:00,research and study,SUCCESSFUL,https://www.foi.gov.ph/agencies/jrmsu/data-request-jrmsu-696088186147/,SUC,Q1,successful,150,131,1.1450381679389312
KSU-310428840947,data request,Kalinga State University(KSU),ksu,2025-01-04 22:46:00,research and study,PENDING,https://www.foi.gov.ph/agencies/ksu/data-request-ksu-310428840947/,SUC,Q1,open,150,131,1.1450381679389312
MSUGS-703167470803,data request,Mindanao State University-General Santos(MSUGS),msugs,2025-01-04 22:50:00,research and study,PENDING,https://www.foi.gov.ph/agencies/msugs/data-request-msugs-703167470803/,SUC,Q1,open,150,131,1.1450381679389312
MPSPC-008803058476,data request,Mountain Province State University(MPSU),mpspc,2025-01-04 22:51:00,research and study,CLOSED,https://www.foi.gov.ph/agencies/mpspc/data-request-mpspc-008803058476/,SUC,Q1,unsuccessful,150,131,1.1450381679389312
NEMSU-661122023403,data request,NORTH EASTERN MINDANAO STATE UNIVERSITY(NEMSU),nemsu,2025-01-04 22:53:00,research and study,DENIED,https://www.foi.gov.ph/agencies/nemsu/data-request-nemsu-661122023403/,SUC,Q1,unsuccessful,150,131,1.1450381679389312
NISU-763878284591,data request,Northern Iloilo State University(NISU),nisu,2025-01-04 22:54:00,researach and study,CLOSED,https://www.foi.gov.ph/agencies/nisu/data-request-nisu-763878284591/,SUC,Q1,unsuccessful,150,131,1.1450381679389312
NWSSU-308045882013,data request,Northwest Samar State University(NWSSU),nwssu,2025-01-04 22:57:00,research and study,SUCCESSFUL,https://www.foi.gov.ph/agencies/nwssu/data-request-nwssu-308045882013/,SUC,Q1,successful,150,131,1.1450381679389312
PARSU-204118011720,data request,Partido State University(PARSU),parsu,2025-01-04 23:00:00,research and study,SUCCESSFUL,https://www.foi.gov.ph/agencies/parsu/data-request-parsu-204118011720/,SUC,Q1,successful,150,131,1.1450381679389312
QSU-642583840565,data request,Quirino State University(QSU),qsu,2025-01-04 23:01:00,research and study,SUCCESSFUL,https://www.foi.gov.ph/agencies/qsu/data-request-qsu-642583840565/,SUC,Q1,successful,150,131,1.1450381679389312
SSU-087926596227,data request,Samar State University(SSU),ssu,2025-01-04 23:02:00,research and study,PENDING,https://www.foi.gov.ph/agencies/ssu/data-request-ssu-087926596227/,SUC,Q1,open,150,131,1.1450381679389312
SrSC-519121596719,data request,Sorsogon State University(SrSC),srsc,2025-01-04 23:04:00,research and study,ACCEPTED,https://www.foi.gov.ph/agencies/srsc/data-request-srsc-519121596719/,SUC,Q1,open,150,131,1.1450381679389312
SUSC-547366347103,data request,Sulu State College(SUSC),susc,2025-01-04 23:05:00,research and study,ACCEPTED,https://www.foi.gov.ph/agencies/susc/data-request-susc-547366347103/,SUC,Q1,open,150,131,1.1450381679389312
SSCT-047289366263,data request,Surigao Del Norte State University(SSCT),ssct,2025-01-04 23:06:00,research and study,SUCCESSFUL,https://www.foi.gov.ph/agencies/ssct/data-request-ssct-047289366263/,SUC,Q1,successful,150,131,1.1450381679389312
WMSU-838828206927,data request,Western Mindanao State University(WMSU),wmsu,2025-01-04 23:07:00,research and study,PENDING,https://www.foi.gov.ph/agencies/wmsu/data-request-wmsu-838828206927/,SUC,Q1,open,150,131,1.1450381679389312
ZCSPC-214606257658,data request,Zamboanga Peninsula Polytechnic State University(ZCSPC),zcspc,2025-01-04 23:09:00,research and study,PENDING,https://www.foi.gov.ph/agencies/zcspc/data-request-zcspc-214606257658/,SUC,Q1,open,150,131,1.1450381679389312
PNP-193640545654,Crime-Related Death,Philippine National Police(PNP),pnp,2025-01-05 13:46:00,This will be use for my architectural thesis study,SUCCESSFUL,https://www.foi.gov.ph/agencies/pnp/crime-related-death/,LEA,Q1,successful,124,104,1.1923076923076923
PNP-923161779887,Nationwide Crime Statistics 2024,Philippine National Police(PNP),pnp,2025-01-05 13:53:00,This will be use for my architectural thesis stduy,SUCCESSFUL,https://www.foi.gov.ph/agencies/pnp/nationwide-crime-statistics-2024/,LEA,Q1,successful,124,104,1.1923076923076923
PNP-194013959169,Election hotpots 2025,Philippine National Police(PNP),pnp,2025-01-05 20:49:00,"The information is intended to be used in finalizing the guidelines for underwriting politically exposed persons before, during, and after the elections.",DENIED,https://www.foi.gov.ph/agencies/pnp/election-hotpots-2025/,LEA,Q1,unsuccessful,124,104,1.1923076923076923
PSAU-081275619668,Thesis Manuscript and Inventory List,Pampanga State Agricultural University(PSAU),psau,2025-01-05 21:51:00,Undergraduate Thesis,SUCCESSFUL,https://www.foi.gov.ph/agencies/psau/thesis-manuscript-and-inventory-list/,SUC,Q1,successful,150,131,1.1450381679389312
DOH-161244329264,statistics,Department of Health(DOH),doh,2025-01-05 23:43:00,benchmarking for my healthcare institution ],DENIED,https://www.foi.gov.ph/agencies/doh/statistics-doh-161244329264/,NGA,Q1,unsuccessful,3956,97,40.78350515463917
PAGCOR-931977840489,unnumbered DOJ Legal Opinion on E-Sabong,Philippine Amusement and Gaming Corporation(PAGCOR),pagcor,2025-01-06 08:25:00,Research and reference,DENIED,https://www.foi.gov.ph/agencies/pagcor/unnumbered-doj-legal-opinion-on-e-sabong/,GOCC,Q1,unsuccessful,410,96,4.270833333333333
PUP-775335086278,how to reset my Online account,Polytechnic University of the Philippines(PUP),pup,2025-01-06 19:07:00,Reset my Online Account,SUCCESSFUL,https://www.foi.gov.ph/agencies/pup/how-to-reset-my-online-account/,SUC,Q1,successful,150,131,1.1450381679389312
DENRFMB-421008751267,Request for Historical Forest Fire Data in the Philippines (2015–2024),Forest Management Bureau(DENRFMB),denrfmb,2025-01-06 22:42:00,For Academic Research,SUCCESSFUL,https://www.foi.gov.ph/agencies/denrfmb/request-for-historical-forest-fire-data-in-the-philippines-20152024-denrfmb-421008751267/,NGA,Q1,successful,3956,97,40.78350515463917
PNP-677112408273,"PNP Physical Agility test, Physical Fitness, or PNP Dozen Manual.",Philippine National Police(PNP),pnp,2025-01-07 11:44:00,"Academics, Physical Fitness and Health.",DENIED,https://www.foi.gov.ph/agencies/pnp/pnp-physical-agility-test-physical-fitness-or-pnp-dozen-manual/,LEA,Q1,unsuccessful,124,104,1.1923076923076923
DOH-958324611199,Booster Record,Department of Health(DOH),doh,2025-01-07 14:53:00,Employment,SUCCESSFUL,https://www.foi.gov.ph/agencies/doh/booster-record-doh-958324611199/,NGA,Q1,successful,3956,97,40.78350515463917
PUP-547771855714,Enrollment Statistics (BSE),Polytechnic University of the Philippines(PUP),pup,2025-01-07 15:05:00,University Recruitment,SUCCESSFUL,https://www.foi.gov.ph/agencies/pup/enrollment-statistics-bse/,SUC,Q1,successful,150,131,1.1450381679389312
SBMA-693703939152,Resolution No. 10-05-3646 dated 20 May 2010,Subic Bay Metropolitan Authority(SBMA),sbma,2025-01-08 09:27:00,Evidence in Court,SUCCESSFUL,https://www.foi.gov.ph/agencies/sbma/resolution-no-10-05-3646-dated-20-may-2010/,GOCC,Q1,successful,410,96,4.270833333333333
NLRCom-860843660497,List of All Incumbent Labor Arbiters and their Current Assignments,National Labor Relations Commission(NLRCom),nlrcom,2025-01-08 10:01:00,For request of NLRC Certificate of No Pending Case,SUCCESSFUL,https://www.foi.gov.ph/agencies/nlrcom/list-of-all-incumbent-labor-arbiters-and-their-current-assignments-nlrcom-860843660497/,NGA,Q1,successful,3956,97,40.78350515463917
ASTI-267870926537,Cagayan De Oro River Basin Rainfall and Water Level Data,Advanced Science and Technology Institute(ASTI),asti,2025-01-08 13:56:00,Undergraduate Thesis,SUCCESSFUL,https://www.foi.gov.ph/agencies/asti/cagayan-de-oro-river-basin-rainfall-and-water-level-data/,NGA,Q1,successful,3956,97,40.78350515463917
DPWH-834098939706,Complete set plan request for a 2 storey building/ house,Department of Public Works and Highways(DPWH),dpwh,2025-01-08 14:07:00,For teem project in Reinforced Concrete Design,DENIED,https://www.foi.gov.ph/agencies/dpwh/complete-set-plan-request-for-a-2-storey-building-house/,NGA,Q1,unsuccessful,3956,97,40.78350515463917
PNP-728008560527,"Current number/statistics of abandoned and neglected elders, orphaned children, and abused women in Butuan City, ADN, Philippines",Philippine National Police(PNP),pnp,2025-01-08 15:45:00,Research and Development,PARTIALLY SUCCESSFUL,https://www.foi.gov.ph/agencies/pnp/current-numberstatistics-of-abandoned-and-neglected-elders-orphaned-children-and-abused-women-in-butuan-city-adn-philippines/,LEA,Q1,partially successful,124,104,1.1923076923076923
DSWD-699653991822,List of Orphanages in QC,Department of Social Welfare and Development(DSWD),dswd,2025-01-09 00:10:00,Research for Academe and Capacity Building project,SUCCESSFUL,https://www.foi.gov.ph/agencies/dswd/list-of-orphanages-in-qc/,NGA,Q1,successful,3956,97,40.78350515463917
BAI-583691720615,BAI Administrative Order No. 01 Series of 2007,Bureau of Animal Industry(BAI),bai,2025-01-09 15:37:00,Personal Reference,PENDING,https://www.foi.gov.ph/agencies/bai/bai-administrative-order-no-01-series-of-2007/,NGA,Q1,open,3956,97,40.78350515463917
PICC-965876203636,FLCD,Philippine International Convention Center(PICC),picc,2025-01-11 14:59:00,Academic Purposes only,PENDING,https://www.foi.gov.ph/agencies/picc/flcd-picc-965876203636/,GOCC,Q1,open,410,96,4.270833333333333
DENRLMB-637549047088,Bureau of Forest Development Map LC-2848,Land Management Bureau(DENRLMB),denrlmb,2025-01-11 22:26:00,Research Purposes,SUCCESSFUL,https://www.foi.gov.ph/agencies/denrlmb/bureau-of-forest-development-map-lc-2848-denrlmb-637549047088/,NGA,Q1,successful,3956,97,40.78350515463917
DOH-404998008467,"Monthly Incidence of Leptospirosis Cases in Dagupan City, Pangasinan",Department of Health(DOH),doh,2025-01-11 22:27:00,Undergraduate Thesis,SUCCESSFUL,https://www.foi.gov.ph/agencies/doh/monthly-incidence-of-leptospirosis-cases-in-dagupan-city-pangasinan/,NGA,Q1,successful,3956,97,40.78350515463917
MIAA-349362422973,VIP-Only Arrivals Curbside at Terminal 1,Manila International Airport Authority(MIAA),miaa,2025-01-11 23:53:00,Research and documentation for Wikipedia,SUCCESSFUL,https://www.foi.gov.ph/agencies/miaa/vip-only-arrivals-curbside-at-terminal-1/,GOCC,Q1,successful,410,96,4.270833333333333
USAP-787959807036,Thesis Healthcenter-Pasig,"City of Pasig, NCR(USAP)",usap,2025-01-13 00:45:00,Architectural Thesis,SUCCESSFUL,https://www.foi.gov.ph/agencies/usap/thesis-healthcenter-pasig/,LGU,Q1,successful,44,44,1.0
DOE-456067953525,Aviation jet fuel demand from 2018 to present,Department of Energy(DOE),doe,2025-01-13 08:24:00,Research and development,CLOSED,https://www.foi.gov.ph/agencies/doe/aviation-jet-fuel-demand-from-2018-to-present/,NGA,Q1,unsuccessful,3956,97,40.78350515463917
BATSU-835479083031,BATSU Data - Alangilan,Batangas State University(BATSU),batsu,2025-01-13 10:35:00,research and study,SUCCESSFUL,https://www.foi.gov.ph/agencies/batsu/batsu-data-alangilan/,SUC,Q1,successful,150,131,1.1450381679389312
BATSU-758346031476,BATSU - Lipa,Batangas State University(BATSU),batsu,2025-01-13 10:35:00,Research and study,SUCCESSFUL,https://www.foi.gov.ph/agencies/batsu/batsu-lipa/,SUC,Q1,successful,150,131,1.1450381679389312
BATSU-415381142842,BATSU - Malvar,Batangas State University(BATSU),batsu,2025-01-13 10:36:00,research and study,SUCCESSFUL,https://www.foi.gov.ph/agencies/batsu/batsu-malvar/,SUC,Q1,successful,150,131,1.1450381679389312
BATSU-525397729107,BATSU - Nasugbu,Batangas State University(BATSU),batsu,2025-01-13 10:37:00,research and study,SUCCESSFUL,https://www.foi.gov.ph/agencies/batsu/batsu-nasugbu/,SUC,Q1,successful,150,131,1.1450381679389312
TPB-912157968371,Number of Concerts and events in the Philippines,Tourism Promotions Board Philippines(TPB),tpb,2025-01-13 10:52:00,Market Study,PENDING,https://www.foi.gov.ph/agencies/tpb/number-of-concerts-and-events-in-the-philippines/,GOCC,Q1,open,410,96,4.270833333333333
CCP-191736856936,Number of concerts and events,Cultural Center of the Philippines(CCP),ccp,2025-01-13 11:00:00,Market Study,SUCCESSFUL,https://www.foi.gov.ph/agencies/ccp/number-of-concerts-and-events/,GOCC,Q1,successful,410,96,4.270833333333333
NEA-341236340264,Request for EC System Map,National Electrification Administration(NEA),nea,2025-01-13 11:43:00,For market research,SUCCESSFUL,https://www.foi.gov.ph/agencies/nea/request-for-ec-system-map/,GOCC,Q1,successful,410,96,4.270833333333333
SJWD-816716268814,"Water Consumption, Water Demand, & Water Rate of Beach Resorts in San Juan, Batangas (2019-2024)",San Juan Water District(SJWD),sjwd,2025-01-13 12:21:00,Architectural Thesis,SUCCESSFUL,https://www.foi.gov.ph/agencies/sjwd/water-consumption-water-demand-water-rate-of-beach-resorts-in-san-juan-batangas-2019-2024-sjwd-816716268814/,WATER-DISTRICT,Q1,successful,17,17,1.0
USEP-587143186265,Certified copy of the  Board Resolution No. 58 and Board Resolution No. 75 series of 2019.,University of Southeastern Philippines(USEP),usep,2025-01-13 13:20:00,For my reference.,SUCCESSFUL,https://www.foi.gov.ph/agencies/usep/certified-copy-of-the-board-resolution-no-58-and-board-resolution-no-75-series-of-2019/,SUC,Q1,successful,150,131,1.1450381679389312
SSS-493323602763,0438401640,Social Security System(SSS),sss,2025-01-14 08:50:00,employment,DENIED,https://www.foi.gov.ph/agencies/sss/0438401640/,GOCC,Q1,unsuccessful,410,96,4.270833333333333
PNP-248604871750,PRO CAR CY 2024 CIRAS DATA,Philippine National Police(PNP),pnp,2025-01-14 10:41:00,2024 ANNUAL REGIONAL CRIME ASSESSMENT REPORT,SUCCESSFUL,https://www.foi.gov.ph/agencies/pnp/pro-car-cy-2024-ciras-data/,LEA,Q1,successful,124,104,1.1923076923076923
LTFRB-604032460182,Confirmation of Franchise,Land Transportation Franchising and Regulatory Board(LTFRB),ltfrb,2025-01-14 11:51:00,Renewal of registration of a truck for hire unit,SUCCESSFUL,https://www.foi.gov.ph/agencies/ltfrb/confirmation-of-franchise-ltfrb-604032460182/,NGA,Q1,successful,3956,97,40.78350515463917
DAR-038542676577,List of Agrarian Reform Beneficiaries in Tabaco Albay,Department of Agrarian Reform(DAR),dar,2025-01-14 13:16:00,For personal use locating my grandparents rice land,CLOSED,https://www.foi.gov.ph/agencies/dar/list-of-agrarian-reform-beneficiaries-in-tabaco-albay/,NGA,Q1,unsuccessful,3956,97,40.78350515463917
PNP-433261374364,Number of licensed security agencies and personnel per region,Philippine National Police(PNP),pnp,2025-01-14 16:01:00,Research and Development,SUCCESSFUL,https://www.foi.gov.ph/agencies/pnp/number-of-licensed-security-agencies-and-personnel-per-region/,LEA,Q1,successful,124,104,1.1923076923076923
DPWH-057908018540,Request for Visualization of Butuan river park,Department of Public Works and Highways(DPWH),dpwh,2025-01-14 18:53:00,For Academic Research/Thesis,SUCCESSFUL,https://www.foi.gov.ph/agencies/dpwh/request-for-visualization-of-butuan-river-park/,NGA,Q1,successful,3956,97,40.78350515463917
GSIS-101239564214,Record of Contribution,Government Service Insurance System(GSIS),gsis,2025-01-14 21:37:00,for a Visa Application to be submitted to match my Income Tax Record.,SUCCESSFUL,https://www.foi.gov.ph/agencies/gsis/record-of-contribution/,GOCC,Q1,successful,410,96,4.270833333333333
USEP-449584803972,Enrollment Statistics,University of Southeastern Philippines(USEP),usep,2025-01-15 08:15:00,University Recruitment,SUCCESSFUL,https://www.foi.gov.ph/agencies/usep/enrollment-statistics-usep-449584803972/,SUC,Q1,successful,150,131,1.1450381679389312
DENRBMB-470212654131,FLora and Fauna of Jamboree Lake,Biodiversity Management Bureau(DENRBMB),denrbmb,2025-01-15 08:52:00,data gathering for architectural thesis,DENIED,https://www.foi.gov.ph/agencies/denrbmb/flora-and-fauna-of-jamboree-lake-denrbmb-470212654131/,NGA,Q1,unsuccessful,3956,97,40.78350515463917
DOH-404655155152,Number of COVID-19 cases and Vaccinated Individuals from 2020-2024,Department of Health(DOH),doh,2025-01-15 15:08:00,Undergraduate thesis data,SUCCESSFUL,https://www.foi.gov.ph/agencies/doh/number-of-covid-19-cases-and-vaccinated-individuals-from-2020-2024/,NGA,Q1,successful,3956,97,40.78350515463917
PEZA-245169579141,Needed data for Architectural Capstone proposing a BPO Hub outside Metro Manila,Philippine Economic Zone Authority(PEZA),peza,2025-01-15 18:43:00,Architectural Capstone,PENDING,https://www.foi.gov.ph/agencies/peza/needed-data-for-architectural-capstone-proposing-a-bpo-hub-outside-metro-manila/,GOCC,Q1,open,410,96,4.270833333333333
DSWD-051426636192,"Nursing homes, Care Facility, and Home for the Aged.",Department of Social Welfare and Development(DSWD),dswd,2025-01-15 19:22:00,Research / Thesis Writing,SUCCESSFUL,https://www.foi.gov.ph/agencies/dswd/nursing-homes-care-facility-and-home-for-the-aged/,NGA,Q1,successful,3956,97,40.78350515463917
DepEd-707313290402,Student Enrollement Inquiry,Department of Education(DepEd),deped,2025-01-16 01:38:00,We are using this student enrollment data for an internal research study.,SUCCESSFUL,https://www.foi.gov.ph/agencies/deped/student-enrollement-inquiry/,NGA,Q1,successful,3956,97,40.78350515463917
PNPDIDM-495886900887,Crime Rate,Philippine National Police - Directorate for Investigation and Detective Management(PNPDIDM),pnpdidm,2025-01-16 11:50:00,For Security Analysis,CLOSED,https://www.foi.gov.ph/agencies/pnpdidm/crime-rate-pnpdidm-495886900887/,LEA,Q1,unsuccessful,124,104,1.1923076923076923
PNP-563305059095,Thesis Data Request,Philippine National Police(PNP),pnp,2025-01-16 11:55:00,Research Paper Data,DENIED,https://www.foi.gov.ph/agencies/pnp/thesis-data-request-pnp-563305059095/,LEA,Q1,unsuccessful,124,104,1.1923076923076923
PEZA-128605543393,PEZA Latest Locators,Philippine Economic Zone Authority(PEZA),peza,2025-01-16 15:30:00,Research and development,PENDING,https://www.foi.gov.ph/agencies/peza/peza-latest-locators/,GOCC,Q1,open,410,96,4.270833333333333
PNPDIDM-563400009147,Statistical Data of CICL and CAR in Region IV-A,Philippine National Police - Directorate for Investigation and Detective Management(PNPDIDM),pnpdidm,2025-01-16 21:36:00,Undergraduate Architectural Thesis,DENIED,https://www.foi.gov.ph/agencies/pnpdidm/statistical-data-of-cicl-and-car-in-region-iv-a-pnpdidm-563400009147/,LEA,Q1,unsuccessful,124,104,1.1923076923076923
PNP-422924705506,VAWC Cases from 2014 to 2024,Philippine National Police(PNP),pnp,2025-01-17 16:15:00,Research and Development,DENIED,https://www.foi.gov.ph/agencies/pnp/vawc-cases-from-2014-to-2024/,LEA,Q1,unsuccessful,124,104,1.1923076923076923
MARINA-300640360937,blacklisted seafarers,Maritime Industry Authority(MARINA),marina,2025-01-17 16:42:00,background check,DENIED,https://www.foi.gov.ph/agencies/marina/blacklisted-seafarers/,NGA,Q1,unsuccessful,3956,97,40.78350515463917
PCA-190034643353,Number of Small Coconut Farmers in Quezon,Philippine Coconut Authority(PCA),pca,2025-01-18 12:45:00,Research and Development,PROCESSING,https://www.foi.gov.ph/agencies/pca/number-of-small-coconut-farmers-in-quezon/,GOCC,Q1,open,410,96,4.270833333333333
DOH-951280750929,Theoretical Client,Department of Health(DOH),doh,2025-01-19 20:20:00,Defense presentation,DENIED,https://www.foi.gov.ph/agencies/doh/theoretical-client/,NGA,Q1,unsuccessful,3956,97,40.78350515463917
USAP-490123844055,Legal Documents for Countryside Multipurpose Building,"City of Pasig, NCR(USAP)",usap,2025-01-20 10:31:00,"As resident adjacent to the said building, we deserve to know if the construction of the said building has been compliant and have legal papers as we are taxpayers and directly affected by this.",SUCCESSFUL,https://www.foi.gov.ph/agencies/usap/legal-documents-for-countryside-multipurpose-building/,LGU,Q1,successful,44,44,1.0
MGB-100954712561,"Geohazard data in San Narciso, Zambales",Mines and Geosciences Bureau(MGB),mgb,2025-01-20 11:28:00,"For updating the Climate and Disaster Risk Assessment of San Narciso, Zambales",SUCCESSFUL,https://www.foi.gov.ph/agencies/mgb/geohazard-data-in-san-narciso-zambales/,NGA,Q1,successful,3956,97,40.78350515463917
FOIPMO-663415192273,Efficiency of Using eFOI,Freedom of Information Program Management Office(FOIPMO),foipmo,2025-01-20 21:16:00,Research/ Thesis,CLOSED,https://www.foi.gov.ph/agencies/foipmo/efficiency-of-using-efoi/,NGA,Q1,unsuccessful,3956,97,40.78350515463917
PNP-853355153390,Number of Crimes Related to Physical and Sexual Violence Against Women per Municipalities in Cavite,Philippine National Police(PNP),pnp,2025-01-21 08:44:00,Undergraduate Thesis,SUCCESSFUL,https://www.foi.gov.ph/agencies/pnp/number-of-crimes-related-to-physical-and-sexual-violence-against-women-per-municipalities-in-cavite/,LEA,Q1,successful,124,104,1.1923076923076923
GSIS-633795844294,BP number of gsis account,Government Service Insurance System(GSIS),gsis,2025-01-21 13:23:00,for signing in a gsis touch app,SUCCESSFUL,https://www.foi.gov.ph/agencies/gsis/bp-number-of-gsis-account/,GOCC,Q1,successful,410,96,4.270833333333333
SSS-156841705338,Resetting Account,Social Security System(SSS),sss,2025-01-22 09:46:00,Resetting Account,CLOSED,https://www.foi.gov.ph/agencies/sss/resetting-account/,GOCC,Q1,unsuccessful,410,96,4.270833333333333
PUP-102790655408,"enrollment breakdown of students by course, sex, year level, and number of block sections",Polytechnic University of the Philippines(PUP),pup,2025-01-22 10:55:00,Masters Thesis,SUCCESSFUL,https://www.foi.gov.ph/agencies/pup/enrollment-breakdown-of-students-by-course-sex-year-level-and-number-of-block-sections/,SUC,Q1,successful,150,131,1.1450381679389312
PPA-689798605447,The number of local cruise ships,Philippine Ports Authority(PPA),ppa,2025-01-22 13:22:00,Market research,REFERRED,https://www.foi.gov.ph/agencies/ppa/the-number-of-local-cruise-ships/,GOCC,Q1,referred,410,96,4.270833333333333
PLGUB-762320368387,"Internal Rules of Procedure of the Sangguniang Bayan of Kabayan, Benguet","Province of Benguet, CAR(PLGUB)",plgub,2025-01-22 14:10:00,Research and Development,DENIED,https://www.foi.gov.ph/agencies/plgub/internal-rules-of-procedure-of-the-sangguniang-bayan-of-kabayan-benguet/,LGU,Q1,unsuccessful,44,44,1.0
PNP-549366482380,Incident Report at Lala Municipal Police Station. Entry No: 2025-01-07T,Philippine National Police(PNP),pnp,2025-01-22 15:37:00,Insurace claim,SUCCESSFUL,https://www.foi.gov.ph/agencies/pnp/incident-report-at-lala-municipal-police-station-entry-no-2025-01-07t/,LEA,Q1,successful,124,104,1.1923076923076923
NFA-402626319970,"List of Registered Rice Millers/Traders in Region XII as of December 31, 2024",National Food Authority(NFA),nfa,2025-01-22 16:00:00,For validation purposes,SUCCESSFUL,https://www.foi.gov.ph/agencies/nfa/list-of-registered-rice-millerstraders-in-region-xii-as-of-december-31-2024-nfa-402626319970/,GOCC,Q1,successful,410,96,4.270833333333333
PCA-245186257695,Supply and Demand Data for CME and Glycerol,Philippine Coconut Authority(PCA),pca,2025-01-22 17:54:00,Plant Design,PROCESSING,https://www.foi.gov.ph/agencies/pca/supply-and-demand-data-for-cme-and-glycerol-pca-245186257695/,GOCC,Q1,open,410,96,4.270833333333333
PNPDRD-231651850165,Case of domestic abuse to women from 2018 to 2023,Philippine National Police - Directorate for Research and Development(PNPDRD),pnpdrd,2025-01-22 18:18:00,Research/Undergraduate Thesis,DENIED,https://www.foi.gov.ph/agencies/pnpdrd/case-of-domestic-abuse-to-women-from-2018-to-2023-pnpdrd-231651850165/,LEA,Q1,unsuccessful,124,104,1.1923076923076923
PNPDL-640695249026,Total Filed Report Cases of PHISHING SCAM in REGION IV-A(2020-2025),Philippine National Police - Directorate for Logistics(PNPDL),pnpdl,2025-01-22 18:25:00,SCHOOL RESEARCH,DENIED,https://www.foi.gov.ph/agencies/pnpdl/total-filed-report-cases-of-phishing-scam-in-region-iv-a2020-2025/,LEA,Q1,unsuccessful,124,104,1.1923076923076923
DOH-852160498371,Aimee Grace Bantugan Vaccine Card,Department of Health(DOH),doh,2025-01-22 18:35:00,I need it for my work employment,SUCCESSFUL,https://www.foi.gov.ph/agencies/doh/aimee-grace-bantugan-vaccine-card/,NGA,Q1,successful,3956,97,40.78350515463917
DOH-739782456543,DOH-RENAL DISEASE CONTROL PROGRAM,Department of Health(DOH),doh,2025-01-22 19:05:00,Thesis proposal,CLOSED,https://www.foi.gov.ph/agencies/doh/doh-renal-disease-control-program/,NGA,Q1,unsuccessful,3956,97,40.78350515463917
PSA-460583548027,"Amount of Poly(lactic) acid commodity flow, export, and import",Philippine Statistics Authority(PSA),psa,2025-01-22 20:37:00,Market Study for Plant Design,PARTIALLY SUCCESSFUL,https://www.foi.gov.ph/agencies/psa/amount-of-polylactic-acid-commodity-flow-export-and-import/,NGA,Q1,partially successful,3956,97,40.78350515463917
CAAP-675629677895,DATAS FOR BUTUAN CITY AIRPORT,Civil Aviation Authority of the Philippines(CAAP),caap,2025-01-23 07:04:00,Architectural Design Research,SUCCESSFUL,https://www.foi.gov.ph/agencies/caap/datas-for-butuan-city-airport/,GOCC,Q1,successful,410,96,4.270833333333333
PNP-583227625788,LIST OF WANTED PERSON IN BOGO CITY CEBU,Philippine National Police(PNP),pnp,2025-01-23 10:47:00,To be informed and for research,DENIED,https://www.foi.gov.ph/agencies/pnp/list-of-wanted-person-in-bogo-city-cebu/,LEA,Q1,unsuccessful,124,104,1.1923076923076923
GSIS-447706359841,business partner number,Government Service Insurance System(GSIS),gsis,2025-01-23 11:24:00,gsis touch app signing in requirements,SUCCESSFUL,https://www.foi.gov.ph/agencies/gsis/business-partner-number-gsis-447706359841/,GOCC,Q1,successful,410,96,4.270833333333333
NTC-061970403306,Tracking Lost device,National Telecommunications Commission(NTC),ntc,2025-01-23 13:56:00,Tracking location of my Lost device,SUCCESSFUL,https://www.foi.gov.ph/agencies/ntc/tracking-lost-device/,NGA,Q1,successful,3956,97,40.78350515463917
BATSU-287428644013,Requesting GAD policies,Batangas State University(BATSU),batsu,2025-01-23 15:47:00,This study aims to create a framework design for GEDSI that is aligned with the higher education context.,SUCCESSFUL,https://www.foi.gov.ph/agencies/batsu/requesting-gad-policies/,SUC,Q1,successful,150,131,1.1450381679389312
UPD-159270800480,Requesting GAD Policies,University of the Philippines Diliman(UPD),upd,2025-01-23 15:55:00,This study aims to revisit GEDSI issues to propose a GEDSI framework aligned with the context of higher education.,DENIED,https://www.foi.gov.ph/agencies/upd/requesting-gad-policies-upd-159270800480/,SUC,Q1,unsuccessful,150,131,1.1450381679389312
TSU-993566176637,Requesting GAD policies,Tarlac State University(TSU),tsu,2025-01-23 15:58:00,This study aims to revisit GEDSI issues to propose a GEDSI framework aligned with the context of higher education.,SUCCESSFUL,https://www.foi.gov.ph/agencies/tsu/requesting-gad-policies-tsu-993566176637/,SUC,Q1,successful,150,131,1.1450381679389312
MMSU-041231828546,Requesting GAD Policies,Mariano Marcos State University(MMSU),mmsu,2025-01-23 16:07:00,The study aims to revisit GEDSI issues to propose a GEDSI framework aligned with the context of higher education.,PENDING,https://www.foi.gov.ph/agencies/mmsu/requesting-gad-policies-mmsu-041231828546/,SUC,Q1,open,150,131,1.1450381679389312
CNU-491248626404,Requesting GAD Policies,Cebu Normal University(CNU),cnu,2025-01-23 16:14:00,This study aims to revisit GEDSI issues to propose a GEDSI framework aligned with the context of higher education.,SUCCESSFUL,https://www.foi.gov.ph/agencies/cnu/requesting-gad-policies-cnu-491248626404/,SUC,Q1,successful,150,131,1.1450381679389312
CTU-484786926173,Requesting GAD Policies,Cebu Technological University(CTU),ctu,2025-01-23 16:17:00,The study aims to revisit GEDSI issues to propose a GEDSI framework with the context of higher education.,PENDING,https://www.foi.gov.ph/agencies/ctu/requesting-gad-policies-ctu-484786926173/,SUC,Q1,open,150,131,1.1450381679389312
PNP-860287480702,"Number of Recorded Elder Abuse Cases (e.g. abandoned, neglect, theft, etc.)",Philippine National Police(PNP),pnp,2025-01-23 21:20:00,Research Study/Thesis for Graduate Studies,SUCCESSFUL,https://www.foi.gov.ph/agencies/pnp/number-of-recorded-elder-abuse-cases-eg-abandoned-neglect-theft-etc/,LEA,Q1,successful,124,104,1.1923076923076923
PSA-393705517437,Exports of Goods and Services,Philippine Statistics Authority(PSA),psa,2025-01-24 08:59:00,Undergraduate Thesis,PARTIALLY SUCCESSFUL,https://www.foi.gov.ph/agencies/psa/exports-of-goods-and-services/,NGA,Q1,partially successful,3956,97,40.78350515463917
PNP-834268380928,10012357,Philippine National Police(PNP),pnp,2025-01-24 12:07:00,Thesis paper,PARTIALLY SUCCESSFUL,https://www.foi.gov.ph/agencies/pnp/10012357/,LEA,Q1,partially successful,124,104,1.1923076923076923
UPD-518087117545,Law Establishing Land Transportation Office of Iligan,University of the Philippines Diliman(UPD),upd,2025-01-24 12:12:00,For personal reading.,DENIED,https://www.foi.gov.ph/agencies/upd/law-establishing-land-transportation-office-of-iligan/,SUC,Q1,unsuccessful,150,131,1.1450381679389312
PNPDIDM-539736491604,Data for CAR cases,Philippine National Police - Directorate for Investigation and Detective Management(PNPDIDM),pnpdidm,2025-01-24 13:37:00,Research and Development,CLOSED,https://www.foi.gov.ph/agencies/pnpdidm/data-for-car-cases-pnpdidm-539736491604/,LEA,Q1,unsuccessful,124,104,1.1923076923076923
PNPDIDM-989706710203,DATA of CAR in BULACAN,Philippine National Police - Directorate for Investigation and Detective Management(PNPDIDM),pnpdidm,2025-01-24 13:39:00,Research and Development,CLOSED,https://www.foi.gov.ph/agencies/pnpdidm/data-of-car-in-bulacan-pnpdidm-989706710203/,LEA,Q1,unsuccessful,124,104,1.1923076923076923
UPPGH-259301813594,Data on Medical Social Service Grant Applications (2018-2023) for children who experienced unintentional injuries,University of the Philippines - Philippine General Hospital(UPPGH),uppgh,2025-01-24 13:43:00,Thesis/Research,CLOSED,https://www.foi.gov.ph/agencies/uppgh/data-on-medical-social-service-grant-applications-2018-2023-for-children-who-experienced-unintentional-injuries/,SUC,Q1,unsuccessful,150,131,1.1450381679389312
PCW-124161661816,violence against women,Philippine Commission on Women(PCW),pcw,2025-01-24 16:29:00,Research and development,SUCCESSFUL,https://www.foi.gov.ph/agencies/pcw/violence-against-women-pcw-124161661816/,NGA,Q1,successful,3956,97,40.78350515463917
DPWH-793960355034,Projects under my name as Contractor's Materials Engineer,Department of Public Works and Highways(DPWH),dpwh,2025-01-24 18:12:00,For filing and verification,SUCCESSFUL,https://www.foi.gov.ph/agencies/dpwh/projects-under-my-name-as-contractors-materials-engineer/,NGA,Q1,successful,3956,97,40.78350515463917
ASCOT-685264166025,BSED major in Sciences Information,Aurora State College of Technology(ASCOT),ascot,2025-01-25 09:51:00,Dissertation,SUCCESSFUL,https://www.foi.gov.ph/agencies/ascot/bsed-major-in-sciences-information/,SUC,Q1,successful,150,131,1.1450381679389312
BASC-556099799899,BSED major in Sciences Information,Bulacan Agricultural State College(BASC),basc,2025-01-25 10:05:00,Dissertation,SUCCESSFUL,https://www.foi.gov.ph/agencies/basc/bsed-major-in-sciences-information-basc-556099799899/,SUC,Q1,successful,150,131,1.1450381679389312
BPSU-974139849096,BSED major in Sciences Information,Bataan Peninsula State University(BPSU),bpsu,2025-01-25 10:10:00,dissertation,SUCCESSFUL,https://www.foi.gov.ph/agencies/bpsu/bsed-major-in-sciences-information-bpsu-974139849096/,SUC,Q1,successful,150,131,1.1450381679389312
CLSU-148778635072,BSED major in Sciences information,Central Luzon State University(CLSU),clsu,2025-01-25 10:15:00,Dissertation,SUCCESSFUL,https://www.foi.gov.ph/agencies/clsu/bsed-major-in-sciences-information-clsu-148778635072/,SUC,Q1,successful,150,131,1.1450381679389312
NEUST-553009914894,BSED major in Sciences Information,Nueva Ecija University of Science and Technology(NEUST),neust,2025-01-25 10:20:00,Dissertation,SUCCESSFUL,https://www.foi.gov.ph/agencies/neust/bsed-major-in-sciences-information-neust-553009914894/,SUC,Q1,successful,150,131,1.1450381679389312
PSAU-904098277203,BSED major in Sciences Information,Pampanga State Agricultural University(PSAU),psau,2025-01-25 10:24:00,Dissertation,SUCCESSFUL,https://www.foi.gov.ph/agencies/psau/bsed-major-in-sciences-information-psau-904098277203/,SUC,Q1,successful,150,131,1.1450381679389312
PRMSU-504547408192,BSED SCIENCES Information,President Ramon Magsaysay State University(PRMSU),prmsu,2025-01-25 10:29:00,Dissertation,SUCCESSFUL,https://www.foi.gov.ph/agencies/prmsu/bsed-sciences-information/,SUC,Q1,successful,150,131,1.1450381679389312
TAU-157418816475,Data from BSED Sciences,Tarlac Agricultural University(TAU),tau,2025-01-25 10:34:00,Dissertation,SUCCESSFUL,https://www.foi.gov.ph/agencies/tau/data-from-bsed-sciences/,SUC,Q1,successful,150,131,1.1450381679389312
BULSU-405460258156,BSED major in Sciences Data,Bulacan State University(BULSU),bulsu,2025-01-25 10:54:00,Dissertation,SUCCESSFUL,https://www.foi.gov.ph/agencies/bulsu/bsed-major-in-sciences-data/,SUC,Q1,successful,150,131,1.1450381679389312
PNP-091537862238,"Total Strength of PNP personnel in City of San Fernando, Pampanga",Philippine National Police(PNP),pnp,2025-01-26 18:54:00,Research and Development,SUCCESSFUL,https://www.foi.gov.ph/agencies/pnp/total-strength-of-pnp-personnel-in-city-of-san-fernando-pampanga/,LEA,Q1,successful,124,104,1.1923076923076923
DCWD-764031390855,Structural Plans,Davao City Water District(DCWD),dcwd,2025-01-26 20:25:00,Academic Research,DENIED,https://www.foi.gov.ph/agencies/dcwd/structural-plans/,WATER-DISTRICT,Q1,unsuccessful,17,17,1.0
NKTI-995188402998,Legazpi City Kidney Treatment and Care Center through Humanistic Architecture - Architectural Thesis,National Kidney and Transplant Institute(NKTI),nkti,2025-01-27 09:05:00,Research and Development (Undergraduate Thesis),PARTIALLY SUCCESSFUL,https://www.foi.gov.ph/agencies/nkti/legazpi-city-kidney-treatment-and-care-center-through-humanistic-architecture-architectural-thesis/,GOCC,Q1,partially successful,410,96,4.270833333333333
IPOPHL-825641452848,Voter's List,Intellectual Property Office of the Philippines(IPOPHL),ipophl,2025-01-27 09:38:00,For Reference and for checking personal records,PENDING,https://www.foi.gov.ph/agencies/ipophl/voters-list/,GOCC,Q1,open,410,96,4.270833333333333
VSU-508793589831,SPMS,Visayas State University(VSU),vsu,2025-01-27 10:51:00,Research purposes,SUCCESSFUL,https://www.foi.gov.ph/agencies/vsu/spms/,SUC,Q1,successful,150,131,1.1450381679389312
SSS-801671337987,SSS account online,Social Security System(SSS),sss,2025-01-27 11:29:00,to easy access and for employment,DENIED,https://www.foi.gov.ph/agencies/sss/sss-account-online-sss-801671337987/,GOCC,Q1,unsuccessful,410,96,4.270833333333333
VSU-106187739514,Legal Basis for VITA integration,Visayas State University(VSU),vsu,2025-01-27 11:32:00,Research purposes,SUCCESSFUL,https://www.foi.gov.ph/agencies/vsu/legal-basis-for-vita-integration/,SUC,Q1,successful,150,131,1.1450381679389312
SrSC-296739392982,Pili Research,Sorsogon State University(SrSC),srsc,2025-01-27 13:45:00,Architectural Thesis,SUCCESSFUL,https://www.foi.gov.ph/agencies/srsc/pili-research/,SUC,Q1,successful,150,131,1.1450381679389312
BU-487765269836,Pili Data,Bicol University(BU),bu,2025-01-27 13:50:00,Architectural Thesis,DENIED,https://www.foi.gov.ph/agencies/bu/pili-data/,SUC,Q1,unsuccessful,150,131,1.1450381679389312
CBSUA-012139175554,Pili Data,Central Bicol State University of Agriculture(CBSUA),cbsua,2025-01-27 13:53:00,Architectural Thesis,SUCCESSFUL,https://www.foi.gov.ph/agencies/cbsua/pili-data-cbsua-012139175554/,SUC,Q1,successful,150,131,1.1450381679389312
DCWD-054861604596,Structural plans for water tank,Davao City Water District(DCWD),dcwd,2025-01-27 14:47:00,Academic Research,DENIED,https://www.foi.gov.ph/agencies/dcwd/structural-plans-for-water-tank-dcwd-054861604596/,WATER-DISTRICT,Q1,unsuccessful,17,17,1.0
PEZA-842609410875,CAPSTONE REFERENCE PROJECT,Philippine Economic Zone Authority(PEZA),peza,2025-01-27 15:19:00,Academic Purposes,PENDING,https://www.foi.gov.ph/agencies/peza/capstone-reference-project/,GOCC,Q1,open,410,96,4.270833333333333
LCDFI-896232283365,Philippines,"LANDBANK Countryside Development Foundation, Inc.(LCDFI)",lcdfi,2025-01-28 00:27:00,Financials,PENDING,https://www.foi.gov.ph/agencies/lcdfi/philippines/,GOCC,Q1,open,410,96,4.270833333333333
PCA-028479084984,Coconut Agritourism Project,Philippine Coconut Authority(PCA),pca,2025-01-28 11:31:00,Capstone Thesis,PENDING,https://www.foi.gov.ph/agencies/pca/coconut-agritourism-project/,GOCC,Q1,open,410,96,4.270833333333333
BagWD-472438714604,Groundwater Data,Baguio Water District(BagWD),bagwd,2025-01-28 12:25:00,Research and Survey,DENIED,https://www.foi.gov.ph/agencies/bagwd/groundwater-data-bagwd-472438714604/,WATER-DISTRICT,Q1,unsuccessful,17,17,1.0
PNP-931430597015,Juvenile Delinquency cases in NCR,Philippine National Police(PNP),pnp,2025-01-28 14:50:00,Architectural Thesis,CLOSED,https://www.foi.gov.ph/agencies/pnp/juvenile-delinquency-cases-in-ncr/,LEA,Q1,unsuccessful,124,104,1.1923076923076923
PNP-174623448709,Crime Statistics Report,Philippine National Police(PNP),pnp,2025-01-28 15:50:00,Undergraduate thesis paper,SUCCESSFUL,https://www.foi.gov.ph/agencies/pnp/crime-statistics-report/,LEA,Q1,successful,124,104,1.1923076923076923
BIR-202017629202,Request for a soft copy of BIR 2316,Bureau of Internal Revenue(BIR),bir,2025-01-29 12:58:00,Employment,DENIED,https://www.foi.gov.ph/agencies/bir/request-for-a-soft-copy-of-bir-2316/,NGA,Q1,unsuccessful,3956,97,40.78350515463917
PPA-213729408572,ort Utilization Reports for Fish Landing Areas in Zambales,Philippine Ports Authority(PPA),ppa,2025-01-29 21:18:00,Thesis and Research Development,REFERRED,https://www.foi.gov.ph/agencies/ppa/ort-utilization-reports-for-fish-landing-areas-in-zambales/,GOCC,Q1,referred,410,96,4.270833333333333
PGLU-001277088823,"CLUP, CDP, ZONING MAP OF AGOO, LA UNION","Province of La Union, Region I(PGLU)",pglu,2025-01-30 12:05:00,Thesis Requirement,PENDING,https://www.foi.gov.ph/agencies/pglu/clup-cdp-zoning-map-of-agoo-la-union-pglu-001277088823/,LGU,Q1,open,44,44,1.0
UPPGH-550211487257,Request for Site Visit in UPPGH,University of the Philippines - Philippine General Hospital(UPPGH),uppgh,2025-01-30 12:49:00,For architectural thesis,CLOSED,https://www.foi.gov.ph/agencies/uppgh/request-for-site-visit-in-uppgh/,SUC,Q1,unsuccessful,150,131,1.1450381679389312
PGLU-451872052484,"CLUP, CDP, Zoning Map of Tubao, La Union","Province of La Union, Region I(PGLU)",pglu,2025-01-30 13:03:00,THESIS REQUIREMENT,PENDING,https://www.foi.gov.ph/agencies/pglu/clup-cdp-zoning-map-of-tubao-la-union/,LGU,Q1,open,44,44,1.0
PNP-544581260846,"Statistics/current population of abused women in Butuan City, ADN, Philippines, including age range and type of abuse (physical, sexual, psychological, economic)  Period Covered: 2023-2024",Philippine National Police(PNP),pnp,2025-01-30 18:10:00,Research and Development,SUCCESSFUL,https://www.foi.gov.ph/agencies/pnp/statisticscurrent-population-of-abused-women-in-butuan-city-adn-philippines-including-age-range-and-type-of-abuse-physical-sexual-psychological-economic-period-covered-2023-2024/,LEA,Q1,successful,124,104,1.1923076923076923
NKTI-124999117488,Request Permission to Conduct Tour,National Kidney and Transplant Institute(NKTI),nkti,2025-01-31 01:48:00,Thesis Writing,SUCCESSFUL,https://www.foi.gov.ph/agencies/nkti/request-permission-to-conduct-tour/,GOCC,Q1,successful,410,96,4.270833333333333
CEZA-395006554999,lmplementing Guidelines for the Registration of CEZA Enterprises,Cagayan Economic Zone Authority(CEZA),ceza,2025-01-31 10:47:00,Research purposes,SUCCESSFUL,https://www.foi.gov.ph/agencies/ceza/lmplementing-guidelines-for-the-registration-of-ceza-enterprises/,GOCC,Q1,successful,410,96,4.270833333333333
TWD-253904949597,Water Rates,Tagum Water District(TWD),twd,2025-01-31 14:29:00,Personal Reference,SUCCESSFUL,https://www.foi.gov.ph/agencies/twd/water-rates/,WATER-DISTRICT,Q1,successful,17,17,1.0
PNP-728652621555,Request Letter for Pertinent Documents,Philippine National Police(PNP),pnp,2025-01-31 15:13:00,For Investigation,DENIED,https://www.foi.gov.ph/agencies/pnp/request-letter-for-pertinent-documents/,LEA,Q1,unsuccessful,124,104,1.1923076923076923
NKTI-800425272856,Cases of Kidney Failure/Diseases in Metro Manila,National Kidney and Transplant Institute(NKTI),nkti,2025-01-31 16:08:00,Architectural Thesis Proposal,REFERRED,https://www.foi.gov.ph/en/agencies/nkti/cases-of-kidney-failurediseases-in-metro-manila/,GOCC,Q1,referred,410,96,4.270833333333333
PH-255202945784,COMPLAIN TO MY PREVIOUS EMPLOYER,PhilHealth(PH),ph,2025-01-31 16:51:00,to claim my philhealth contribution and file a legal action against my previous agency,CLOSED,https://www.foi.gov.ph/agencies/ph/complain-to-my-previous-employer-ph-255202945784/,GOCC,Q1,unsuccessful,410,96,4.270833333333333
PNP-759520282319,Recorded Crime Cases in Davao CIty from 2001-2024,Philippine National Police(PNP),pnp,2025-01-31 19:15:00,Academic Research and Study,SUCCESSFUL,https://www.foi.gov.ph/en/agencies/pnp/recorded-crime-cases-in-davao-city-from-2001-2024/,LEA,Q1,successful,124,104,1.1923076923076923
CSPC-570435680127,List of Thesis Title,Camarines Sur Polytechnic Colleges(CSPC),cspc,2025-02-02 10:07:00,Reference for Graduate School Applicaiton,SUCCESSFUL,https://www.foi.gov.ph/agencies/cspc/list-of-thesis-title-cspc-570435680127/,SUC,Q1,successful,150,131,1.1450381679389312
FNRI-115160854597,Result of 2023 NNS for Rizal Province,Food and Nutrition Research Institute(FNRI),fnri,2025-02-02 11:19:00,Undergraduate Thesis,CLOSED,https://www.foi.gov.ph/agencies/fnri/result-of-2023-nns-for-rizal-province/,NGA,Q1,unsuccessful,3956,97,40.78350515463917
DOH-991864548885,The number of Reported Cases of Dengue in Paranaque City,Department of Health(DOH),doh,2025-02-02 18:22:00,Research and Development,SUCCESSFUL,https://www.foi.gov.ph/agencies/doh/the-number-of-reported-cases-of-dengue-in-paranaque-city/,NGA,Q1,successful,3956,97,40.78350515463917
MARWADIS-233577033477,Groundwater Data,MARILAO WATER DISTRICT(MARWADIS),marwadis,2025-02-03 09:05:00,Undergraduate Thesis,PENDING,https://www.foi.gov.ph/agencies/marwadis/groundwater-data-marwadis-233577033477/,WATER-DISTRICT,Q1,open,17,17,1.0
CIC-452558308787,Credit Score Check (Loan),Credit Information Corporation(CIC),cic,2025-02-03 10:48:00,Personal credit score report check,DENIED,https://www.foi.gov.ph/agencies/cic/credit-score-check-loan/,GOCC,Q1,unsuccessful,410,96,4.270833333333333
CAAP-038778672070,Caap Approved Maintenance Organization,Civil Aviation Authority of the Philippines(CAAP),caap,2025-02-03 11:06:00,Research and Development,SUCCESSFUL,https://www.foi.gov.ph/agencies/caap/caap-approved-maintenance-organization/,GOCC,Q1,successful,410,96,4.270833333333333
PEZA-590866660298,Employee Count PEZA Laguna C26,Philippine Economic Zone Authority(PEZA),peza,2025-02-03 13:03:00,Master's Thesis Research,PENDING,https://www.foi.gov.ph/agencies/peza/employee-count-peza-laguna-c26/,GOCC,Q1,open,410,96,4.270833333333333
DBP-909190147347,Job Vacancies,Development Bank of the Philippines(DBP),dbp,2025-02-04 11:28:00,for personal use,SUCCESSFUL,https://www.foi.gov.ph/agencies/dbp/job-vacancies-dbp-909190147347/,GOCC,Q1,successful,410,96,4.270833333333333
ERC-311794269868,Electricity Prices,Energy Regulatory Commission(ERC),erc,2025-02-04 12:23:00,Research and Development,SUCCESSFUL,https://www.foi.gov.ph/agencies/erc/electricity-prices/,NGA,Q1,successful,3956,97,40.78350515463917
USAP-278532263892,Request for Pasig City Planning and Zoning Documents,"City of Pasig, NCR(USAP)",usap,2025-02-04 16:13:00,For Educational Research,SUCCESSFUL,https://www.foi.gov.ph/agencies/usap/request-for-pasig-city-planning-and-zoning-documents/,LGU,Q1,successful,44,44,1.0
CAGSU-003880233845,Thing to take into account when setting up LoRaWAN here in the philippines,Cagayan State University(CAGSU),cagsu,2025-02-05 08:01:00,Research and Development,PENDING,https://www.foi.gov.ph/agencies/cagsu/thing-to-take-into-account-when-setting-up-lorawan-here-in-the-philippines/,SUC,Q1,open,150,131,1.1450381679389312
PNP-996196256817,Blotter  Certificate,Philippine National Police(PNP),pnp,2025-02-05 10:31:00,Requirement for Securing New Passport,SUCCESSFUL,https://www.foi.gov.ph/agencies/pnp/blotter-certificate-pnp-996196256817/,LEA,Q1,successful,124,104,1.1923076923076923
PH-630535516569,Data on PhilHealth Membership (2014-2024),PhilHealth(PH),ph,2025-02-05 10:52:00,Health equity research project,PARTIALLY SUCCESSFUL,https://www.foi.gov.ph/agencies/ph/data-on-philhealth-membership-2014-2024/,GOCC,Q1,partially successful,410,96,4.270833333333333
PSA-453027101663,Number of Philhealth members per municipality in CALABARZON 2024,Philippine Statistics Authority(PSA),psa,2025-02-05 13:43:00,To be used for our thesis paper,PARTIALLY SUCCESSFUL,https://www.foi.gov.ph/agencies/psa/number-of-philhealth-members-per-municipality-in-calabarzon-2024/,NGA,Q1,partially successful,3956,97,40.78350515463917
PNP-772901807490,Juvenile Cases in Bohol,Philippine National Police(PNP),pnp,2025-02-05 15:16:00,Research Purposes,CLOSED,https://www.foi.gov.ph/agencies/pnp/juvenile-cases-in-bohol/,LEA,Q1,unsuccessful,124,104,1.1923076923076923
DOLE-412635067776,Halal and Non Halal Certified Accommodation in Davao City,Department of Labor and Employment(DOLE),dole,2025-02-05 19:00:00,For Thesis Paper,PARTIALLY SUCCESSFUL,https://www.foi.gov.ph/agencies/dole/halal-and-non-halal-certified-accommodation-in-davao-city/,NGA,Q1,partially successful,3956,97,40.78350515463917
DOTr-879245386680,"Traffic Light information in Santa Rosa City, Laguna",Department of Transportation(DOTr),dotr,2025-02-05 21:00:00,Academic Thesis,DENIED,https://www.foi.gov.ph/agencies/dotr/traffic-light-information-in-santa-rosa-city-laguna/,NGA,Q1,unsuccessful,3956,97,40.78350515463917
TANWD-521456205719,Water Table Level in Tanauan City,Tanauan Water District(TANWD),tanwd,2025-02-05 21:00:00,Undergraduate Thesis,PENDING,https://www.foi.gov.ph/agencies/tanwd/water-table-level-in-tanauan-city/,WATER-DISTRICT,Q1,open,17,17,1.0
BJMP-603228755728,Research data for jail facility,Bureau of Jail Management and Penology(BJMP),bjmp,2025-02-05 23:11:00,This research is intend to use for architectural thesis.,DENIED,https://www.foi.gov.ph/agencies/bjmp/research-data-for-jail-facility/,NGA,Q1,unsuccessful,3956,97,40.78350515463917
PNP-674452764063,Crime Statistics in Calabarzon,Philippine National Police(PNP),pnp,2025-02-06 01:03:00,Undergraduate Thesis,CLOSED,https://www.foi.gov.ph/agencies/pnp/crime-statistics-in-calabarzon/,LEA,Q1,unsuccessful,124,104,1.1923076923076923
FOIPMO-424300235791,"Number of ACTIVE , DELISTED and GRADUATED 4p's and MCCT benefeciary in Brgy.Dakit Bogo City Cebu from 2012 to 2018",Freedom of Information Program Management Office(FOIPMO),foipmo,2025-02-06 09:56:00,"Research , inquiries and for future complaints if any",DENIED,https://www.foi.gov.ph/agencies/foipmo/number-of-active-delisted-and-graduated-4ps-and-mcct-benefeciary-in-brgydakit-bogo-city-cebu-from-2012-to-2018/,NGA,Q1,unsuccessful,3956,97,40.78350515463917
PNP-225031286500,Implementing Rules and Regulation of R.A.. 11917 (The Private Security Services Industry Act),Philippine National Police(PNP),pnp,2025-02-06 15:39:00,Reference for academic undertaking,SUCCESSFUL,https://www.foi.gov.ph/agencies/pnp/implementing-rules-and-regulation-of-ra-11917-the-private-security-services-industry-act/,LEA,Q1,successful,124,104,1.1923076923076923
PNP-195289841558,09073997640,Philippine National Police(PNP),pnp,2025-02-06 19:16:00,Check my background,SUCCESSFUL,https://www.foi.gov.ph/agencies/pnp/09073997640/,LEA,Q1,successful,124,104,1.1923076923076923
PNP-072483925546,Research Study,Philippine National Police(PNP),pnp,2025-02-07 09:00:00,Research and Development,SUCCESSFUL,https://www.foi.gov.ph/agencies/pnp/research-study-pnp-072483925546/,LEA,Q1,successful,124,104,1.1923076923076923
PNPDPCR-713582565498,RESEARCH STUDY,Philippine National Police - Directorate for Police Community Relations(PNPDPCR),pnpdpcr,2025-02-07 09:04:00,Research and Development,SUCCESSFUL,https://www.foi.gov.ph/agencies/pnpdpcr/research-study-pnpdpcr-713582565498/,LEA,Q1,successful,124,104,1.1923076923076923
BCDA-330540018575,Request for the document(Comprehensive Land Use Plan of New Clark City,Bases Conversion and Development Authority(BCDA),bcda,2025-02-07 11:01:00,Research and Analysis,DENIED,https://www.foi.gov.ph/agencies/bcda/request-for-the-documentcomprehensive-land-use-plan-of-new-clark-city-bcda-330540018575/,GOCC,Q1,unsuccessful,410,96,4.270833333333333
MIAA-081709707396,Passenger and Cargo Traffic volume per Airline,Manila International Airport Authority(MIAA),miaa,2025-02-07 14:39:00,Research and Development,PROCESSING,https://www.foi.gov.ph/agencies/miaa/passenger-and-cargo-traffic-volume-per-airline/,GOCC,Q1,open,410,96,4.270833333333333
CGI-981862991756,CLUP,"City Government of Isabela, Basilan(CGI)",cgi,2025-02-07 15:13:00,Flood Study,DENIED,https://www.foi.gov.ph/agencies/cgi/clup-cgi-981862991756/,LGU,Q1,unsuccessful,44,44,1.0
BSWM-434856750011,Soil map of Laguna Province,Bureau of Soils and Water Management(BSWM),bswm,2025-02-07 15:53:00,Research purpose,SUCCESSFUL,https://www.foi.gov.ph/agencies/bswm/soil-map-of-laguna-province/,NGA,Q1,successful,3956,97,40.78350515463917
PNP-040770255860,Gender and Development programs of Police Stations in the 4th District of Laguna,Philippine National Police(PNP),pnp,2025-02-07 18:47:00,Research and development,SUCCESSFUL,https://www.foi.gov.ph/agencies/pnp/gender-and-development-programs-of-police-stations-in-the-4th-district-of-laguna/,LEA,Q1,successful,124,104,1.1923076923076923
CDC-777680207491,TCT or Lot Description for Mixed-Used/Commercial-Industrial Used in Clark Freeport,Clark Development Corporation(CDC),cdc,2025-02-07 19:33:00,Architectural Thesis,PARTIALLY SUCCESSFUL,https://www.foi.gov.ph/agencies/cdc/tct-or-lot-description-for-mixed-usedcommercial-industrial-used-in-clark-freeport/,GOCC,Q1,partially successful,410,96,4.270833333333333
NWPC-201885316373,Family living wage Dec 2024,National Wages and Productivity Commission(NWPC),nwpc,2025-02-07 22:51:00,Research purposes,SUCCESSFUL,https://www.foi.gov.ph/agencies/nwpc/family-living-wage-dec-2024/,NGA,Q1,successful,3956,97,40.78350515463917
LRTA-362642295372,Sold Concessionary Tickets (SVJ and SVC),Light Rail Transit Authority(LRTA),lrta,2025-02-08 20:52:00,For Research and Development,SUCCESSFUL,https://www.foi.gov.ph/agencies/lrta/sold-concessionary-tickets-svj-and-svc/,GOCC,Q1,successful,410,96,4.270833333333333
ECC-083993433650,COE. my compensation in national union,Employees Compensation Commission(ECC),ecc,2025-02-09 19:11:00,Nais ko po sana malaman ang aking karapatan at record ng aking data at conpensation na nakapaloob sa aking data record kaugnay ng national union at kabayaran dahil sa pag bahagi or pag gamit ng aking data,DENIED,https://www.foi.gov.ph/agencies/ecc/coe-my-compensation-in-national-union/,GOCC,Q1,unsuccessful,410,96,4.270833333333333
CAAP-169687729405,my data information and my eligibility,Civil Aviation Authority of the Philippines(CAAP),caap,2025-02-09 19:20:00,Research and. Development,SUCCESSFUL,https://www.foi.gov.ph/agencies/caap/my-data-information-and-my-eligibility/,GOCC,Q1,successful,410,96,4.270833333333333
SSS-636739028138,SSS Certification,Social Security System(SSS),sss,2025-02-10 07:28:00,Requirement for employment abroad,DENIED,https://www.foi.gov.ph/agencies/sss/sss-certification-sss-636739028138/,GOCC,Q1,unsuccessful,410,96,4.270833333333333
DOH-693647281321,Overpriced Medicines,Department of Health(DOH),doh,2025-02-10 08:51:00,Concerns and complaints,CLOSED,https://www.foi.gov.ph/agencies/doh/overpriced-medicines/,NGA,Q1,unsuccessful,3956,97,40.78350515463917
USEP-512314751036,"BOR Resolution No. 07, s.2016",University of Southeastern Philippines(USEP),usep,2025-02-10 08:53:00,Internal Audit,SUCCESSFUL,https://www.foi.gov.ph/agencies/usep/bor-resolution-no-07-s2016/,SUC,Q1,successful,150,131,1.1450381679389312
CGA-177551952795,Vaccination and Booster Certificate,"City of Antipolo, Region IV-A(CGA)",cga,2025-02-10 09:58:00,School Requirement,SUCCESSFUL,https://www.foi.gov.ph/agencies/cga/vaccination-and-booster-certificate/,LGU,Q1,successful,44,44,1.0
PNP-334560709545,PROCAR Crime Data,Philippine National Police(PNP),pnp,2025-02-10 10:41:00,"Monthly Crime Assessment and Analysis for policy making, program planning and the the likes in compliance to NAPOLCOM Mandates.",SUCCESSFUL,https://www.foi.gov.ph/agencies/pnp/procar-crime-data/,LEA,Q1,successful,124,104,1.1923076923076923
NIA-979309875672,Data Requests,National Irrigation Administration(NIA),nia,2025-02-10 12:12:00,Undergraduate Thesis,REFERRED,https://www.foi.gov.ph/agencies/nia/data-requests/,GOCC,Q1,referred,410,96,4.270833333333333
PNP-090022384606,"Crime Statistics for Makati City, for Metro Manila, and for the whole country in 2024",Philippine National Police(PNP),pnp,2025-02-10 12:20:00,Research and modelling,SUCCESSFUL,https://www.foi.gov.ph/agencies/pnp/crime-statistics-for-makati-city-for-metro-manila-and-for-the-whole-country-in-2024/,LEA,Q1,successful,124,104,1.1923076923076923
PGLU-998016984691,Senior Citizen,"Province of La Union, Region I(PGLU)",pglu,2025-02-10 13:24:00,Research purposes,PENDING,https://www.foi.gov.ph/agencies/pglu/senior-citizen-pglu-998016984691/,LGU,Q1,open,44,44,1.0
MWSS-561954111506,MWSS Resolution no. 2008-274,Metropolitan Waterworks and Sewerage System Regulatory Office(MWSS),mwss,2025-02-10 13:51:00,Research and development,REFERRED,https://www.foi.gov.ph/agencies/mwss/mwss-resolution-no-2008-274/,GOCC,Q1,referred,410,96,4.270833333333333
DPWH-733477378732,List of DPWH projects under my name as Materials Engineer & Project Engineer.,Department of Public Works and Highways(DPWH),dpwh,2025-02-10 14:58:00,For my record & reference porpuses only,SUCCESSFUL,https://www.foi.gov.ph/agencies/dpwh/list-of-dpwh-projects-under-my-name-as-materials-engineer-project-engineer/,NGA,Q1,successful,3956,97,40.78350515463917
SSS-196978623577,No. of Registered SSS members in Negros Occidental,Social Security System(SSS),sss,2025-02-10 15:13:00,Climate and Disaster Risk Assessment (CDRA) Report,CLOSED,https://www.foi.gov.ph/agencies/sss/no-of-registered-sss-members-in-negros-occidental/,GOCC,Q1,unsuccessful,410,96,4.270833333333333
MWSSCO-152313326827,MWSS Resolution no. 2008-274,Metropolitan Waterworks and Sewerage System Corporate Office(MWSSCO),mwssco,2025-02-10 15:32:00,Research and development,SUCCESSFUL,https://www.foi.gov.ph/agencies/mwssco/mwss-resolution-no-2008-274-mwssco-152313326827/,GOCC,Q1,successful,410,96,4.270833333333333
DOH-005971205466,Level 3 Specialized Hospital Bed Distribution,Department of Health(DOH),doh,2025-02-10 16:34:00,Undergrad Architectural Thesis,SUCCESSFUL,https://www.foi.gov.ph/agencies/doh/level-3-specialized-hospital-bed-distribution/,NGA,Q1,successful,3956,97,40.78350515463917
UPPGH-884169251235,NUMBER OF ACROMEGALY PATIENTS IN THE PHILIPPINES,University of the Philippines - Philippine General Hospital(UPPGH),uppgh,2025-02-10 20:28:00,"For the establishment of Acromegaly - Philippines, a support group that focuses on Filipino Acromegaly patients. For reference and future research purposes.",DENIED,https://www.foi.gov.ph/agencies/uppgh/number-of-acromegaly-patients-in-the-philippines/,SUC,Q1,unsuccessful,150,131,1.1450381679389312
PNPDRD-571432640353,PNP DRD,Philippine National Police - Directorate for Research and Development(PNPDRD),pnpdrd,2025-02-10 23:59:00,Architectural Design 09 (Thesis Writing),SUCCESSFUL,https://www.foi.gov.ph/agencies/pnpdrd/pnp-drd/,LEA,Q1,successful,124,104,1.1923076923076923
UPD-536359852909,FLCD,University of the Philippines Diliman(UPD),upd,2025-02-11 08:34:00,Academic Research / School Project,PARTIALLY SUCCESSFUL,https://www.foi.gov.ph/agencies/upd/flcd-upd-536359852909/,SUC,Q1,partially successful,150,131,1.1450381679389312
PNP-222875519281,CICL Data,Philippine National Police(PNP),pnp,2025-02-11 09:23:00,ARCHITECTURAL THESIS,SUCCESSFUL,https://www.foi.gov.ph/agencies/pnp/cicl-data-pnp-222875519281/,LEA,Q1,successful,124,104,1.1923076923076923
USEP-663859366698,Request for USeP Hymn English Version,University of Southeastern Philippines(USEP),usep,2025-02-11 10:55:00,Language Thesis,SUCCESSFUL,https://www.foi.gov.ph/agencies/usep/request-for-usep-hymn-english-version/,SUC,Q1,successful,150,131,1.1450381679389312
PNP-187514813770,Crime Rate in Meycauayan,Philippine National Police(PNP),pnp,2025-02-11 11:04:00,Research Proposal,SUCCESSFUL,https://www.foi.gov.ph/agencies/pnp/crime-rate-in-meycauayan/,LEA,Q1,successful,124,104,1.1923076923076923
PNP-201173197419,SCAM,Philippine National Police(PNP),pnp,2025-02-11 11:24:00,REPORT A SCAM,DENIED,https://www.foi.gov.ph/agencies/pnp/scam-pnp-201173197419/,LEA,Q1,unsuccessful,124,104,1.1923076923076923
PNPDICTM-024605990678,SCAM,Philippine National Police - Directorate for Information and Communications Technology Management(PNPDICTM),pnpdictm,2025-02-11 11:28:00,REPORT SCAM,DENIED,https://www.foi.gov.ph/agencies/pnpdictm/scam-pnpdictm-024605990678/,LEA,Q1,unsuccessful,124,104,1.1923076923076923
PNPDHRDD-322694975651,SCAM,Philippine National Police - Directorate for Human Resource and Doctrine Development(PNPDHRDD),pnpdhrdd,2025-02-11 11:31:00,REPORT A SCAM,DENIED,https://www.foi.gov.ph/agencies/pnpdhrdd/scam-pnpdhrdd-322694975651/,LEA,Q1,unsuccessful,124,104,1.1923076923076923
PNPDPCR-466457055716,SCAM,Philippine National Police - Directorate for Police Community Relations(PNPDPCR),pnpdpcr,2025-02-11 11:31:00,REPORT A SCAM.,DENIED,https://www.foi.gov.ph/agencies/pnpdpcr/scam-pnpdpcr-466457055716/,LEA,Q1,unsuccessful,124,104,1.1923076923076923
PNPDIDM-338816494407,SCAM,Philippine National Police - Directorate for Investigation and Detective Management(PNPDIDM),pnpdidm,2025-02-11 11:33:00,REPORR A SCAM,DENIED,https://www.foi.gov.ph/agencies/pnpdidm/scam-pnpdidm-338816494407/,LEA,Q1,unsuccessful,124,104,1.1923076923076923
PNP-714500955755,PNP crime rate per region,Philippine National Police(PNP),pnp,2025-02-11 13:28:00,Architectural Design 09 (Thesis Writing),SUCCESSFUL,https://www.foi.gov.ph/agencies/pnp/pnp-crime-rate-per-region/,LEA,Q1,successful,124,104,1.1923076923076923
IRWD-315269968433,JV PRETERMINATION,Iriga City Water District(ICWD),irwd,2025-02-11 14:09:00,"FOR OUR EVALUATION, REFERENCE AND RECORD",ACCEPTED,https://www.foi.gov.ph/agencies/irwd/jv-pretermination/,WATER-DISTRICT,Q1,open,17,17,1.0
FNRI-340689384627,"Rates of stunting, obesity and wasting",Food and Nutrition Research Institute(FNRI),fnri,2025-02-11 15:50:00,Research and development,SUCCESSFUL,https://www.foi.gov.ph/agencies/fnri/rates-of-stunting-obesity-and-wasting/,NGA,Q1,successful,3956,97,40.78350515463917
DOH-601545155108,A copy of vaccination certificate,Department of Health(DOH),doh,2025-02-11 17:04:00,Overseas Pre-employment Requirement,SUCCESSFUL,https://www.foi.gov.ph/agencies/doh/a-copy-of-vaccination-certificate/,NGA,Q1,successful,3956,97,40.78350515463917
CGI-827413168039,Request for Philippine Bidding Document for Academic Requirement,"City Government of Isabela, Basilan(CGI)",cgi,2025-02-12 07:44:00,Academic research,SUCCESSFUL,https://www.foi.gov.ph/agencies/cgi/request-for-philippine-bidding-document-for-academic-requirement/,LGU,Q1,successful,44,44,1.0
BCDA-070767874764,Comprehensive Land Use Plan (CLUP) of New Clark City,Bases Conversion and Development Authority(BCDA),bcda,2025-02-12 16:04:00,Market Research,DENIED,https://www.foi.gov.ph/agencies/bcda/comprehensive-land-use-plan-clup-of-new-clark-city-bcda-070767874764/,GOCC,Q1,unsuccessful,410,96,4.270833333333333
CEZA-679336005569,PORT IRENE QUESTION,Cagayan Economic Zone Authority(CEZA),ceza,2025-02-12 20:42:00,FOR ARCHITECTURAL THESIS,DENIED,https://www.foi.gov.ph/agencies/ceza/port-irene-question/,GOCC,Q1,unsuccessful,410,96,4.270833333333333
MIAA-352851814688,NAIA Terminals,Manila International Airport Authority(MIAA),miaa,2025-02-13 09:07:00,Research and development,SUCCESSFUL,https://www.foi.gov.ph/agencies/miaa/naia-terminals/,GOCC,Q1,successful,410,96,4.270833333333333
PNPDICTM-935969365546,harassment,Philippine National Police - Directorate for Information and Communications Technology Management(PNPDICTM),pnpdictm,2025-02-13 11:28:00,OLA Peramoo harassment,DENIED,https://www.foi.gov.ph/agencies/pnpdictm/harassment-pnpdictm-935969365546/,LEA,Q1,unsuccessful,124,104,1.1923076923076923
DILG-559008617289,Barangay Resolution (one-side parking),Department of the Interior and Local Government(DILG),dilg,2025-02-13 11:57:00,Information and policy analysis or review,DENIED,https://www.foi.gov.ph/agencies/dilg/barangay-resolution-one-side-parking/,NGA,Q1,unsuccessful,3956,97,40.78350515463917
NEA-552444721193,Audited FS CY2023 and Management Letters CY2023,National Electrification Administration(NEA),nea,2025-02-13 14:38:00,Research and benchmarking purposes,SUCCESSFUL,https://www.foi.gov.ph/agencies/nea/audited-fs-cy2023-and-management-letters-cy2023/,GOCC,Q1,successful,410,96,4.270833333333333
PhilRice-852481297769,Request for access raw data on fertilizer application and other factors that influenced rice growth,Philippine Rice Research Institute(PhilRice),philrice,2025-02-13 17:59:00,For research and disseration titled: Optimizing Rice Yields. Levaraging Gradient Boosting Model for Precision Fertlizer Strategies,SUCCESSFUL,https://www.foi.gov.ph/agencies/philrice/request-for-access-raw-data-on-fertilizer-application-and-other-factors-that-influenced-rice-growth/,GOCC,Q1,successful,410,96,4.270833333333333
UPLB-179269070639,Request for Access to Raw Data on Fertilizer Application and other Factors that Influenced Rice Growth,University of the Philippines Los Banos(UPLB),uplb,2025-02-13 18:12:00,"for Research and dissertation work titled ""Optimizing Rice Yields in Cebu: Leveraging Gradient Boosting Model for Precision Fertilizer Strategies",DENIED,https://www.foi.gov.ph/agencies/uplb/request-for-access-to-raw-data-on-fertilizer-application-and-other-factors-that-influenced-rice-growth/,SUC,Q1,unsuccessful,150,131,1.1450381679389312
PNP-007791841146,Crime Statistics of San Jose Municipal Police Station from 2020 to 2024,Philippine National Police(PNP),pnp,2025-02-13 18:35:00,Reference for School Studies,SUCCESSFUL,https://www.foi.gov.ph/agencies/pnp/crime-statistics-of-san-jose-municipal-police-station-from-2020-to-2024/,LEA,Q1,successful,124,104,1.1923076923076923
PNP-773940997119,Bicycle and Pedestrian-related accidents in Cavite,Philippine National Police(PNP),pnp,2025-02-13 22:26:00,Undergraduate Thesis,SUCCESSFUL,https://www.foi.gov.ph/agencies/pnp/bicycle-and-pedestrian-related-accidents-in-cavite/,LEA,Q1,successful,124,104,1.1923076923076923
CIC-794484518579,freedom of imformation,Credit Information Corporation(CIC),cic,2025-02-14 03:05:00,c,DENIED,https://www.foi.gov.ph/agencies/cic/freedom-of-imformation/,GOCC,Q1,unsuccessful,410,96,4.270833333333333
PNPDICTM-717907536834,HARRASMENT OF CLIENTS OF TONIK BANK AND MBA CONSULTING PHILIPPINES,Philippine National Police - Directorate for Information and Communications Technology Management(PNPDICTM),pnpdictm,2025-02-14 04:13:00,Gusto kong makasuhan ang MBA CONSULTING PHILIPPINES Collections Agency and Tonik Bank ayon sa pamamahiya nila sa akin at pang bablack mail ng mga agent na nagchachat sakin.,DENIED,https://www.foi.gov.ph/agencies/pnpdictm/harrasment-of-clients-of-tonik-bank-and-mba-consulting-philippines/,LEA,Q1,unsuccessful,124,104,1.1923076923076923
SSS-299921479907,Request to revert my DP for the loan to be posted on my application for loan condonation,Social Security System(SSS),sss,2025-02-14 07:09:00,For loan restruction.,DENIED,https://www.foi.gov.ph/agencies/sss/request-to-revert-my-dp-for-the-loan-to-be-posted-on-my-application-for-loan-condonation/,GOCC,Q1,unsuccessful,410,96,4.270833333333333
PNPDICTM-314281507343,REQUEST CANCELLATION OF POLICE CLEARANCE APPOINTMENT,Philippine National Police - Directorate for Information and Communications Technology Management(PNPDICTM),pnpdictm,2025-02-14 09:49:00,For police clearance,DENIED,https://www.foi.gov.ph/agencies/pnpdictm/request-cancellation-of-police-clearance-appointment/,LEA,Q1,unsuccessful,124,104,1.1923076923076923
USEP-635196802362,Organizational Stucture USeP,University of Southeastern Philippines(USEP),usep,2025-02-14 14:18:00,Research and Extension,SUCCESSFUL,https://www.foi.gov.ph/agencies/usep/organizational-stucture-usep/,SUC,Q1,successful,150,131,1.1450381679389312
CSPC-870799591445,request for certification for translation of filipino subject titles,Camarines Sur Polytechnic Colleges(CSPC),cspc,2025-02-16 08:23:00,for masteral and scholarship application,DENIED,https://www.foi.gov.ph/agencies/cspc/request-for-certification-for-translation-of-filipino-subject-titles/,SUC,Q1,unsuccessful,150,131,1.1450381679389312
HDMF-186276629275,Virtual Pag-ibig,Home Development Mutual Fund/Pag-IBIG Fund(HDMF),hdmf,2025-02-16 23:19:00,Resetting log in account,CLOSED,https://www.foi.gov.ph/agencies/hdmf/virtual-pag-ibig/,GOCC,Q1,unsuccessful,410,96,4.270833333333333
CHED-557488703120,NUMBER OF ENROLLED AGRICULTURAL STUDENTS IN CALABARZON,Commission on Higher Education(CHED),ched,2025-02-17 10:56:00,Architectural Thesis,SUCCESSFUL,https://www.foi.gov.ph/agencies/ched/number-of-enrolled-agricultural-students-in-calabarzon/,NGA,Q1,successful,3956,97,40.78350515463917
UPD-383722187646,Annual Financial Report of Philippine General Hospital,University of the Philippines Diliman(UPD),upd,2025-02-17 10:58:00,for academic purporses,DENIED,https://www.foi.gov.ph/agencies/upd/annual-financial-report-of-philippine-general-hospital-upd-383722187646/,SUC,Q1,unsuccessful,150,131,1.1450381679389312
PNP-834854161882,VEHICLE CRASH OCCURENCE IN CENTRAL VISAYAS,Philippine National Police(PNP),pnp,2025-02-17 11:24:00,Conduct of Thesis,CLOSED,https://www.foi.gov.ph/agencies/pnp/vehicle-crash-occurence-in-central-visayas-pnp-834854161882/,LEA,Q1,unsuccessful,124,104,1.1923076923076923
LSPU-660666703217,College of Fisheries number of Graduates and Enrollees,Laguna State Polytechnic University(LSPU),lspu,2025-02-17 14:01:00,Architectural Research & Thesis,SUCCESSFUL,https://www.foi.gov.ph/agencies/lspu/college-of-fisheries-number-of-graduates-and-enrollees/,SUC,Q1,successful,150,131,1.1450381679389312
DPWH-878722307460,Discharge data of Padsan River,Department of Public Works and Highways(DPWH),dpwh,2025-02-18 07:58:00,Thesis and Research,SUCCESSFUL,https://www.foi.gov.ph/agencies/dpwh/discharge-data-of-padsan-river/,NGA,Q1,successful,3956,97,40.78350515463917
PLGUB-426628910909,Barangay Development Plan,"Province of Benguet, CAR(PLGUB)",plgub,2025-02-18 08:56:00,Updating of the Bokod ARC Development Plan by the Dept. of Agrarian Reform,DENIED,https://www.foi.gov.ph/agencies/plgub/barangay-development-plan/,LGU,Q1,unsuccessful,44,44,1.0
ERC-906118271923,Latest Capacity Factor of Power Plants in the Philippines,Energy Regulatory Commission(ERC),erc,2025-02-18 09:55:00,Research and development,SUCCESSFUL,https://www.foi.gov.ph/agencies/erc/latest-capacity-factor-of-power-plants-in-the-philippines/,NGA,Q1,successful,3956,97,40.78350515463917
SSS-243461659661,Involuntary Certificate,Social Security System(SSS),sss,2025-02-18 10:42:00,SSS Unemployment Benefit,SUCCESSFUL,https://www.foi.gov.ph/agencies/sss/involuntary-certificate-sss-243461659661/,GOCC,Q1,successful,410,96,4.270833333333333
PNP-937215781546,Child Abuse Cases in the Philippines,Philippine National Police(PNP),pnp,2025-02-18 12:47:00,Architectural Thesis,SUCCESSFUL,https://www.foi.gov.ph/agencies/pnp/child-abuse-cases-in-the-philippines-pnp-937215781546/,LEA,Q1,successful,124,104,1.1923076923076923
PSA-269153935264,Number of employed and unemployed individuals,Philippine Statistics Authority(PSA),psa,2025-02-18 14:05:00,Research purposes,PARTIALLY SUCCESSFUL,https://www.foi.gov.ph/agencies/psa/number-of-employed-and-unemployed-individuals/,NGA,Q1,partially successful,3956,97,40.78350515463917
PGB-655367955826,"comprehensive land use plan od Pilar, Bataan",Provincial Government of Bataan(PGB),pgb,2025-02-18 16:11:00,Architectural Thesis,SUCCESSFUL,https://www.foi.gov.ph/agencies/pgb/comprehensive-land-use-plan-od-pilar-bataan/,LGU,Q1,successful,44,44,1.0
DA-346198638781,List of facilities/spaces in a Cacao Research and Development Center,Department of Agriculture(DA),da,2025-02-18 20:25:00,Architectural Thesis,PARTIALLY SUCCESSFUL,https://www.foi.gov.ph/agencies/da/list-of-facilitiesspaces-in-a-cacao-research-and-development-center/,NGA,Q1,partially successful,3956,97,40.78350515463917
DOT-925212928860,Purpose of visit of South Korean Tourists,Department of Tourism(DOT),dot,2025-02-19 09:02:00,Market Research,CLOSED,https://www.foi.gov.ph/agencies/dot/purpose-of-visit-of-south-korean-tourists/,NGA,Q1,unsuccessful,3956,97,40.78350515463917
NEDA-363309873469,Value Analysis Handbook,"Department of Economy, Planning, and Development (DEPDev)(NEDA)",neda,2025-02-19 09:58:00,Project-Related Research,DENIED,https://www.foi.gov.ph/agencies/neda/value-analysis-handbook/,NGA,Q1,unsuccessful,3956,97,40.78350515463917
DOH-594504195055,Data Request for Cagayan Valley Medical Center,Department of Health(DOH),doh,2025-02-19 18:27:00,Undergraduate Architectural Thesis,SUCCESSFUL,https://www.foi.gov.ph/agencies/doh/data-request-for-cagayan-valley-medical-center/,NGA,Q1,successful,3956,97,40.78350515463917
PPA-784941209108,Seaport Terminal Projects,Philippine Ports Authority(PPA),ppa,2025-02-19 21:40:00,Undergraduate Thesis,SUCCESSFUL,https://www.foi.gov.ph/agencies/ppa/seaport-terminal-projects/,GOCC,Q1,successful,410,96,4.270833333333333
CAAP-238139510300,Aeronautical Information Service,Civil Aviation Authority of the Philippines(CAAP),caap,2025-02-19 23:58:00,Planning to apply for the comprehensive course,SUCCESSFUL,https://www.foi.gov.ph/agencies/caap/aeronautical-information-service/,GOCC,Q1,successful,410,96,4.270833333333333
CHED-306645198271,Geriatric Course data,Commission on Higher Education(CHED),ched,2025-02-20 00:18:00,Architectural Thesis,DENIED,https://www.foi.gov.ph/agencies/ched/geriatric-course-data/,NGA,Q1,unsuccessful,3956,97,40.78350515463917
CSPC-105575284592,request about school policy information,Camarines Sur Polytechnic Colleges(CSPC),cspc,2025-02-20 04:29:00,application for international scholarship,DENIED,https://www.foi.gov.ph/agencies/cspc/request-about-school-policy-information/,SUC,Q1,unsuccessful,150,131,1.1450381679389312
PNP-979630294599,Crime and Safety Data,Philippine National Police(PNP),pnp,2025-02-20 09:03:00,Thesis Research,DENIED,https://www.foi.gov.ph/agencies/pnp/crime-and-safety-data/,LEA,Q1,unsuccessful,124,104,1.1923076923076923
TANAYWD-511776683424,PAMB,Tanay Water District(TANAYWD),tanaywd,2025-02-20 10:01:00,PAMB CERTIFICATION (For CNC Application),REFERRED,https://www.foi.gov.ph/agencies/tanaywd/pamb/,WATER-DISTRICT,Q1,referred,17,17,1.0
AFAB-524961218846,FAB Locators Directory,Authority of the Freeport of Bataan(AFAB),afab,2025-02-20 10:46:00,Research and Development,SUCCESSFUL,https://www.foi.gov.ph/agencies/afab/fab-locators-directory/,GOCC,Q1,successful,410,96,4.270833333333333
DOH-373105000692,Accomplishment Report 2023 and 2024,Department of Health(DOH),doh,2025-02-20 11:12:00,Strategic Management course in MBA in Health,PARTIALLY SUCCESSFUL,https://www.foi.gov.ph/agencies/doh/accomplishment-report-2023-and-2024/,NGA,Q1,partially successful,3956,97,40.78350515463917
DPWH-391027200878,List of DPWH Projects/Contracts,Department of Public Works and Highways(DPWH),dpwh,2025-02-20 14:50:00,For verification.,CLOSED,https://www.foi.gov.ph/agencies/dpwh/list-of-dpwh-projectscontracts/,NGA,Q1,unsuccessful,3956,97,40.78350515463917
PNPDICTM-670916212119,pnp data,Philippine National Police - Directorate for Information and Communications Technology Management(PNPDICTM),pnpdictm,2025-02-20 15:15:00,RESEARCH PURPOSES,SUCCESSFUL,https://www.foi.gov.ph/agencies/pnpdictm/pnp-data/,LEA,Q1,successful,124,104,1.1923076923076923
NKTI-966327112726,NKTI Number of Beds,National Kidney and Transplant Institute(NKTI),nkti,2025-02-20 15:37:00,Thesis Writing,SUCCESSFUL,https://www.foi.gov.ph/agencies/nkti/nkti-number-of-beds/,GOCC,Q1,successful,410,96,4.270833333333333
DENRLMB-260639638854,land Management bureau,Land Management Bureau(DENRLMB),denrlmb,2025-02-20 18:27:00,Lot Verification of my Grand Mother's property,SUCCESSFUL,https://www.foi.gov.ph/agencies/denrlmb/land-management-bureau/,NGA,Q1,successful,3956,97,40.78350515463917
BSWM-140692462239,Water Table,Bureau of Soils and Water Management(BSWM),bswm,2025-02-20 19:55:00,Undergraduate Thesis,DENIED,https://www.foi.gov.ph/agencies/bswm/water-table/,NGA,Q1,unsuccessful,3956,97,40.78350515463917
PSA-519278101687,"Number of Micro, Small, and Medium Businesses in Angeles City, Pampanga",Philippine Statistics Authority(PSA),psa,2025-02-20 19:56:00,Research and Development,PARTIALLY SUCCESSFUL,https://www.foi.gov.ph/agencies/psa/number-of-micro-small-and-medium-businesses-in-angeles-city-pampanga/,NGA,Q1,partially successful,3956,97,40.78350515463917
PGI-669336355800,"Comprehensive Land use Plan of Tumauini, Isabela.",Provincial Government of Isabela(PGI),pgi,2025-02-21 00:42:00,Thesis Proposal,SUCCESSFUL,https://www.foi.gov.ph/agencies/pgi/comprehensive-land-use-plan-of-tumauini-isabela/,LGU,Q1,successful,44,44,1.0
CAAP-675016514654,Ninoy Aquino International Airport,Civil Aviation Authority of the Philippines(CAAP),caap,2025-02-21 01:16:00,Thesis Proposal,REFERRED,https://www.foi.gov.ph/agencies/caap/ninoy-aquino-international-airport/,GOCC,Q1,referred,410,96,4.270833333333333
PUP-077437780760,Data Gathering,Polytechnic University of the Philippines(PUP),pup,2025-02-21 10:34:00,For research purpose,SUCCESSFUL,https://www.foi.gov.ph/agencies/pup/data-gathering-pup-077437780760/,SUC,Q1,successful,150,131,1.1450381679389312
DOH-012868687184,"Numbers of Doctors, Nurses, Midwives and BHW in every Barangay Health Center in Santa Maria Bulacan",Department of Health(DOH),doh,2025-02-21 12:59:00,Academic Research,SUCCESSFUL,https://www.foi.gov.ph/agencies/doh/numbers-of-doctors-nurses-midwives-and-bhw-in-every-barangay-health-center-in-santa-maria-bulacan/,NGA,Q1,successful,3956,97,40.78350515463917
TWD-749446071818,water data,Tagum Water District(TWD),twd,2025-02-21 15:47:00,Academic Research,SUCCESSFUL,https://www.foi.gov.ph/agencies/twd/water-data/,WATER-DISTRICT,Q1,successful,17,17,1.0
PCSO-605153958933,Medical and Financial Assistance,Philippine Charity Sweepstakes Office(PCSO),pcso,2025-02-21 23:02:00,Medical and Financial assistance,SUCCESSFUL,https://www.foi.gov.ph/agencies/pcso/medical-and-financial-assistance-pcso-605153958933/,GOCC,Q1,successful,410,96,4.270833333333333
PNP-614804442631,fraud,Philippine National Police(PNP),pnp,2025-02-22 16:31:00,Police complaint for an online scammer,DENIED,https://www.foi.gov.ph/agencies/pnp/fraud-pnp-614804442631/,LEA,Q1,unsuccessful,124,104,1.1923076923076923
UP-857775285525,Flood-prone location Shapefile,University of the Philippines System(UP),up,2025-02-22 16:58:00,Research & Development of CBD/Townships,CLOSED,https://www.foi.gov.ph/agencies/up/flood-prone-location-shapefile-up-857775285525/,SUC,Q1,unsuccessful,150,131,1.1450381679389312
PNP-006832251592,Philippine Crime Rate and Inflation Rate,Philippine National Police(PNP),pnp,2025-02-22 20:37:00,Undergraduate Research,SUCCESSFUL,https://www.foi.gov.ph/agencies/pnp/philippine-crime-rate-and-inflation-rate/,LEA,Q1,successful,124,104,1.1923076923076923
MMDA-642382079279,Historical Flood Data in Marikina City,Metropolitan Manila Development Authority(MMDA),mmda,2025-02-22 22:09:00,Undergraduate Thesis Project,PARTIALLY SUCCESSFUL,https://www.foi.gov.ph/agencies/mmda/historical-flood-data-in-marikina-city/,NGA,Q1,partially successful,3956,97,40.78350515463917
PSA-162771922809,"Total Number of People with Surnames and Middle Names ""Udasan"", ""Unda"", and ""Olama"" in Lanao del Norte, Lanao del Sur, Maguindanao, and Misamis Oriental",Philippine Statistics Authority(PSA),psa,2025-02-23 08:01:00,The purpose of this request is to research about the number of people having these surnames and middle names because we're also their descendants.,SUCCESSFUL,https://www.foi.gov.ph/agencies/psa/total-number-of-people-with-surnames-and-middle-names-udasan-unda-and-olama-in-lanao-del-norte-lanao-del-sur-maguindanao-and-misamis-oriental/,NGA,Q1,successful,3956,97,40.78350515463917
DOTr-763243696794,MRT 3 - Taft Avenue Station Ridership Data,Department of Transportation(DOTr),dotr,2025-02-23 18:32:00,Thesis/Research,PARTIALLY SUCCESSFUL,https://www.foi.gov.ph/agencies/dotr/mrt-3-taft-avenue-station-ridership-data/,NGA,Q1,partially successful,3956,97,40.78350515463917
DepEd-441607749859,Number of SHS Student Graduates,Department of Education(DepEd),deped,2025-02-23 21:01:00,Capstone Research,SUCCESSFUL,https://www.foi.gov.ph/agencies/deped/number-of-shs-student-graduates/,NGA,Q1,successful,3956,97,40.78350515463917
PNPDIDM-868559327833,Tracking of this phone number,Philippine National Police - Directorate for Investigation and Detective Management(PNPDIDM),pnpdidm,2025-02-24 00:21:00,For filing a case,DENIED,https://www.foi.gov.ph/agencies/pnpdidm/tracking-of-this-phone-number/,LEA,Q1,unsuccessful,124,104,1.1923076923076923
USAP-130881130131,Local Shelter Plan,"City of Pasig, NCR(USAP)",usap,2025-02-24 08:13:00,Research for graduate studies,SUCCESSFUL,https://www.foi.gov.ph/agencies/usap/local-shelter-plan/,LGU,Q1,successful,44,44,1.0
PNP-379493091768,Crime rate and crime statistics for types of crime in Provinces of the Philippines (2016-2022),Philippine National Police(PNP),pnp,2025-02-24 14:36:00,Research for PhD class,SUCCESSFUL,https://www.foi.gov.ph/agencies/pnp/crime-rate-and-crime-statistics-for-types-of-crime-in-provinces-of-the-philippines-2016-2022/,LEA,Q1,successful,124,104,1.1923076923076923
PNP-213615710857,"Crime Incident Count by Municipality- Regions 9, 11 and 12",Philippine National Police(PNP),pnp,2025-02-24 15:46:00,Undergraduate Thesis Paper,SUCCESSFUL,https://www.foi.gov.ph/agencies/pnp/crime-incident-count-by-municipality-regions-9-11-and-12/,LEA,Q1,successful,124,104,1.1923076923076923
DOH-805959598164,List of Health Centers in the Philippines,Department of Health(DOH),doh,2025-02-24 17:35:00,Research and Development,SUCCESSFUL,https://www.foi.gov.ph/agencies/doh/list-of-health-centers-in-the-philippines/,NGA,Q1,successful,3956,97,40.78350515463917
UPM-883938549822,Annual Financial Report of Philippine General Hospital,University of the Philippines Manila(UPM),upm,2025-02-24 19:26:00,for academic purposes,REFERRED,https://www.foi.gov.ph/agencies/upm/annual-financial-report-of-philippine-general-hospital-upm-883938549822/,SUC,Q1,referred,150,131,1.1450381679389312
UPM-065105435157,Accomplishmet Report of PGH,University of the Philippines Manila(UPM),upm,2025-02-24 23:26:00,academic purposes,REFERRED,https://www.foi.gov.ph/agencies/upm/accomplishmet-report-of-pgh/,SUC,Q1,referred,150,131,1.1450381679389312
USTSP-534072679533,number of Filipino Occupational Therapist working in the US,University of Science and Technology of Southern Philippines(USTSP),ustsp,2025-02-25 03:49:00,Masters Degree Research Study,SUCCESSFUL,https://www.foi.gov.ph/agencies/ustsp/number-of-filipino-occupational-therapist-working-in-the-us/,SUC,Q1,successful,150,131,1.1450381679389312
BLWD-718510018884,Sources of Water supply of Balanga Water District,Balanga Water District(BLWD),blwd,2025-02-25 14:10:00,For research purposes for creating a sustainable water management project,SUCCESSFUL,https://www.foi.gov.ph/agencies/blwd/sources-of-water-supply-of-balanga-water-district/,WATER-DISTRICT,Q1,successful,17,17,1.0
PNP-508363938470,CICL Central Luzon,Philippine National Police(PNP),pnp,2025-02-25 15:19:00,Architectural Thesis,SUCCESSFUL,https://www.foi.gov.ph/agencies/pnp/cicl-central-luzon/,LEA,Q1,successful,124,104,1.1923076923076923
INDWD-027577320271,Water Supply and Demand for 2020-2024,Indang Water District(INDWD),indwd,2025-02-25 15:31:00,Research and Development,PENDING,https://www.foi.gov.ph/agencies/indwd/water-supply-and-demand-for-2020-2024/,WATER-DISTRICT,Q1,open,17,17,1.0
PAKIL-587519568642,List of Fishing Associations with necessary details,"Municipality of Pakil, Laguna, Region IV-A(PAKIL)",pakil,2025-02-25 19:12:00,Data gathering for undergraduate thesis in UPLB,PENDING,https://www.foi.gov.ph/agencies/pakil/list-of-fishing-associations-with-necessary-details/,LGU,Q1,open,44,44,1.0
SSS-194721575423,SSS forgotten number,Social Security System(SSS),sss,2025-02-26 00:08:00,Forgotten SSS number,SUCCESSFUL,https://www.foi.gov.ph/agencies/sss/sss-forgotten-number/,GOCC,Q1,successful,410,96,4.270833333333333
FPRDI-554262862088,Inquiry regarding the Combustibility and Ignitability Test in DOST-FRPDI,Forest Products Research and Development Institute(FPRDI),fprdi,2025-02-26 08:16:00,Research (Inquiry in connection to research),SUCCESSFUL,https://www.foi.gov.ph/agencies/fprdi/inquiry-regarding-the-combustibility-and-ignitability-test-in-dost-frpdi-fprdi-554262862088/,NGA,Q1,successful,3956,97,40.78350515463917
MGB-121794895033,"Geophysical environment of Los Baños, Laguna",Mines and Geosciences Bureau(MGB),mgb,2025-02-26 08:43:00,Research and Development for an undergraduate thesis,PARTIALLY SUCCESSFUL,https://www.foi.gov.ph/agencies/mgb/geophysical-environment-of-los-banos-laguna-mgb-121794895033/,NGA,Q1,partially successful,3956,97,40.78350515463917
UPPGH-488853522884,Annual Financial Report of Philippine General Hospital,University of the Philippines - Philippine General Hospital(UPPGH),uppgh,2025-02-26 08:45:00,for academic purposes,SUCCESSFUL,https://www.foi.gov.ph/agencies/uppgh/annual-financial-report-of-philippine-general-hospital-uppgh-488853522884/,SUC,Q1,successful,150,131,1.1450381679389312
UPPGH-026987252026,Accomplishmet Report of PGH,University of the Philippines - Philippine General Hospital(UPPGH),uppgh,2025-02-26 08:45:00,academic purposes,SUCCESSFUL,https://www.foi.gov.ph/agencies/uppgh/accomplishmet-report-of-pgh-uppgh-026987252026/,SUC,Q1,successful,150,131,1.1450381679389312
USEP-127629538964,Population per USeP Campus/Unit,University of Southeastern Philippines(USEP),usep,2025-02-26 12:12:00,Reference data to be use for the sewage treatment facility,SUCCESSFUL,https://www.foi.gov.ph/agencies/usep/population-per-usep-campusunit/,SUC,Q1,successful,150,131,1.1450381679389312
PFDA-050250862390,Design Guidelines for Municipal Fish Port,Philippine Fisheries Development Authority(PFDA),pfda,2025-02-26 12:36:00,Reseach and Thesis,SUCCESSFUL,https://www.foi.gov.ph/agencies/pfda/design-guidelines-for-municipal-fish-port/,GOCC,Q1,successful,410,96,4.270833333333333
UPLB-976658295202,Human Capital Strategies,University of the Philippines Los Banos(UPLB),uplb,2025-02-26 15:29:00,Field Study,DENIED,https://www.foi.gov.ph/agencies/uplb/human-capital-strategies/,SUC,Q1,unsuccessful,150,131,1.1450381679389312
USAP-366830088365,"Soil Profile in Ligaya, Pasig","City of Pasig, NCR(USAP)",usap,2025-02-26 16:11:00,For Deisgn Project in Civil Engineering,SUCCESSFUL,https://www.foi.gov.ph/agencies/usap/soil-profile-in-ligaya-pasig/,LGU,Q1,successful,44,44,1.0
LGUBANTAY-492256970157,"Traffic Data in Rizal Avenue, Bantay, Ilocos Sur","Municipality of Bantay, Ilocos Sur(LGUBANTAY)",lgubantay,2025-02-26 17:36:00,Thesis Project,REFERRED,https://www.foi.gov.ph/agencies/lgubantay/traffic-data-in-rizal-avenue-bantay-ilocos-sur-lgubantay-492256970157/,LGU,Q1,referred,44,44,1.0
CASIWD-042453291603,Water Spring source of Casiguran Water District.,Casiguran Water District(CASIWD),casiwd,2025-02-26 23:03:00,"For research development, and LGU water district capacity building for searching potential water sources, and creating a regulatory and management framework to protect and conserved these water sources.",PENDING,https://www.foi.gov.ph/agencies/casiwd/water-spring-source-of-casiguran-water-district/,WATER-DISTRICT,Q1,open,17,17,1.0
UPLB-993628132140,Turn Over Rate,University of the Philippines Los Banos(UPLB),uplb,2025-02-27 10:46:00,Field Study,DENIED,https://www.foi.gov.ph/agencies/uplb/turn-over-rate/,SUC,Q1,unsuccessful,150,131,1.1450381679389312
PNP-084896118358,CRIME RATE OF THE PHILIPPINES,Philippine National Police(PNP),pnp,2025-02-27 16:13:00,Research and Development,DENIED,https://www.foi.gov.ph/agencies/pnp/crime-rate-of-the-philippines-pnp-084896118358/,LEA,Q1,unsuccessful,124,104,1.1923076923076923
USAP-143707072577,LCCAP,"City of Pasig, NCR(USAP)",usap,2025-02-27 22:18:00,Master's Degree Thesis Research,SUCCESSFUL,https://www.foi.gov.ph/agencies/usap/lccap-usap-143707072577/,LGU,Q1,successful,44,44,1.0
USAP-560968429181,Pasig City - DRRM Plans,"City of Pasig, NCR(USAP)",usap,2025-02-27 22:24:00,Master's degree Thesis Research,SUCCESSFUL,https://www.foi.gov.ph/agencies/usap/pasig-city-drrm-plans/,LGU,Q1,successful,44,44,1.0
LRTA-474764480213,LRT-2 ridership data,Light Rail Transit Authority(LRTA),lrta,2025-02-28 10:57:00,Undergraduate Thesis,SUCCESSFUL,https://www.foi.gov.ph/agencies/lrta/lrt-2-ridership-data/,GOCC,Q1,successful,410,96,4.270833333333333
UPD-690556144671,Data on Socioeconomic Class of Admitted Students in the University of the Philippines Diliman,University of the Philippines Diliman(UPD),upd,2025-02-28 14:06:00,Investigative Journalism,DENIED,https://www.foi.gov.ph/agencies/upd/data-on-socioeconomic-class-of-admitted-students-in-the-university-of-the-philippines-diliman/,SUC,Q1,unsuccessful,150,131,1.1450381679389312
PNP-931663167356,"Crime Statistics of Cauayan City, Isabela",Philippine National Police(PNP),pnp,2025-02-28 14:43:00,"The document will be used as a reference in creating our security plant for the Coca-Cola Warehouse located in Brgy. Poblacion I, Cauayan City, Isabela",SUCCESSFUL,https://www.foi.gov.ph/agencies/pnp/crime-statistics-of-cauayan-city-isabela/,LEA,Q1,successful,124,104,1.1923076923076923
DOH-843404899614,Vaccine Card/ Vaccine Certificate,Department of Health(DOH),doh,2025-02-28 15:19:00,For Job Application Abroad,SUCCESSFUL,https://www.foi.gov.ph/agencies/doh/vaccine-card-vaccine-certificate/,NGA,Q1,successful,3956,97,40.78350515463917
NISU-354217316508,Request for Educational Background of Faculty,Northern Iloilo State University(NISU),nisu,2025-02-28 16:23:00,Research purpose.,SUCCESSFUL,https://www.foi.gov.ph/agencies/nisu/request-for-educational-background-of-faculty/,SUC,Q1,successful,150,131,1.1450381679389312
PEZA-794960549749,Renewable Energy Consumption of Commercial sector in Mindanao,Philippine Economic Zone Authority(PEZA),peza,2025-02-28 16:57:00,Economic research,PENDING,https://www.foi.gov.ph/agencies/peza/renewable-energy-consumption-of-commercial-sector-in-mindanao/,GOCC,Q1,open,410,96,4.270833333333333
NKTI-542157699742,Chronic Kidney Disease Cases,National Kidney and Transplant Institute(NKTI),nkti,2025-02-28 20:02:00,Academic Research,PARTIALLY SUCCESSFUL,https://www.foi.gov.ph/agencies/nkti/chronic-kidney-disease-cases-nkti-542157699742/,GOCC,Q1,partially successful,410,96,4.270833333333333
PNP-660966902808,CICL Bulacan,Philippine National Police(PNP),pnp,2025-02-28 20:57:00,Architectural Thesis,SUCCESSFUL,https://www.foi.gov.ph/agencies/pnp/cicl-bulacan-pnp-660966902808/,LEA,Q1,successful,124,104,1.1923076923076923
PUP-765152956644,academic performance and enrollment trends,Polytechnic University of the Philippines(PUP),pup,2025-03-01 00:01:00,research on academic performance and enrollment trends,SUCCESSFUL,https://www.foi.gov.ph/agencies/pup/academic-performance-and-enrollment-trends/,SUC,Q1,successful,150,131,1.1450381679389312
USAP-540917866110,"Inquiry regarding School Construction Projects in Barangay Nagpayong and Pinagbuhatan, Pasig City","City of Pasig, NCR(USAP)",usap,2025-03-01 09:05:00,School Research/Capstone Design Project,SUCCESSFUL,https://www.foi.gov.ph/agencies/usap/inquiry-regarding-school-construction-projects-in-barangay-nagpayong-and-pinagbuhatan-pasig-city/,LGU,Q1,successful,44,44,1.0
BATSU-008668529739,Total number of enrolled students in BSU-Lobo Campus,Batangas State University(BATSU),batsu,2025-03-01 10:57:00,Architectural Thesis,SUCCESSFUL,https://www.foi.gov.ph/agencies/batsu/total-number-of-enrolled-students-in-bsu-lobo-campus/,SUC,Q1,successful,150,131,1.1450381679389312
PUP-104622229415,PUP budget,Polytechnic University of the Philippines(PUP),pup,2025-03-01 12:45:00,Academic Research,SUCCESSFUL,https://www.foi.gov.ph/agencies/pup/pup-budget/,SUC,Q1,successful,150,131,1.1450381679389312
PUP-404864518118,National Data of undergrad students taking Public Administration in the Philippines,Polytechnic University of the Philippines(PUP),pup,2025-03-01 20:09:00,For my research,SUCCESSFUL,https://www.foi.gov.ph/agencies/pup/national-data-of-undergrad-students-taking-public-administration-in-the-philippines/,SUC,Q1,successful,150,131,1.1450381679389312
DepEd-998752344761,IPCRF RATING OF JUNIOR HIGH SCHOOL TEACHERS,Department of Education(DepEd),deped,2025-03-02 14:08:00,To check on the teaching performance of mathematics secondary school teachers,CLOSED,https://www.foi.gov.ph/agencies/deped/ipcrf-rating-of-junior-high-school-teachers/,NGA,Q1,unsuccessful,3956,97,40.78350515463917
UPLB-823590595128,Climate and Weather Data,University of the Philippines Los Banos(UPLB),uplb,2025-03-02 16:36:00,"Research and Development, undergraduate Special Problem",ACCEPTED,https://www.foi.gov.ph/agencies/uplb/climate-and-weather-data-uplb-823590595128/,SUC,Q1,open,150,131,1.1450381679389312
PNP-040240642397,The number of election related incidents per province in the Philippines from October 2024 to February 2025,Philippine National Police(PNP),pnp,2025-03-02 22:57:00,Writing a story for Inquirer.net on election coverage,DENIED,https://www.foi.gov.ph/agencies/pnp/the-number-of-election-related-incidents-per-province-in-the-philippines-from-october-2024-to-february-2025/,LEA,Q1,unsuccessful,124,104,1.1923076923076923
USAP-782114419874,Financial Report for 2020-2023,"City of Pasig, NCR(USAP)",usap,2025-03-02 23:00:00,For Feasibility Study,SUCCESSFUL,https://www.foi.gov.ph/agencies/usap/financial-report-for-2020-2023/,LGU,Q1,successful,44,44,1.0
PNP-817903668661,Data on election-related incidents in Nueva Ecija from October 202 to February 2025,Philippine National Police(PNP),pnp,2025-03-02 23:01:00,Writing a story for Inquirer.net on election coverage,SUCCESSFUL,https://www.foi.gov.ph/agencies/pnp/data-on-election-related-incidents-in-nueva-ecija-from-october-202-to-february-2025/,LEA,Q1,successful,124,104,1.1923076923076923
PNP-010023150161,Index Crime,Philippine National Police(PNP),pnp,2025-03-02 23:21:00,Undergraduate Thesis,SUCCESSFUL,https://www.foi.gov.ph/agencies/pnp/index-crime/,LEA,Q1,successful,124,104,1.1923076923076923
PNP-005064544254,Crime Incident Count by Municipality 2016-2019,Philippine National Police(PNP),pnp,2025-03-03 08:56:00,Undergraduate Thesis Paper,SUCCESSFUL,https://www.foi.gov.ph/agencies/pnp/crime-incident-count-by-municipality-2016-2019/,LEA,Q1,successful,124,104,1.1923076923076923
MGB-284819161811,region 2 Flood prone Areas,Mines and Geosciences Bureau(MGB),mgb,2025-03-03 09:37:00,thesis/special problem,PARTIALLY SUCCESSFUL,https://www.foi.gov.ph/agencies/mgb/region-2-flood-prone-areas-mgb-284819161811/,NGA,Q1,partially successful,3956,97,40.78350515463917
MGB-566331675850,region 1 Flood prone,Mines and Geosciences Bureau(MGB),mgb,2025-03-03 09:45:00,special problem/thesis,DENIED,https://www.foi.gov.ph/agencies/mgb/region-1-flood-prone-mgb-566331675850/,NGA,Q1,unsuccessful,3956,97,40.78350515463917
PNP-844434083025,"Crime Statistics of City of Ilagan, Isabela",Philippine National Police(PNP),pnp,2025-03-03 10:59:00,"To be used as a reference in drafting the Coca-Cola Beverages Philippines Inc., Risk Assessment",SUCCESSFUL,https://www.foi.gov.ph/agencies/pnp/crime-statistics-of-city-of-ilagan-isabela/,LEA,Q1,successful,124,104,1.1923076923076923
BATSU-032670256812,NUMBER OF STUDENTS IN BSU-LOBO,Batangas State University(BATSU),batsu,2025-03-03 12:55:00,Architectural Thesis,DENIED,https://www.foi.gov.ph/agencies/batsu/number-of-students-in-bsu-lobo/,SUC,Q1,unsuccessful,150,131,1.1450381679389312
USAP-419529683969,Employment Records,"City of Pasig, NCR(USAP)",usap,2025-03-03 15:20:00,For research and reporting purposes,SUCCESSFUL,https://www.foi.gov.ph/agencies/usap/employment-records-usap-419529683969/,LGU,Q1,successful,44,44,1.0
PNP-191376843992,fraud report kot accept when foriegner report crime,Philippine National Police(PNP),pnp,2025-03-03 15:58:00,"Fraud report not accept from foreigner, what is wrong with the office",DENIED,https://www.foi.gov.ph/agencies/pnp/fraud-report-kot-accept-when-foriegner-report-crime/,LEA,Q1,unsuccessful,124,104,1.1923076923076923
PNP-542431869022,Juvenile Deliquency Case in Tarlac,Philippine National Police(PNP),pnp,2025-03-03 16:49:00,Architectural Research,SUCCESSFUL,https://www.foi.gov.ph/agencies/pnp/juvenile-deliquency-case-in-tarlac/,LEA,Q1,successful,124,104,1.1923076923076923
PNP-919632994185,Midsayap Crime Index Statistics (2010-2025),Philippine National Police(PNP),pnp,2025-03-04 10:19:00,Data Gathering and Presentation for the State of Municipality Address,SUCCESSFUL,https://www.foi.gov.ph/agencies/pnp/midsayap-crime-index-statistics-2010-2025/,LEA,Q1,successful,124,104,1.1923076923076923
WMSU-815574375172,TOR and Diploma CTC,Western Mindanao State University(WMSU),wmsu,2025-03-04 10:22:00,WES Credential Evaluation of Education Equivalence for University Admissions Exam,PENDING,https://www.foi.gov.ph/agencies/wmsu/tor-and-diploma-ctc/,SUC,Q1,open,150,131,1.1450381679389312
PNP-620031740557,police clearance refund,Philippine National Police(PNP),pnp,2025-03-04 13:03:00,di ko po nakuha ung police clearance kase maiden name po nailagay ko sa details DAPAT PO EH MARIBETH ENCARNACION BAYA,SUCCESSFUL,https://www.foi.gov.ph/agencies/pnp/police-clearance-refund-pnp-620031740557/,LEA,Q1,successful,124,104,1.1923076923076923
SSS-473199368215,member data change request,Social Security System(SSS),sss,2025-03-04 13:48:00,Employment purposes,SUCCESSFUL,https://www.foi.gov.ph/agencies/sss/member-data-change-request-sss-473199368215/,GOCC,Q1,successful,410,96,4.270833333333333
PNP-063899522771,REQUEST FOR CONTRACTORS (EOD/UXO DISPOSAL),Philippine National Police(PNP),pnp,2025-03-04 16:01:00,RESEARCH AND DEVELOPMENT,SUCCESSFUL,https://www.foi.gov.ph/agencies/pnp/request-for-contractors-eoduxo-disposal/,LEA,Q1,successful,124,104,1.1923076923076923
USAP-184532115856,"Request for Information on Socialized Housing Regulations in Barangay Palatiw, Pasig","City of Pasig, NCR(USAP)",usap,2025-03-04 16:54:00,Research and Development,SUCCESSFUL,https://www.foi.gov.ph/agencies/usap/request-for-information-on-socialized-housing-regulations-in-barangay-palatiw-pasig/,LGU,Q1,successful,44,44,1.0
NHA-121282502165,A Proposed Socialized Housing through Livelihood Training Center,National Housing Authority(NHA),nha,2025-03-04 17:18:00,For Undergraduate Architectural Capstone Thesis,SUCCESSFUL,https://www.foi.gov.ph/agencies/nha/a-proposed-socialized-housing-through-livelihood-training-center/,GOCC,Q1,successful,410,96,4.270833333333333
NHCP-424444803963,Catholic Church Design and Restoration,National Historical Commission of the Philippines(NHCP),nhcp,2025-03-04 18:13:00,For thesis purposes only,SUCCESSFUL,https://www.foi.gov.ph/agencies/nhcp/catholic-church-design-and-restoration/,NGA,Q1,successful,3956,97,40.78350515463917
DOH-145209550185,Statistic on case of Ovarian New Growth (dermoid cyst) in the Philippines,Department of Health(DOH),doh,2025-03-04 19:58:00,"Research, Case Presentation",SUCCESSFUL,https://www.foi.gov.ph/agencies/doh/statistic-on-case-of-ovarian-new-growth-dermoid-cyst-in-the-philippines/,NGA,Q1,successful,3956,97,40.78350515463917
SSS-556409200691,E1 Request,Social Security System(SSS),sss,2025-03-04 21:08:00,Job requirements,SUCCESSFUL,https://www.foi.gov.ph/agencies/sss/e1-request/,GOCC,Q1,successful,410,96,4.270833333333333
PUP-513972004024,Meteorological Data of Marikina City,Polytechnic University of the Philippines(PUP),pup,2025-03-04 23:04:00,Obtain accurate and up-to-date meteorological and hydrological data to support our undergraduate research on Marikina River Water Level prediction using time series analysis and machine learning.,REFERRED,https://www.foi.gov.ph/agencies/pup/meteorological-data-of-marikina-city-pup-513972004024/,SUC,Q1,referred,150,131,1.1450381679389312
DOH-550775028848,Weekly Dengue cases per barangay in Iloilo city from 2014-2024,Department of Health(DOH),doh,2025-03-05 10:01:00,Academic Research,SUCCESSFUL,https://www.foi.gov.ph/agencies/doh/weekly-dengue-cases-per-barangay-in-iloilo-city-from-2014-2024/,NGA,Q1,successful,3956,97,40.78350515463917
SSS-785904177982,Employment History,Social Security System(SSS),sss,2025-03-05 10:20:00,Provident Claim in Pagibig Fund,SUCCESSFUL,https://www.foi.gov.ph/agencies/sss/employment-history-sss-785904177982/,GOCC,Q1,successful,410,96,4.270833333333333
UPD-323643580287,UPCAT results,University of the Philippines Diliman(UPD),upd,2025-03-05 11:35:00,Research and Development,DENIED,https://www.foi.gov.ph/agencies/upd/upcat-results/,SUC,Q1,unsuccessful,150,131,1.1450381679389312
PNPDIPONL-897901221188,OLA Harrassment and Threats,Philippine National Police - Directorate for Integrated Police Operation Northern Luzon(PNPDIPONL),pnpdiponl,2025-03-05 15:03:00,Filing a complaint,PENDING,https://www.foi.gov.ph/agencies/pnpdiponl/ola-harrassment-and-threats-pnpdiponl-897901221188/,LEA,Q1,open,124,104,1.1923076923076923
PNPDIDM-505530560937,Violence Against Children Statistics,Philippine National Police - Directorate for Investigation and Detective Management(PNPDIDM),pnpdidm,2025-03-05 15:11:00,Architectural Thesis,DENIED,https://www.foi.gov.ph/agencies/pnpdidm/violence-against-children-statistics/,LEA,Q1,unsuccessful,124,104,1.1923076923076923
CAAP-783130546158,Type of Exam,Civil Aviation Authority of the Philippines(CAAP),caap,2025-03-05 15:49:00,Preparation of exam and program,SUCCESSFUL,https://www.foi.gov.ph/agencies/caap/type-of-exam/,GOCC,Q1,successful,410,96,4.270833333333333
CHED-805639661856,Approved Curricular and Course Outline for Animation and Related Fields,Commission on Higher Education(CHED),ched,2025-03-06 05:15:00,Architectural Thesis,SUCCESSFUL,https://www.foi.gov.ph/agencies/ched/approved-curricular-and-course-outline-for-animation-and-related-fields/,NGA,Q1,successful,3956,97,40.78350515463917
PNP-050732210488,The number of reported missing children from 2020 until present in CARAGA,Philippine National Police(PNP),pnp,2025-03-06 12:31:00,Research and development purposes,SUCCESSFUL,https://www.foi.gov.ph/agencies/pnp/the-number-of-reported-missing-children-from-2020-until-present-in-caraga/,LEA,Q1,successful,124,104,1.1923076923076923
USAP-119480848483,List of updated SMEs in Pasig,"City of Pasig, NCR(USAP)",usap,2025-03-06 13:08:00,For research purposes,SUCCESSFUL,https://www.foi.gov.ph/agencies/usap/list-of-updated-smes-in-pasig/,LGU,Q1,successful,44,44,1.0
PNP-372037830291,"Child Abuse Cases in NCR, Philippines",Philippine National Police(PNP),pnp,2025-03-06 16:01:00,Architectural Thesis,SUCCESSFUL,https://www.foi.gov.ph/agencies/pnp/child-abuse-cases-in-ncr-philippines/,LEA,Q1,successful,124,104,1.1923076923076923
PNP-981784692844,statistics of mental health cases inside prison and number of people arrested who have mental health issues,Philippine National Police(PNP),pnp,2025-03-06 16:20:00,Research and Development (Undergraduate Thesis Requirement),SUCCESSFUL,https://www.foi.gov.ph/agencies/pnp/statistics-of-mental-health-cases-inside-prison-and-number-of-people-arrested-who-have-mental-health-issues/,LEA,Q1,successful,124,104,1.1923076923076923
PH-717763800295,Number of PhilHealth-Accredited Physicians in Manila & Quezon City,PhilHealth(PH),ph,2025-03-06 19:31:00,"Research on physicians' knowledge, attitudes, and practices regarding Complementary and Alternative Medicine (CAM) in Type 2 Diabetes Mellitus (T2DM) management",SUCCESSFUL,https://www.foi.gov.ph/agencies/ph/number-of-philhealth-accredited-physicians-in-manila-quezon-city/,GOCC,Q1,successful,410,96,4.270833333333333
NFA-662920480220,Philippine monthly rice imports,National Food Authority(NFA),nfa,2025-03-06 22:37:00,Research and development,SUCCESSFUL,https://www.foi.gov.ph/agencies/nfa/philippine-monthly-rice-imports-nfa-662920480220/,GOCC,Q1,successful,410,96,4.270833333333333
PNP-971833523851,CICL Bulacan Data,Philippine National Police(PNP),pnp,2025-03-06 23:31:00,Architectural Thesis,SUCCESSFUL,https://www.foi.gov.ph/agencies/pnp/cicl-bulacan-data/,LEA,Q1,successful,124,104,1.1923076923076923
BagWD-720074766605,water supply and demand for baguio city 2021-2024,Baguio Water District(BagWD),bagwd,2025-03-07 09:01:00,research and development,DENIED,https://www.foi.gov.ph/agencies/bagwd/water-supply-and-demand-for-baguio-city-2021-2024/,WATER-DISTRICT,Q1,unsuccessful,17,17,1.0
PNP-415770860545,Juvenile Deliquency Case in Tarlac City,Philippine National Police(PNP),pnp,2025-03-07 09:05:00,"Thesis capstone, research and academic purposes",SUCCESSFUL,https://www.foi.gov.ph/agencies/pnp/juvenile-deliquency-case-in-tarlac-city/,LEA,Q1,successful,124,104,1.1923076923076923
NEA-662514272959,Procurement laws for ECs,National Electrification Administration(NEA),nea,2025-03-07 13:35:00,Bidding purposes,CLOSED,https://www.foi.gov.ph/agencies/nea/procurement-laws-for-ecs/,GOCC,Q1,unsuccessful,410,96,4.270833333333333
BCWD-206194848126,Discharge Measurements of the Taguibo River,Butuan City Water District(BCWD),bcwd,2025-03-07 16:41:00,Undergraduate Thesis,DENIED,https://www.foi.gov.ph/agencies/bcwd/discharge-measurements-of-the-taguibo-river/,WATER-DISTRICT,Q1,unsuccessful,17,17,1.0
HDMF-414740705983,Typical floor plan and list of spaces,Home Development Mutual Fund/Pag-IBIG Fund(HDMF),hdmf,2025-03-07 19:25:00,undergraduate thesis,CLOSED,https://www.foi.gov.ph/agencies/hdmf/typical-floor-plan-and-list-of-spaces-hdmf-414740705983/,GOCC,Q1,unsuccessful,410,96,4.270833333333333
NBI-910748137764,Typical floor plan and list of spaces,National Bureau of Investigation(NBI),nbi,2025-03-07 19:28:00,undergraduate thesis,SUCCESSFUL,https://www.foi.gov.ph/agencies/nbi/typical-floor-plan-and-list-of-spaces-nbi-910748137764/,NGA,Q1,successful,3956,97,40.78350515463917
DOLE-380272823583,Typical Floor plan and List of spaces,Department of Labor and Employment(DOLE),dole,2025-03-07 19:30:00,undergraduate thesis,PARTIALLY SUCCESSFUL,https://www.foi.gov.ph/agencies/dole/typical-floor-plan-and-list-of-spaces-dole-380272823583/,NGA,Q1,partially successful,3956,97,40.78350515463917
NHA-087640086907,Typical floor plan and list of spaces,National Housing Authority(NHA),nha,2025-03-07 19:41:00,undergraduate thesis,SUCCESSFUL,https://www.foi.gov.ph/agencies/nha/typical-floor-plan-and-list-of-spaces-nha-087640086907/,GOCC,Q1,successful,410,96,4.270833333333333
PRMSU-568109357554,BSED major in Sciences Information,President Ramon Magsaysay State University(PRMSU),prmsu,2025-03-07 19:43:00,Dissertation,SUCCESSFUL,https://www.foi.gov.ph/agencies/prmsu/bsed-major-in-sciences-information-prmsu-568109357554/,SUC,Q1,successful,150,131,1.1450381679389312
PSA-893665097489,Historical and Projected Number of Population (2015-2025) in Lipa City,Philippine Statistics Authority(PSA),psa,2025-03-08 06:00:00,Feasibility Study,PARTIALLY SUCCESSFUL,https://www.foi.gov.ph/agencies/psa/historical-and-projected-number-of-population-2015-2025-in-lipa-city/,NGA,Q1,partially successful,3956,97,40.78350515463917
PNP-482051410758,Request for Nationwide Crime Statistics for Thesis Research,Philippine National Police(PNP),pnp,2025-03-08 10:55:00,This information is crucial for my thesis as I am currently pursuing a Master's in National Security Administration.,SUCCESSFUL,https://www.foi.gov.ph/agencies/pnp/request-for-nationwide-crime-statistics-for-thesis-research-pnp-482051410758/,LEA,Q1,successful,124,104,1.1923076923076923
CIC-113869953299,REQUEST FOR PERSONAL CREDIT SCORE REPORT,Credit Information Corporation(CIC),cic,2025-03-08 14:42:00,For Loan Purposes,DENIED,https://www.foi.gov.ph/agencies/cic/request-for-personal-credit-score-report/,GOCC,Q1,unsuccessful,410,96,4.270833333333333
PSA-176576729884,Total number of government employees,Philippine Statistics Authority(PSA),psa,2025-03-08 15:55:00,Academic Research,PARTIALLY SUCCESSFUL,https://www.foi.gov.ph/agencies/psa/total-number-of-government-employees/,NGA,Q1,partially successful,3956,97,40.78350515463917
PGB-444052952995,Health Budget,Provincial Government of Bataan(PGB),pgb,2025-03-08 19:45:00,Health Economic Analysis,SUCCESSFUL,https://www.foi.gov.ph/agencies/pgb/health-budget/,LGU,Q1,successful,44,44,1.0
USAP-109295799849,CLUP,"City of Pasig, NCR(USAP)",usap,2025-03-08 20:12:00,Research and Academic Purposes,SUCCESSFUL,https://www.foi.gov.ph/agencies/usap/clup-usap-109295799849/,LGU,Q1,successful,44,44,1.0
PNP-342524765855,Implementing Rules and Regulations (IRR) of RA 11917,Philippine National Police(PNP),pnp,2025-03-09 12:42:00,Academic Purpose in teaching industrial security course,SUCCESSFUL,https://www.foi.gov.ph/agencies/pnp/implementing-rules-and-regulations-irr-of-ra-11917/,LEA,Q1,successful,124,104,1.1923076923076923
PGLU-107393547761,"La union CLUP and LPTRP, laws/codes","Province of La Union, Region I(PGLU)",pglu,2025-03-09 14:40:00,"undergrad thesis, architectural",PENDING,https://www.foi.gov.ph/agencies/pglu/la-union-clup-and-lptrp-lawscodes/,LGU,Q1,open,44,44,1.0
PNP-557111843909,Oplan Sita in Marikina City,Philippine National Police(PNP),pnp,2025-03-09 22:14:00,Undergraduate Thesis,CLOSED,https://www.foi.gov.ph/agencies/pnp/oplan-sita-in-marikina-city/,LEA,Q1,unsuccessful,124,104,1.1923076923076923
DCWD-048798325809,Feasibility Study for Davao City Bulk Water Supply Project,Davao City Water District(DCWD),dcwd,2025-03-10 08:14:00,Academic purpose,SUCCESSFUL,https://www.foi.gov.ph/agencies/dcwd/feasibility-study-for-davao-city-bulk-water-supply-project-dcwd-048798325809/,WATER-DISTRICT,Q1,successful,17,17,1.0
NIA-896374665648,All Dam Information in the Philippines,National Irrigation Administration(NIA),nia,2025-03-10 10:37:00,Research and Development,CLOSED,https://www.foi.gov.ph/agencies/nia/all-dam-information-in-the-philippines/,GOCC,Q1,unsuccessful,410,96,4.270833333333333
PNP-873677670241,Traffic Accidents in Cavite per municipal in Cavite,Philippine National Police(PNP),pnp,2025-03-10 14:10:00,Undergraduate Thesis,SUCCESSFUL,https://www.foi.gov.ph/agencies/pnp/traffic-accidents-in-cavite-per-municipal-in-cavite/,LEA,Q1,successful,124,104,1.1923076923076923
DOLE-840834916272,Regional Distribution of BPO Employees in the Philippines,Department of Labor and Employment(DOLE),dole,2025-03-10 16:19:00,Research & Development,REFERRED,https://www.foi.gov.ph/agencies/dole/regional-distribution-of-bpo-employees-in-the-philippines/,NGA,Q1,referred,3956,97,40.78350515463917
PEZA-075489536466,Regional Distribution of BPO Employees in the Philippines,Philippine Economic Zone Authority(PEZA),peza,2025-03-10 16:40:00,Research & Development,PENDING,https://www.foi.gov.ph/agencies/peza/regional-distribution-of-bpo-employees-in-the-philippines-peza-075489536466/,GOCC,Q1,open,410,96,4.270833333333333
DENRLMB-497662134413,zoning maps,Land Management Bureau(DENRLMB),denrlmb,2025-03-11 12:35:00,Research and Development,SUCCESSFUL,https://www.foi.gov.ph/agencies/denrlmb/zoning-maps/,NGA,Q1,successful,3956,97,40.78350515463917
USAP-724730396635,The number of Sari-Sari Stores in Pasig City as of 2025,"City of Pasig, NCR(USAP)",usap,2025-03-11 14:03:00,Research and Academic Purposes,SUCCESSFUL,https://www.foi.gov.ph/agencies/usap/the-number-of-sari-sari-stores-in-pasig-city-as-of-2025/,LGU,Q1,successful,44,44,1.0
PNP-582404055934,Juvenile Delinquency,Philippine National Police(PNP),pnp,2025-03-11 14:04:00,Undergraduate Thesis,CLOSED,https://www.foi.gov.ph/agencies/pnp/juvenile-delinquency-pnp-582404055934/,LEA,Q1,unsuccessful,124,104,1.1923076923076923
DOH-470210369494,Chronic Kidney Disease Cases and its Risk Factors,Department of Health(DOH),doh,2025-03-11 14:56:00,Academic Research,SUCCESSFUL,https://www.foi.gov.ph/agencies/doh/chronic-kidney-disease-cases-and-its-risk-factors/,NGA,Q1,successful,3956,97,40.78350515463917
DOH-733527408245,Philippine Orthopedic Center (Architectural Plans),Department of Health(DOH),doh,2025-03-11 19:55:00,Architectural Thesis,CLOSED,https://www.foi.gov.ph/agencies/doh/philippine-orthopedic-center-architectural-plans-doh-733527408245/,NGA,Q1,unsuccessful,3956,97,40.78350515463917
USAP-999594852311,COMPREHENSIVE LAND USE PLAN(CLUP),"City of Pasig, NCR(USAP)",usap,2025-03-12 07:56:00,ACADEMIC PURPOSES,SUCCESSFUL,https://www.foi.gov.ph/agencies/usap/comprehensive-land-use-planclup/,LGU,Q1,successful,44,44,1.0
DA-800561891379,Damage Done by Snail Infestation from 2015 to Current Date,Department of Agriculture(DA),da,2025-03-12 08:40:00,Thesis Requirement/Academic Purposes,PARTIALLY SUCCESSFUL,https://www.foi.gov.ph/agencies/da/damage-done-by-snail-infestation-from-2015-to-current-date/,NGA,Q1,partially successful,3956,97,40.78350515463917
MPSPC-198970202788,"Provincial Resolution Creating the Barangays of Pudtol, Apayao",Mountain Province State University(MPSU),mpspc,2025-03-12 10:08:00,Research and Development. For the information of barangays in the Barangay Development Plan.,SUCCESSFUL,https://www.foi.gov.ph/agencies/mpspc/provincial-resolution-creating-the-barangays-of-pudtol-apayao/,SUC,Q1,successful,150,131,1.1450381679389312
MMSU-093595917023,"Comprehensive Land Use Map, Land Conversion Map, Land Cover and Forest Land Use Planning",Mariano Marcos State University(MMSU),mmsu,2025-03-12 10:31:00,Research and Development for salt farming mapping,PENDING,https://www.foi.gov.ph/agencies/mmsu/comprehensive-land-use-map-land-conversion-map-land-cover-and-forest-land-use-planning-mmsu-093595917023/,SUC,Q1,open,150,131,1.1450381679389312
PNP-083838655650,Cybercrime Rate within the 3rd District of Laguna,Philippine National Police(PNP),pnp,2025-03-12 10:43:00,Research / Thesis,CLOSED,https://www.foi.gov.ph/agencies/pnp/cybercrime-rate-within-the-3rd-district-of-laguna/,LEA,Q1,unsuccessful,124,104,1.1923076923076923
USAP-885116268763,Request for healthcare sectore data,"City of Pasig, NCR(USAP)",usap,2025-03-12 12:38:00,Research Pursposes for Health Economic Subject,SUCCESSFUL,https://www.foi.gov.ph/agencies/usap/request-for-healthcare-sectore-data/,LGU,Q1,successful,44,44,1.0
TWD-202187300971,Administrative-based data,Tagum Water District(TWD),twd,2025-03-12 12:53:00,For the Compilation of the 2024 Provincial Product Accounts of the Philippine Sttatistics Authority,SUCCESSFUL,https://www.foi.gov.ph/agencies/twd/administrative-based-data/,WATER-DISTRICT,Q1,successful,17,17,1.0
PNP-301543062239,Comprehensive Raw Crime Data (2004–2024),Philippine National Police(PNP),pnp,2025-03-12 13:30:00,"Purposes: Research and development to conduct a detailed analysis of crime trends and patterns, so I kindly ask that you have provide data in the least aggregated form available.",SUCCESSFUL,https://www.foi.gov.ph/agencies/pnp/comprehensive-raw-crime-data-20042024/,LEA,Q1,successful,124,104,1.1923076923076923
DOH-352928571649,Morbidity and Mortality Rate,Department of Health(DOH),doh,2025-03-12 14:59:00,Research and Development,SUCCESSFUL,https://www.foi.gov.ph/agencies/doh/morbidity-and-mortality-rate-doh-352928571649/,NGA,Q1,successful,3956,97,40.78350515463917
PNP-689188780892,crime classification in bulacan,Philippine National Police(PNP),pnp,2025-03-13 00:32:00,academic research,SUCCESSFUL,https://www.foi.gov.ph/agencies/pnp/crime-classification-in-bulacan/,LEA,Q1,successful,124,104,1.1923076923076923
NHA-840024026207,Request ng Pabahay ni PBBM,National Housing Authority(NHA),nha,2025-03-13 06:56:00,request ng Pabahay ng PBBM para sa tulad nmin Informal settler,SUCCESSFUL,https://www.foi.gov.ph/agencies/nha/request-ng-pabahay-ni-pbbm/,GOCC,Q1,successful,410,96,4.270833333333333
PNP-233324669137,Violence Against Women in NCR and CAR,Philippine National Police(PNP),pnp,2025-03-13 08:16:00,Undergraduate thesis,DENIED,https://www.foi.gov.ph/agencies/pnp/violence-against-women-in-ncr-and-car-pnp-233324669137/,LEA,Q1,unsuccessful,124,104,1.1923076923076923
NKTI-484722847319,Number of hemodialysis patients in some Iloilo Province,National Kidney and Transplant Institute(NKTI),nkti,2025-03-13 08:49:00,Thesis writting,PARTIALLY SUCCESSFUL,https://www.foi.gov.ph/agencies/nkti/number-of-hemodialysis-patients-in-some-iloilo-province/,GOCC,Q1,partially successful,410,96,4.270833333333333
PNP-420444915357,PNP Crime Index,Philippine National Police(PNP),pnp,2025-03-13 12:03:00,This will be used for Institutional Risk Assessment,SUCCESSFUL,https://www.foi.gov.ph/agencies/pnp/pnp-crime-index/,LEA,Q1,successful,124,104,1.1923076923076923
LRTA-538616447569,"Architectural Plans of Legarda Station, LRT Line 2",Light Rail Transit Authority(LRTA),lrta,2025-03-13 14:55:00,Undergraduate Thesis,DENIED,https://www.foi.gov.ph/agencies/lrta/architectural-plans-of-legarda-station-lrt-line-2/,GOCC,Q1,unsuccessful,410,96,4.270833333333333
PNP-603787178357,Road Traffic Crashes on MacArthur Highway Valenzuela from 2020-2024,Philippine National Police(PNP),pnp,2025-03-13 22:10:00,Thesis Paper,SUCCESSFUL,https://www.foi.gov.ph/agencies/pnp/road-traffic-crashes-on-macarthur-highway-valenzuela-from-2020-2024/,LEA,Q1,successful,124,104,1.1923076923076923
CCP-152275671003,CCP Cultural Complex,Cultural Center of the Philippines(CCP),ccp,2025-03-13 23:41:00,Architecture Thesis,SUCCESSFUL,https://www.foi.gov.ph/agencies/ccp/ccp-cultural-complex/,GOCC,Q1,successful,410,96,4.270833333333333
SSS-806935580274,SSS Acount E1 Form,Social Security System(SSS),sss,2025-03-14 07:02:00,For Work Purposes,SUCCESSFUL,https://www.foi.gov.ph/agencies/sss/sss-acount-e1-form/,GOCC,Q1,successful,410,96,4.270833333333333
PNPDIPONL-695728981878,refund,Philippine National Police - Directorate for Integrated Police Operation Northern Luzon(PNPDIPONL),pnpdiponl,2025-03-14 17:58:00,refund of payment,PENDING,https://www.foi.gov.ph/agencies/pnpdiponl/refund-pnpdiponl-695728981878/,LEA,Q1,open,124,104,1.1923076923076923
USAP-333298463795,FLCD,"City of Pasig, NCR(USAP)",usap,2025-03-14 18:56:00,Research and Project Development,SUCCESSFUL,https://www.foi.gov.ph/agencies/usap/flcd-usap-333298463795/,LGU,Q1,successful,44,44,1.0
USAP-707417354144,Pasig City Teenage Pregnancy Rate,"City of Pasig, NCR(USAP)",usap,2025-03-14 18:56:00,Research and Project Development,SUCCESSFUL,https://www.foi.gov.ph/agencies/usap/pasig-city-teenage-pregnancy-rate/,LGU,Q1,successful,44,44,1.0
NKTI-216226739889,Follow-up to #NKTI-337505823804,National Kidney and Transplant Institute(NKTI),nkti,2025-03-14 20:25:00,for personal purposes,SUCCESSFUL,https://www.foi.gov.ph/agencies/nkti/follow-up-to-nkti-337505823804/,GOCC,Q1,successful,410,96,4.270833333333333
PH-131094453440,Number of Registered Konsulta Beneficiaries in Region 2 for the year 2024,PhilHealth(PH),ph,2025-03-14 21:50:00,To be used in my on going research in Graduate School,SUCCESSFUL,https://www.foi.gov.ph/agencies/ph/number-of-registered-konsulta-beneficiaries-in-region-2-for-the-year-2024/,GOCC,Q1,successful,410,96,4.270833333333333
MGB-121613399675,"URGENT REQUEST: Updated Shapefile of Landslide Susceptibility Map – San Andres, Romblon",Mines and Geosciences Bureau(MGB),mgb,2025-03-14 22:24:00,Research and Development,SUCCESSFUL,https://www.foi.gov.ph/agencies/mgb/urgent-request-updated-shapefile-of-landslide-susceptibility-map-san-andres-romblon/,NGA,Q1,successful,3956,97,40.78350515463917
UPPGH-066759651065,Patients with Liver Disease,University of the Philippines - Philippine General Hospital(UPPGH),uppgh,2025-03-15 08:04:00,Research Purposes/ Feasibility,CLOSED,https://www.foi.gov.ph/agencies/uppgh/patients-with-liver-disease/,SUC,Q1,unsuccessful,150,131,1.1450381679389312
USAP-258684957986,Pasig City Childrens Hospital/ Childs Hope,"City of Pasig, NCR(USAP)",usap,2025-03-15 13:16:00,Architectural Thesis,CLOSED,https://www.foi.gov.ph/agencies/usap/pasig-city-childrens-hospital-childs-hope/,LGU,Q1,unsuccessful,44,44,1.0
CGA-226665908289,Total Pediatric Bed Allotment in Antipolo City,"City of Antipolo, Region IV-A(CGA)",cga,2025-03-15 13:42:00,Architectural Thesis,PENDING,https://www.foi.gov.ph/agencies/cga/total-pediatric-bed-allotment-in-antipolo-city/,LGU,Q1,open,44,44,1.0
PCA-917761067324,Coconut farming in Quezon,Philippine Coconut Authority(PCA),pca,2025-03-15 13:53:00,Undergraduate research,ACCEPTED,https://www.foi.gov.ph/agencies/pca/coconut-farming-in-quezon/,GOCC,Q1,open,410,96,4.270833333333333
PNP-296075017853,Statistics Report of Juvenile Delinquency in the 6 Congressional Districts of the City of Manila from 2019-2024,Philippine National Police(PNP),pnp,2025-03-16 16:11:00,Undergraduate Research,CLOSED,https://www.foi.gov.ph/agencies/pnp/statistics-report-of-juvenile-delinquency-in-the-6-congressional-districts-of-the-city-of-manila-from-2019-2024-pnp-296075017853/,LEA,Q1,unsuccessful,124,104,1.1923076923076923
SSS-693173789685,John Mark Guidan,Social Security System(SSS),sss,2025-03-16 17:17:00,Resume Purposes,SUCCESSFUL,https://www.foi.gov.ph/agencies/sss/john-mark-guidan/,GOCC,Q1,successful,410,96,4.270833333333333
PAGCOR-271938005115,LOOKING FOR CONTACT NUMBER AND EMAIL ADDRESS FOR ME TO INQUIRE IF THE ONLINE CASINO WEBSITE LINK I HAVE IS LEGAL OR ILLEGAL,Philippine Amusement and Gaming Corporation(PAGCOR),pagcor,2025-03-16 19:39:00,Research / complaints / help for fast eradication of illegal online casino,SUCCESSFUL,https://www.foi.gov.ph/agencies/pagcor/looking-for-contact-number-and-email-address-for-me-to-inquire-if-the-online-casino-website-link-i-have-is-legal-or-illegal/,GOCC,Q1,successful,410,96,4.270833333333333
PH-293198394833,Number of DFU patients with Wagner stage III-IV on different treatment outcomes,PhilHealth(PH),ph,2025-03-16 20:57:00,Post-graduate (medical school) Research,CLOSED,https://www.foi.gov.ph/agencies/ph/number-of-dfu-patients-with-wagner-stage-iii-iv-on-different-treatment-outcomes/,GOCC,Q1,unsuccessful,410,96,4.270833333333333
PNP-684435174245,The number of reported abused women cases in Quezon City,Philippine National Police(PNP),pnp,2025-03-17 09:55:00,Architectural Thesis,CLOSED,https://www.foi.gov.ph/agencies/pnp/the-number-of-reported-abused-women-cases-in-quezon-city-pnp-684435174245/,LEA,Q1,unsuccessful,124,104,1.1923076923076923
USAP-785583939439,Financial Documents,"City of Pasig, NCR(USAP)",usap,2025-03-17 11:16:00,Course requirement,SUCCESSFUL,https://www.foi.gov.ph/agencies/usap/financial-documents/,LGU,Q1,successful,44,44,1.0
USAP-534697001079,Rosario Sports Complex Status,"City of Pasig, NCR(USAP)",usap,2025-03-17 15:43:00,Architectural Research,SUCCESSFUL,https://www.foi.gov.ph/agencies/usap/rosario-sports-complex-status/,LGU,Q1,successful,44,44,1.0
PNP-317463982306,number of vehicular accident in sablayan occidental mindoro,Philippine National Police(PNP),pnp,2025-03-17 16:18:00,school research,SUCCESSFUL,https://www.foi.gov.ph/agencies/pnp/number-of-vehicular-accident-in-sablayan-occidental-mindoro/,LEA,Q1,successful,124,104,1.1923076923076923
PNP-569474660224,Request of Information on Valenzuela-McArthur Highway (2019-2024),Philippine National Police(PNP),pnp,2025-03-17 17:17:00,For Research Data Gathering,CLOSED,https://www.foi.gov.ph/agencies/pnp/request-of-information-on-valenzuela-mcarthur-highway-2019-2024-pnp-569474660224/,LEA,Q1,unsuccessful,124,104,1.1923076923076923
DA-091865249828,Design and Planning Guidelines of Botanical and Agricultural Research Buildings,Department of Agriculture(DA),da,2025-03-17 18:30:00,Architectural Thesis,PARTIALLY SUCCESSFUL,https://www.foi.gov.ph/agencies/da/design-and-planning-guidelines-of-botanical-and-agricultural-research-buildings/,NGA,Q1,partially successful,3956,97,40.78350515463917
DPWH-747171997977,List of DPWH Contracts Pledged Under my Name as Materials Engineer,Department of Public Works and Highways(DPWH),dpwh,2025-03-17 20:49:00,For self monitoring and verification.,CLOSED,https://www.foi.gov.ph/agencies/dpwh/list-of-dpwh-contracts-pledged-under-my-name-as-materials-engineer/,NGA,Q1,unsuccessful,3956,97,40.78350515463917
USAP-024820231802,Contour Map,"City of Pasig, NCR(USAP)",usap,2025-03-17 22:34:00,Research thesis,SUCCESSFUL,https://www.foi.gov.ph/agencies/usap/contour-map/,LGU,Q1,successful,44,44,1.0
USAP-598008782537,Pasig city 2023 Official Zoning Map Request,"City of Pasig, NCR(USAP)",usap,2025-03-18 10:57:00,for Planning and Design,SUCCESSFUL,https://www.foi.gov.ph/agencies/usap/pasig-city-2023-official-zoning-map-request/,LGU,Q1,successful,44,44,1.0
PSA-396395428052,The official report of road accident in Mati City Davao Oriental from 2020-2024,Philippine Statistics Authority(PSA),psa,2025-03-18 11:55:00,Thesis purposes,PARTIALLY SUCCESSFUL,https://www.foi.gov.ph/agencies/psa/the-official-report-of-road-accident-in-mati-city-davao-oriental-from-2020-2024/,NGA,Q1,partially successful,3956,97,40.78350515463917
DepEd-791529175599,Unit Cost and Duration of School Building Projects,Department of Education(DepEd),deped,2025-03-18 16:44:00,Research and Development,CLOSED,https://www.foi.gov.ph/agencies/deped/unit-cost-and-duration-of-school-building-projects/,NGA,Q1,unsuccessful,3956,97,40.78350515463917
USAP-086313110336,total number of business establishments in Pasig City,"City of Pasig, NCR(USAP)",usap,2025-03-18 17:38:00,For research,SUCCESSFUL,https://www.foi.gov.ph/agencies/usap/total-number-of-business-establishments-in-pasig-city/,LGU,Q1,successful,44,44,1.0
NEA-815157791545,2024 Financial Profile of Electric Cooperatives in Region X,National Electrification Administration(NEA),nea,2025-03-18 20:12:00,Gross Regional Domestic Product and Provincial Product Accounts estimation,SUCCESSFUL,https://www.foi.gov.ph/agencies/nea/2024-financial-profile-of-electric-cooperatives-in-region-x/,GOCC,Q1,successful,410,96,4.270833333333333
PNP-349326471522,The Number of Drug Use among Drivers and Drunk Driving Incidents in REGION IVA(2023-2025),Philippine National Police(PNP),pnp,2025-03-18 20:30:00,Criminological Research,SUCCESSFUL,https://www.foi.gov.ph/agencies/pnp/the-number-of-drug-use-among-drivers-and-drunk-driving-incidents-in-region-iva2023-2025/,LEA,Q1,successful,124,104,1.1923076923076923
USAP-067464580380,Shapefiles for GIS,"City of Pasig, NCR(USAP)",usap,2025-03-19 01:35:00,For Research purposes,SUCCESSFUL,https://www.foi.gov.ph/agencies/usap/shapefiles-for-gis/,LGU,Q1,successful,44,44,1.0
NCDA-648949245846,"Number of persons with disability, by age, sex, area of residence, type of disability, and other relevant factors",National Council on Disability Affairs(NCDA),ncda,2025-03-19 08:44:00,Research and development,PENDING,https://www.foi.gov.ph/agencies/ncda/number-of-persons-with-disability-by-age-sex-area-of-residence-type-of-disability-and-other-relevant-factors/,NGA,Q1,open,3956,97,40.78350515463917
USAP-987790461904,Request for Transportation Data for Academic Research,"City of Pasig, NCR(USAP)",usap,2025-03-19 09:43:00,Undergraduate Research,SUCCESSFUL,https://www.foi.gov.ph/agencies/usap/request-for-transportation-data-for-academic-research/,LGU,Q1,successful,44,44,1.0
PNP-957891948770,Number of violators in cavite for 2023,Philippine National Police(PNP),pnp,2025-03-19 11:34:00,Undergraduate Thesis,SUCCESSFUL,https://www.foi.gov.ph/agencies/pnp/number-of-violators-in-cavite-for-2023/,LEA,Q1,successful,124,104,1.1923076923076923
BIR-742174571213,Date and Place issued of my TIN Number,Bureau of Internal Revenue(BIR),bir,2025-03-19 12:38:00,Signatory Requirement,DENIED,https://www.foi.gov.ph/agencies/bir/date-and-place-issued-of-my-tin-number/,NGA,Q1,unsuccessful,3956,97,40.78350515463917
DENR-222451643882,List of Landfill in Quezon Province,Department of Environment and Natural Resources(DENR),denr,2025-03-19 15:06:00,research and devvelopment,DENIED,https://www.foi.gov.ph/agencies/denr/list-of-landfill-in-quezon-province/,NGA,Q1,unsuccessful,3956,97,40.78350515463917
USAP-050891361347,CLUP of Pasig,"City of Pasig, NCR(USAP)",usap,2025-03-19 20:26:00,Research Purposes,SUCCESSFUL,https://www.foi.gov.ph/agencies/usap/clup-of-pasig-usap-050891361347/,LGU,Q1,successful,44,44,1.0
PH-872236887751,Data for Children with Spastic Cerebral Palsy,PhilHealth(PH),ph,2025-03-19 22:02:00,Medical Research,SUCCESSFUL,https://www.foi.gov.ph/agencies/ph/data-for-children-with-spastic-cerebral-palsy/,GOCC,Q1,successful,410,96,4.270833333333333
DSWD-911478957510,Number of CICL and CAR in North Caloocan City,Department of Social Welfare and Development(DSWD),dswd,2025-03-19 22:46:00,Undergraduate Thesis,DENIED,https://www.foi.gov.ph/agencies/dswd/number-of-cicl-and-car-in-north-caloocan-city/,NGA,Q1,unsuccessful,3956,97,40.78350515463917
PNPDPCR-896984409665,Number of CICL and CAR in Pangasinan,Philippine National Police - Directorate for Police Community Relations(PNPDPCR),pnpdpcr,2025-03-19 22:57:00,Undergraduate Thesis,DENIED,https://www.foi.gov.ph/agencies/pnpdpcr/number-of-cicl-and-car-in-pangasinan-pnpdpcr-896984409665/,LEA,Q1,unsuccessful,124,104,1.1923076923076923
DOTr-843231998994,MRT and LRT Ridership Statistics at Cubao Transfer,Department of Transportation(DOTr),dotr,2025-03-19 23:09:00,Research paper writing,CLOSED,https://www.foi.gov.ph/agencies/dotr/mrt-and-lrt-ridership-statistics-at-cubao-transfer/,NGA,Q1,unsuccessful,3956,97,40.78350515463917
URS-682571669738,Request for Researchers and Professionals Statistical Data Related to Agriculture Courses,University of Rizal System(URS),urs,2025-03-20 12:02:00,Academic Research (Architectural Thesis),SUCCESSFUL,https://www.foi.gov.ph/agencies/urs/request-for-researchers-and-professionals-statistical-data-related-to-agriculture-courses/,SUC,Q1,successful,150,131,1.1450381679389312
PNPDIDM-220057083705,Annual Statistical Data on the Number of CICLs and CARs in CALABARZON from the year 2019 to Present (2025),Philippine National Police - Directorate for Investigation and Detective Management(PNPDIDM),pnpdidm,2025-03-20 12:40:00,For Architectural Undergraduate Thesis,DENIED,https://www.foi.gov.ph/agencies/pnpdidm/annual-statistical-data-on-the-number-of-cicls-and-cars-in-calabarzon-from-the-year-2019-to-present-2025/,LEA,Q1,unsuccessful,124,104,1.1923076923076923
UPB-985401537265,"Titles, materials, and other sources on LGBTQI",University of the Philippines Baguio(UPB),upb,2025-03-20 14:29:00,Research and Development,PENDING,https://www.foi.gov.ph/agencies/upb/titles-materials-and-other-sources-on-lgbtqi-upb-985401537265/,SUC,Q1,open,150,131,1.1450381679389312
UPD-330853382642,"Titles, materials, and other sources on LGBTQIA",University of the Philippines Diliman(UPD),upd,2025-03-20 14:32:00,Research and Development,DENIED,https://www.foi.gov.ph/agencies/upd/titles-materials-and-other-sources-on-lgbtqia/,SUC,Q1,unsuccessful,150,131,1.1450381679389312
UPMIN-067323944449,"Titles, materials, and other documents on LGBTQ",University of the Philippines Mindanao(UPMIN),upmin,2025-03-20 14:38:00,Research and Development,SUCCESSFUL,https://www.foi.gov.ph/agencies/upmin/titles-materials-and-other-documents-on-lgbtq/,SUC,Q1,successful,150,131,1.1450381679389312
UPV-231307407735,"Titles, materials, and other documents on LGBTQI",University of the Philippines Visayas(UPV),upv,2025-03-20 15:06:00,Research and Development,SUCCESSFUL,https://www.foi.gov.ph/agencies/upv/titles-materials-and-other-documents-on-lgbtqi-upv-231307407735/,SUC,Q1,successful,150,131,1.1450381679389312
PIDS-548124047163,"Titles, literature, and other documents on LGBTQIA+",Philippine Institute for Development Studies(PIDS),pids,2025-03-20 15:49:00,Research and Development,DENIED,https://www.foi.gov.ph/agencies/pids/titles-literature-and-other-documents-on-lgbtqia-pids-548124047163/,GOCC,Q1,unsuccessful,410,96,4.270833333333333
DDOSC-811181088641,Number of Enrollees per HEI Type (2023-2024),Davao de Oro State College(DDOSC),ddosc,2025-03-20 16:33:00,Strategic Planning,ACCEPTED,https://www.foi.gov.ph/agencies/ddosc/number-of-enrollees-per-hei-type-2023-2024/,SUC,Q1,open,150,131,1.1450381679389312
PNP-250629325229,Request of Crime Statistics per City/Municipality,Philippine National Police(PNP),pnp,2025-03-20 17:36:00,Policy Research paper,SUCCESSFUL,https://www.foi.gov.ph/agencies/pnp/request-of-crime-statistics-per-citymunicipality/,LEA,Q1,successful,124,104,1.1923076923076923
PNP-711415745359,Annual Total Index Crimes,Philippine National Police(PNP),pnp,2025-03-20 17:39:00,Research and Development,SUCCESSFUL,https://www.foi.gov.ph/agencies/pnp/annual-total-index-crimes/,LEA,Q1,successful,124,104,1.1923076923076923
DOH-196112895009,List of Requested Documents,Department of Health(DOH),doh,2025-03-20 19:39:00,"All documents will be intended for my research that I will be using for Design 8, Your most preferential response and attention to this matter is highly appreciated.",CLOSED,https://www.foi.gov.ph/agencies/doh/list-of-requested-documents/,NGA,Q1,unsuccessful,3956,97,40.78350515463917
PNPDIDM-608522818317,CICL DATA,Philippine National Police - Directorate for Investigation and Detective Management(PNPDIDM),pnpdidm,2025-06-19 14:13:00,Architectural Thesis,DENIED,https://www.foi.gov.ph/agencies/pnpdidm/cicl-data-pnpdidm-608522818317/,LEA,Q2,unsuccessful,4,3,1.3333333333333333
PSA-931125782622,"ICT Access per Region, 2012 to 2024",Philippine Statistics Authority(PSA),psa,2025-06-19 15:32:00,Research and development,PARTIALLY SUCCESSFUL,https://www.foi.gov.ph/agencies/psa/ict-access-per-region-2012-to-2024/,NGA,Q2,partially successful,247,6,41.166666666666664
DA-084722138018,"map of latest existing land classification and agricultural/economic zones in Tubay, Agusan del Norte",Department of Agriculture(DA),da,2025-06-19 17:23:00,For EIA application / research,SUCCESSFUL,https://www.foi.gov.ph/agencies/da/map-of-latest-existing-land-classification-and-agriculturaleconomic-zones-in-tubay-agusan-del-norte/,NGA,Q2,successful,247,6,41.166666666666664
PNP-171536063762,Request for data regarding cases on minor sexual exploitation,Philippine National Police(PNP),pnp,2025-06-20 09:33:00,Undergraduate Thesis,CLOSED,https://www.foi.gov.ph/agencies/pnp/request-for-data-regarding-cases-on-minor-sexual-exploitation-pnp-171536063762/,LEA,Q2,unsuccessful,4,3,1.3333333333333333
LBP-562276341939,Recruitment Process,Land Bank of the Philippines(LBP),lbp,2025-06-20 11:13:00,For academic purposes,SUCCESSFUL,https://www.foi.gov.ph/agencies/lbp/recruitment-process-lbp-562276341939/,GOCC,Q2,successful,21,5,4.2
NDC-579659048363,Recruitment Process,National Development Company(NDC),ndc,2025-06-20 11:14:00,for academic purposes,PENDING,https://www.foi.gov.ph/agencies/ndc/recruitment-process-ndc-579659048363/,GOCC,Q2,open,21,5,4.2
MGB-143321923852,Groundwater Availability Map,Mines and Geosciences Bureau(MGB),mgb,2025-06-21 08:00:00,Master's Thesis,SUCCESSFUL,https://www.foi.gov.ph/agencies/mgb/groundwater-availability-map-mgb-143321923852/,NGA,Q2,successful,247,6,41.166666666666664
PUP-352553737758,Number of Population in PUP Manila a/y 2024-2025 1st sem,Polytechnic University of the Philippines(PUP),pup,2025-06-23 12:54:00,Research purposes,SUCCESSFUL,https://www.foi.gov.ph/agencies/pup/number-of-population-in-pup-manila-ay-2024-2025-1st-sem/,SUC,Q2,successful,19,17,1.1176470588235294
USAP-484053891458,Public bidding new city hall,"City of Pasig, NCR(USAP)",usap,2025-06-24 17:10:00,Research for School,SUCCESSFUL,https://www.foi.gov.ph/agencies/usap/public-bidding-new-city-hall/,LGU,Q2,successful,1,1,1.0
DOST-764867848981,Cone Calorimeter Testing Laboratory,Department of Science and Technology(DOST),dost,2025-06-26 01:02:00,Research and development,REFERRED,https://www.foi.gov.ph/agencies/dost/cone-calorimeter-testing-laboratory/,NGA,Q2,referred,247,6,41.166666666666664
BAYWD-962848675624,water pressure,Bayawan Water District(BAYWD),baywd,2025-06-26 08:38:00,Research and development,SUCCESSFUL,https://www.foi.gov.ph/agencies/baywd/water-pressure-baywd-962848675624/,WATER-DISTRICT,Q2,successful,32,32,1.0
PCSO-369227147342,Medical Assistance for LUPUS,Philippine Charity Sweepstakes Office(PCSO),pcso,2025-06-26 11:07:00,Medical Assistance,SUCCESSFUL,https://www.foi.gov.ph/agencies/pcso/medical-assistance-for-lupus-pcso-369227147342/,GOCC,Q2,successful,21,5,4.2
DBP-013109537386,Information regarding cloud services and system hosting,Development Bank of the Philippines(DBP),dbp,2025-06-27 04:02:00,The purpose of this request is to obtain information that will contribute to an academic study on international cloud infrastructure. This concerns your IT department.,SUCCESSFUL,https://www.foi.gov.ph/agencies/dbp/information-regarding-cloud-services-and-system-hosting-dbp-013109537386/,GOCC,Q2,successful,21,5,4.2
BLGF-786709450258,Memorandum Circular,Bureau of Local Government Finance(BLGF),blgf,2025-06-27 07:10:00,I need it for reference and guidance in my plans to avail the Real Property Tax Amnesty,SUCCESSFUL,https://www.foi.gov.ph/agencies/blgf/memorandum-circular-blgf-786709450258/,NGA,Q2,successful,247,6,41.166666666666664
PNP-526973160574,Mothly crime incidence from 2016 to 2023,Philippine National Police(PNP),pnp,2025-06-28 17:51:00,Research and Development,CLOSED,https://www.foi.gov.ph/agencies/pnp/mothly-crime-incidence-from-2016-to-2023/,LEA,Q2,unsuccessful,4,3,1.3333333333333333
DOH-099029408807,Information regarding cloud services and system hosting,Department of Health(DOH),doh,2025-06-28 19:49:00,The purpose of this request is to obtain information that will contribute to an academic study on international cloud infrastructure. This concerns your IT department.,SUCCESSFUL,https://www.foi.gov.ph/agencies/doh/information-regarding-cloud-services-and-system-hosting-doh-099029408807/,NGA,Q2,successful,247,6,41.166666666666664
PEZA-797102763260,Information regarding cloud services and system hosting,Philippine Economic Zone Authority(PEZA),peza,2025-06-29 23:47:00,The purpose of this request is to obtain information that will contribute to an academic study on international cloud infrastructure. This concerns your IT department.,PENDING,https://www.foi.gov.ph/agencies/peza/information-regarding-cloud-services-and-system-hosting-peza-797102763260/,GOCC,Q2,open,21,5,4.2
UP-754475736149,Information regarding cloud services and system hosting,University of the Philippines System(UP),up,2025-06-29 23:59:00,The purpose of this request is to obtain information that will contribute to an academic study on international cloud infrastructure. This concerns your IT department.,CLOSED,https://www.foi.gov.ph/agencies/up/information-regarding-cloud-services-and-system-hosting-up-754475736149/,SUC,Q2,unsuccessful,19,17,1.1176470588235294
ASIST-610571295130,Bootcamp request- Number of students for 2000 to 2024,Abra State Institute of Science and Technology(ASIST),asist,2025-06-30 16:54:00,research purpose,DENIED,https://www.foi.gov.ph/agencies/asist/bootcamp-request-number-of-students-for-2000-to-2024/,SUC,Q2,unsuccessful,19,17,1.1176470588235294
ASIST-674029154552,Test request - vaccine request for my parents,Abra State Institute of Science and Technology(ASIST),asist,2025-06-30 16:55:00,vaccine request,DENIED,https://www.foi.gov.ph/agencies/asist/test-request-vaccine-request-for-my-parents/,SUC,Q2,unsuccessful,19,17,1.1176470588235294
ASU-630143836823,test request- number of students from 2020 to 2024,Aklan State University(ASU),asu,2025-06-30 16:56:00,research purpose,PENDING,https://www.foi.gov.ph/agencies/asu/test-request-number-of-students-from-2020-to-2024/,SUC,Q2,open,19,17,1.1176470588235294
ASU-696209546263,test request- vaccine request for my parents,Aklan State University(ASU),asu,2025-06-30 17:06:00,vaccine request,DENIED,https://www.foi.gov.ph/agencies/asu/test-request-vaccine-request-for-my-parents-asu-696209546263/,SUC,Q2,unsuccessful,19,17,1.1176470588235294
AMWADI-712449494165,test request-request for the number of water consumer,Amulung Water District(AMWADI),amwadi,2025-06-30 17:08:00,research pupose,DENIED,https://www.foi.gov.ph/agencies/amwadi/test-request-request-for-the-number-of-water-consumer/,WATER-DISTRICT,Q2,unsuccessful,32,32,1.0
AMWADI-704410916784,test request- vaccine for my parents,Amulung Water District(AMWADI),amwadi,2025-06-30 17:09:00,vaccine request,DENIED,https://www.foi.gov.ph/agencies/amwadi/test-request-vaccine-for-my-parents/,WATER-DISTRICT,Q2,unsuccessful,32,32,1.0
ANGWD-403677731857,test request-water capacity and number of consumer,Angat Water District(ANGWD),angwd,2025-06-30 17:14:00,research purpose,DENIED,https://www.foi.gov.ph/agencies/angwd/test-request-water-capacity-and-number-of-consumer/,WATER-DISTRICT,Q2,unsuccessful,32,32,1.0
ANGWD-370556611169,test request-vaccine for my parents,Angat Water District(ANGWD),angwd,2025-06-30 17:16:00,vaccine request,DENIED,https://www.foi.gov.ph/agencies/angwd/test-request-vaccine-for-my-parents-angwd-370556611169/,WATER-DISTRICT,Q2,unsuccessful,32,32,1.0
BALWAD-349771302135,test request-water capacity and number of consumer,Baliwag Water District(BALWAD),balwad,2025-06-30 17:17:00,research purpose,DENIED,https://www.foi.gov.ph/agencies/balwad/test-request-water-capacity-and-number-of-consumer-balwad-349771302135/,WATER-DISTRICT,Q2,unsuccessful,32,32,1.0
BALWAD-899004884163,test request - vaccine request for my parents,Baliwag Water District(BALWAD),balwad,2025-06-30 17:18:00,vaccine request,DENIED,https://www.foi.gov.ph/agencies/balwad/test-request-vaccine-request-for-my-parents-balwad-899004884163/,WATER-DISTRICT,Q2,unsuccessful,32,32,1.0
BORWD-561037146046,test request-water capacity and number of consumber,Borongan Water District(BORWD),borwd,2025-06-30 17:25:00,research purpose,DENIED,https://www.foi.gov.ph/agencies/borwd/test-request-water-capacity-and-number-of-consumber/,WATER-DISTRICT,Q2,unsuccessful,32,32,1.0
BORWD-021018457311,test request - vaccine request for my parents,Borongan Water District(BORWD),borwd,2025-06-30 17:27:00,vaccine request,DENIED,https://www.foi.gov.ph/agencies/borwd/test-request-vaccine-request-for-my-parents-borwd-021018457311/,WATER-DISTRICT,Q2,unsuccessful,32,32,1.0
BUSWD-114529777165,test request-water capacity and number of consumber,Bustos Water District(BUSWD),buswd,2025-06-30 17:36:00,research purpose,DENIED,https://www.foi.gov.ph/agencies/buswd/test-request-water-capacity-and-number-of-consumber-buswd-114529777165/,WATER-DISTRICT,Q2,unsuccessful,32,32,1.0
BUSWD-359412541833,test request- vaccine for my parents,Bustos Water District(BUSWD),buswd,2025-06-30 17:37:00,request vaccine,DENIED,https://www.foi.gov.ph/agencies/buswd/test-request-vaccine-for-my-parents-buswd-359412541833/,WATER-DISTRICT,Q2,unsuccessful,32,32,1.0
CARWD-623869597328,test request- number of consumbers in your agency,Carmona Water District(CARWD),carwd,2025-06-30 17:43:00,research purpose,DENIED,https://www.foi.gov.ph/agencies/carwd/test-request-number-of-consumbers-in-your-agency/,WATER-DISTRICT,Q2,unsuccessful,32,32,1.0
CARWD-235685210281,test request-vaccine for my parents,Carmona Water District(CARWD),carwd,2025-06-30 17:46:00,vaccine request,DENIED,https://www.foi.gov.ph/agencies/carwd/test-request-vaccine-for-my-parents-carwd-235685210281/,WATER-DISTRICT,Q2,unsuccessful,32,32,1.0
CIWD-558234858465,test request-water level and number of consumer,City of Ilagan Water District(CIWD),ciwd,2025-06-30 17:47:00,research purpose,PENDING,https://www.foi.gov.ph/agencies/ciwd/test-request-water-level-and-number-of-consumer/,WATER-DISTRICT,Q2,open,32,32,1.0
CIWD-306431236207,test request- vaccine for my parents,City of Ilagan Water District(CIWD),ciwd,2025-06-30 17:52:00,vaccine request,PENDING,https://www.foi.gov.ph/agencies/ciwd/test-request-vaccine-for-my-parents-ciwd-306431236207/,WATER-DISTRICT,Q2,open,32,32,1.0
BULSU-378295917118,Bulakan Bulakan CLUP,Bulacan State University(BULSU),bulsu,2025-06-30 18:48:00,for our research plate project,SUCCESSFUL,https://www.foi.gov.ph/agencies/bulsu/bulakan-bulakan-clup/,SUC,Q2,successful,19,17,1.1176470588235294
DCWD-189309055202,test request- water consumption per barangay,Davao City Water District(DCWD),dcwd,2025-06-30 23:14:00,research purpose,ACCEPTED,https://www.foi.gov.ph/agencies/dcwd/test-request-water-consumption-per-barangay/,WATER-DISTRICT,Q2,open,32,32,1.0
DCWD-903094004945,test request - vaccine records of my family,Davao City Water District(DCWD),dcwd,2025-06-30 23:15:00,research purpose,REFERRED,https://www.foi.gov.ph/agencies/dcwd/test-request-vaccine-records-of-my-family/,WATER-DISTRICT,Q2,referred,32,32,1.0
DDNSC-951181074737,test request- number of student enrolled from 2020 to 2025,Davao Del Norte State College(DDNSC),ddnsc,2025-06-30 23:16:00,research purpose,PENDING,https://www.foi.gov.ph/agencies/ddnsc/test-request-number-of-student-enrolled-from-2020-to-2025/,SUC,Q2,open,19,17,1.1176470588235294
DDNSC-090420953656,test request- number of tourist spot in your city,Davao Del Norte State College(DDNSC),ddnsc,2025-06-30 23:17:00,research purpose,PENDING,https://www.foi.gov.ph/agencies/ddnsc/test-request-number-of-tourist-spot-in-your-city/,SUC,Q2,open,19,17,1.1176470588235294
DIPWD-804095630154,test request-number of water consumer per barangay,Dipolog City Water District(DIPWD),dipwd,2025-06-30 23:19:00,research purpose,SUCCESSFUL,https://www.foi.gov.ph/agencies/dipwd/test-request-number-of-water-consumer-per-barangay/,WATER-DISTRICT,Q2,successful,32,32,1.0
DIPWD-174638465482,test request-number of dengue cases per barangay,Dipolog City Water District(DIPWD),dipwd,2025-06-30 23:20:00,research purpose,SUCCESSFUL,https://www.foi.gov.ph/agencies/dipwd/test-request-number-of-dengue-cases-per-barangay/,WATER-DISTRICT,Q2,successful,32,32,1.0
HINWD-341164414741,test request - water consumption per barangay,Hinatuan Water District(HINWD),hinwd,2025-06-30 23:21:00,reseach purpose,CLOSED,https://www.foi.gov.ph/agencies/hinwd/test-request-water-consumption-per-barangay-hinwd-341164414741/,WATER-DISTRICT,Q2,unsuccessful,32,32,1.0
HINWD-248125890221,test request - how appoint for passport,Hinatuan Water District(HINWD),hinwd,2025-06-30 23:22:00,passport renewal,DENIED,https://www.foi.gov.ph/agencies/hinwd/test-request-how-appoint-for-passport/,WATER-DISTRICT,Q2,unsuccessful,32,32,1.0
NISU-170131345337,test request - number of enrollees from 2023 to 2024,Northern Iloilo State University(NISU),nisu,2025-06-30 23:27:00,research purpose,DENIED,https://www.foi.gov.ph/agencies/nisu/test-request-number-of-enrollees-from-2023-to-2024/,SUC,Q2,unsuccessful,19,17,1.1176470588235294
NISU-196634049171,test request - number of accidents per barangay,Northern Iloilo State University(NISU),nisu,2025-06-30 23:28:00,research purpose,DENIED,https://www.foi.gov.ph/agencies/nisu/test-request-number-of-accidents-per-barangay/,SUC,Q2,unsuccessful,19,17,1.1176470588235294
NVSU-021705608060,test request - number of enrollees from 2013 to 2020,Nueva Vizcaya State University(NVSU),nvsu,2025-06-30 23:30:00,research purpose,DENIED,https://www.foi.gov.ph/agencies/nvsu/test-request-number-of-enrollees-from-2013-to-2020/,SUC,Q2,unsuccessful,19,17,1.1176470588235294
NVSU-030601230526,test request - number of accidents per area,Nueva Vizcaya State University(NVSU),nvsu,2025-06-30 23:32:00,research purpose,DENIED,https://www.foi.gov.ph/agencies/nvsu/test-request-number-of-accidents-per-area/,SUC,Q2,unsuccessful,19,17,1.1176470588235294
PIT-618954757700,test request- number of students enrolled from 2000 to 2025,Palompon Institute of Technology(PIT),pit,2025-06-30 23:33:00,research purpose,PENDING,https://www.foi.gov.ph/agencies/pit/test-request-number-of-students-enrolled-from-2000-to-2025/,SUC,Q2,open,19,17,1.1176470588235294
PIT-188125855669,test request - number of covid cases per city,Palompon Institute of Technology(PIT),pit,2025-06-30 23:33:00,research purpose,PENDING,https://www.foi.gov.ph/agencies/pit/test-request-number-of-covid-cases-per-city/,SUC,Q2,open,19,17,1.1176470588235294
PMMA-730794363846,test request - number of enrollees from 2020 to 2024,PH Merchant Marine Academy(PMMA),pmma,2025-06-30 23:35:00,reserch purpose,SUCCESSFUL,https://www.foi.gov.ph/agencies/pmma/test-request-number-of-enrollees-from-2020-to-2024-pmma-730794363846/,SUC,Q2,successful,19,17,1.1176470588235294
PMMA-065195082557,test request - number of shipwreck,PH Merchant Marine Academy(PMMA),pmma,2025-06-30 23:36:00,research purpose,DENIED,https://www.foi.gov.ph/agencies/pmma/test-request-number-of-shipwreck/,SUC,Q2,unsuccessful,19,17,1.1176470588235294
PLAWD-471770715076,test request - number of water consumer per barangay,Plaridel Water District(PLAWD),plawd,2025-06-30 23:37:00,research purpose,DENIED,https://www.foi.gov.ph/agencies/plawd/test-request-number-of-water-consumer-per-barangay-plawd-471770715076/,WATER-DISTRICT,Q2,unsuccessful,32,32,1.0
PLAWD-059172480964,test request - number of covid victim,Plaridel Water District(PLAWD),plawd,2025-06-30 23:38:00,research purpose,DENIED,https://www.foi.gov.ph/agencies/plawd/test-request-number-of-covid-victim/,WATER-DISTRICT,Q2,unsuccessful,32,32,1.0
BWD-374295662307,test request - number of covid cases in your area,Bayugan Water District(BWD),bwd,2025-06-30 23:44:00,research purpose,DENIED,https://www.foi.gov.ph/agencies/bwd/test-request-number-of-covid-cases-in-your-area/,WATER-DISTRICT,Q2,unsuccessful,32,32,1.0
BWD-895840105294,test request - number of water consumer,Bayugan Water District(BWD),bwd,2025-06-30 23:44:00,research purpose,DENIED,https://www.foi.gov.ph/agencies/bwd/test-request-number-of-water-consumer/,WATER-DISTRICT,Q2,unsuccessful,32,32,1.0
SAGUIWAD-103457823912,test request-number of water consumer,San Guillermo Water District(SAGUIWAD),saguiwad,2025-06-30 23:46:00,resarch purpose,PENDING,https://www.foi.gov.ph/agencies/saguiwad/test-request-number-of-water-consumer-saguiwad-103457823912/,WATER-DISTRICT,Q2,open,32,32,1.0
SAGUIWAD-557209443533,test request - number of dengue cases,San Guillermo Water District(SAGUIWAD),saguiwad,2025-06-30 23:47:00,research purpose,PENDING,https://www.foi.gov.ph/agencies/saguiwad/test-request-number-of-dengue-cases/,WATER-DISTRICT,Q2,open,32,32,1.0
SAWD-830870950142,test request - number of water consumer,Santa Ana (Cagayan) Water District(SAWD),sawd,2025-06-30 23:48:00,research purpose,DENIED,https://www.foi.gov.ph/agencies/sawd/test-request-number-of-water-consumer-sawd-830870950142/,WATER-DISTRICT,Q2,unsuccessful,32,32,1.0
SAWD-407817360661,test request - number of rabies cases,Santa Ana (Cagayan) Water District(SAWD),sawd,2025-06-30 23:49:00,research purpose,DENIED,https://www.foi.gov.ph/agencies/sawd/test-request-number-of-rabies-cases/,WATER-DISTRICT,Q2,unsuccessful,32,32,1.0
TAGBINAWD-331565663847,test request - number of water consumer,Tagbina Water District(TAGBINAWD),tagbinawd,2025-06-30 23:50:00,research purpose,DENIED,https://www.foi.gov.ph/agencies/tagbinawd/test-request-number-of-water-consumer-tagbinawd-331565663847/,WATER-DISTRICT,Q2,unsuccessful,32,32,1.0
TAGBINAWD-510339184076,test request - number of dengue cases,Tagbina Water District(TAGBINAWD),tagbinawd,2025-06-30 23:51:00,reaserch purpose,DENIED,https://www.foi.gov.ph/agencies/tagbinawd/test-request-number-of-dengue-cases-tagbinawd-510339184076/,WATER-DISTRICT,Q2,unsuccessful,32,32,1.0
TWD1-202457502511,test request - number of wate consumer,Talavera Water District(TWD1),twd1,2025-06-30 23:59:00,research purpose,CLOSED,https://www.foi.gov.ph/agencies/twd1/test-request-number-of-wate-consumer/,WATER-DISTRICT,Q2,unsuccessful,32,32,1.0
TWD1-196171543039,test request - number of dengue cases,Talavera Water District(TWD1),twd1,2025-07-01 00:00:00,research purpose,CLOSED,https://www.foi.gov.ph/agencies/twd1/test-request-number-of-dengue-cases-twd1-196171543039/,WATER-DISTRICT,Q3,unsuccessful,150,150,1.0
MKWD-828623345144,test request - number of water consumer,Metro Kidapawan Water District(MKWD),mkwd,2025-07-01 00:01:00,research purpose,PENDING,https://www.foi.gov.ph/agencies/mkwd/test-request-number-of-water-consumer-mkwd-828623345144/,WATER-DISTRICT,Q3,open,150,150,1.0
MKWD-617429328568,test request - number of health pensioner,Metro Kidapawan Water District(MKWD),mkwd,2025-07-01 00:02:00,research purpose,ACCEPTED,https://www.foi.gov.ph/agencies/mkwd/test-request-number-of-health-pensioner/,WATER-DISTRICT,Q3,open,150,150,1.0
NEUST-982035424692,test request - number of dengue cases,Nueva Ecija University of Science and Technology(NEUST),neust,2025-07-01 00:04:00,research purpose,DENIED,https://www.foi.gov.ph/agencies/neust/test-request-number-of-dengue-cases-neust-982035424692/,SUC,Q3,unsuccessful,94,82,1.146341463414634
SPCWD-338744370400,test request - number of water conumsers,San Pablo City Water District(SPCWD),spcwd,2025-07-01 00:10:00,research purpose,PENDING,https://www.foi.gov.ph/agencies/spcwd/test-request-number-of-water-conumsers/,WATER-DISTRICT,Q3,open,150,150,1.0
SPCWD-645924034594,test request - number of covid cases,San Pablo City Water District(SPCWD),spcwd,2025-07-01 00:10:00,research purpose,PENDING,https://www.foi.gov.ph/agencies/spcwd/test-request-number-of-covid-cases/,WATER-DISTRICT,Q3,open,150,150,1.0
PolWD-348806604753,test request -number of water consumer,Polomolok Water District(PolWD),polwd,2025-07-01 00:11:00,research purpose,DENIED,https://www.foi.gov.ph/agencies/polwd/test-request-number-of-water-consumer-polwd-348806604753/,WATER-DISTRICT,Q3,unsuccessful,150,150,1.0
PolWD-138759596696,test request - number of enrollees from 2024 to 2025,Polomolok Water District(PolWD),polwd,2025-07-01 00:12:00,research purpose,DENIED,https://www.foi.gov.ph/agencies/polwd/test-request-number-of-enrollees-from-2024-to-2025/,WATER-DISTRICT,Q3,unsuccessful,150,150,1.0
DUMCWD-590638213130,test request - number of water consumer,DUMAGUETE CITY WATER DISTRICT(DUMCWD),dumcwd,2025-07-01 00:16:00,research purpose,CLOSED,https://www.foi.gov.ph/agencies/dumcwd/test-request-number-of-water-consumer-dumcwd-590638213130/,WATER-DISTRICT,Q3,unsuccessful,150,150,1.0
DUMCWD-922666162572,test request - nuimber of covid cases,DUMAGUETE CITY WATER DISTRICT(DUMCWD),dumcwd,2025-07-01 00:17:00,research purpose,DENIED,https://www.foi.gov.ph/agencies/dumcwd/test-request-nuimber-of-covid-cases/,WATER-DISTRICT,Q3,unsuccessful,150,150,1.0
PSU-009192942934,test request - number of enrollees from 2020 to 2024,Palawan State University(PSU),psu,2025-07-01 00:19:00,research purpose,PENDING,https://www.foi.gov.ph/agencies/psu/test-request-number-of-enrollees-from-2020-to-2024-psu-009192942934/,SUC,Q3,open,94,82,1.146341463414634
PSU-087020527458,test request number of covid cases,Palawan State University(PSU),psu,2025-07-01 00:20:00,research purpose,DENIED,https://www.foi.gov.ph/agencies/psu/test-request-number-of-covid-cases-psu-087020527458/,SUC,Q3,unsuccessful,94,82,1.146341463414634
LALWD-310031206258,test request - number of water consumber,Lal-lo Water District(LALWD),lalwd,2025-07-01 00:21:00,research purpose,PENDING,https://www.foi.gov.ph/agencies/lalwd/test-request-number-of-water-consumber/,WATER-DISTRICT,Q3,open,150,150,1.0
LALWD-955270917644,test request - number of dengue cases,Lal-lo Water District(LALWD),lalwd,2025-07-01 00:22:00,research purpose,PENDING,https://www.foi.gov.ph/agencies/lalwd/test-request-number-of-dengue-cases-lalwd-955270917644/,WATER-DISTRICT,Q3,open,150,150,1.0
SANJOSEWD-193842009459,test request - number of dengue cases,San Jose Water District(SANJOSEWD),sanjosewd,2025-07-01 00:29:00,research purpose,CLOSED,https://www.foi.gov.ph/agencies/sanjosewd/test-request-number-of-dengue-cases-sanjosewd-193842009459/,WATER-DISTRICT,Q3,unsuccessful,150,150,1.0
SANJOSEWD-741585317660,test request- number of water consumer,San Jose Water District(SANJOSEWD),sanjosewd,2025-07-01 00:29:00,research purpose,CLOSED,https://www.foi.gov.ph/agencies/sanjosewd/test-request-number-of-water-consumer-sanjosewd-741585317660/,WATER-DISTRICT,Q3,unsuccessful,150,150,1.0
SSS-624346681117,test request - number of SSS member from 2020 to 2024,Social Security System(SSS),sss,2025-07-01 00:31:00,research purpose,CLOSED,https://www.foi.gov.ph/agencies/sss/test-request-number-of-sss-member-from-2020-to-2024/,GOCC,Q3,unsuccessful,394,92,4.282608695652174
SSS-168255138906,test request- number of dengue cases,Social Security System(SSS),sss,2025-07-01 00:33:00,research purpose,CLOSED,https://www.foi.gov.ph/agencies/sss/test-request-number-of-dengue-cases-sss-168255138906/,GOCC,Q3,unsuccessful,394,92,4.282608695652174
LWUA-281973464455,test request - number of water provider,Local Water Utilities Administration(LWUA),lwua,2025-07-01 00:34:00,research purpose,PENDING,https://www.foi.gov.ph/agencies/lwua/test-request-number-of-water-provider/,GOCC,Q3,open,394,92,4.282608695652174
VWD-690035145092,test request - number of covid cases,Virac Water District(VWD),vwd,2025-07-01 00:35:00,research purpose,PENDING,https://www.foi.gov.ph/agencies/vwd/test-request-number-of-covid-cases-vwd-690035145092/,WATER-DISTRICT,Q3,open,150,150,1.0
VWD-913770820246,test request - number of water consumer,Virac Water District(VWD),vwd,2025-07-01 00:36:00,research purpose,PENDING,https://www.foi.gov.ph/agencies/vwd/test-request-number-of-water-consumer-vwd-913770820246/,WATER-DISTRICT,Q3,open,150,150,1.0
ABUWD-716867676479,test request - number of wate consumer,Abulug Water District(ABUWD),abuwd,2025-07-01 07:59:00,research purpose,SUCCESSFUL,https://www.foi.gov.ph/agencies/abuwd/test-request-number-of-wate-consumer-abuwd-716867676479/,WATER-DISTRICT,Q3,successful,150,150,1.0
ABUWD-970262563338,test request- number of dengue cases,Abulug Water District(ABUWD),abuwd,2025-07-01 08:00:00,research purpose,PROCESSING,https://www.foi.gov.ph/agencies/abuwd/test-request-number-of-dengue-cases-abuwd-970262563338/,WATER-DISTRICT,Q3,open,150,150,1.0
ALWD-749007329270,test request- number of water consumers,ALAMINOS (LAGUNA) WATER DISTRICT(ALWD),alwd,2025-07-01 08:02:00,research purpose,SUCCESSFUL,https://www.foi.gov.ph/agencies/alwd/test-request-number-of-water-consumers/,WATER-DISTRICT,Q3,successful,150,150,1.0
ALWD-768082924479,test request - number of dengue cases per barangay,ALAMINOS (LAGUNA) WATER DISTRICT(ALWD),alwd,2025-07-01 08:03:00,research purpose,DENIED,https://www.foi.gov.ph/agencies/alwd/test-request-number-of-dengue-cases-per-barangay-alwd-768082924479/,WATER-DISTRICT,Q3,unsuccessful,150,150,1.0
ALWAD-560088935748,Test request - water level capacity,Alicia Water District(ALWAD),alwad,2025-07-01 08:04:00,research purpose,SUCCESSFUL,https://www.foi.gov.ph/agencies/alwad/test-request-water-level-capacity/,WATER-DISTRICT,Q3,successful,150,150,1.0
ALWAD-720036091405,test request - dengue cases per barangay,Alicia Water District(ALWAD),alwad,2025-07-01 08:05:00,research purpose,DENIED,https://www.foi.gov.ph/agencies/alwad/test-request-dengue-cases-per-barangay/,WATER-DISTRICT,Q3,unsuccessful,150,150,1.0
ALIWD-980140574065,test request - water consumer per barangay,Alitagtag Water District(ALIWD),aliwd,2025-07-01 08:09:00,research level,PENDING,https://www.foi.gov.ph/agencies/aliwd/test-request-water-consumer-per-barangay/,WATER-DISTRICT,Q3,open,150,150,1.0
ALIWD-215538683544,test request - number of water consumer,Alitagtag Water District(ALIWD),aliwd,2025-07-01 08:10:00,research purpose,PENDING,https://www.foi.gov.ph/agencies/aliwd/test-request-number-of-water-consumer-aliwd-215538683544/,WATER-DISTRICT,Q3,open,150,150,1.0
ALIWD-616185817937,test request - dengue cases per age,Alitagtag Water District(ALIWD),aliwd,2025-07-01 08:12:00,research purpose,PENDING,https://www.foi.gov.ph/agencies/aliwd/test-request-dengue-cases-per-age/,WATER-DISTRICT,Q3,open,150,150,1.0
BaaoWD-530277882689,test request - water capacity,Baao Water District(BaaoWD),baaowd,2025-07-01 08:15:00,research purpose,SUCCESSFUL,https://www.foi.gov.ph/agencies/baaowd/test-request-water-capacity/,WATER-DISTRICT,Q3,successful,150,150,1.0
BaaoWD-311226722572,test request - number of dengue cases in your area,Baao Water District(BaaoWD),baaowd,2025-07-01 08:17:00,research purpose,DENIED,https://www.foi.gov.ph/agencies/baaowd/test-request-number-of-dengue-cases-in-your-area/,WATER-DISTRICT,Q3,unsuccessful,150,150,1.0
BOCWD-305393306248,test request - number of consumer per barangay,BOCAUE WATER DISTRICT(BOCWD),bocwd,2025-07-01 08:18:00,research purpose,CLOSED,https://www.foi.gov.ph/agencies/bocwd/test-request-number-of-consumer-per-barangay/,WATER-DISTRICT,Q3,unsuccessful,150,150,1.0
BOCWD-413626507168,test request - number of dengue cases,BOCAUE WATER DISTRICT(BOCWD),bocwd,2025-07-01 08:18:00,research purpose,CLOSED,https://www.foi.gov.ph/agencies/bocwd/test-request-number-of-dengue-cases-bocwd-413626507168/,WATER-DISTRICT,Q3,unsuccessful,150,150,1.0
BATWD-322250657524,test request - number of water consumer,Batac Water District(BATWD),batwd,2025-07-01 08:22:00,research purpose,SUCCESSFUL,https://www.foi.gov.ph/agencies/batwd/test-request-number-of-water-consumer-batwd-322250657524/,WATER-DISTRICT,Q3,successful,150,150,1.0
BATWD-260273723838,test request - number of dengue cases,Batac Water District(BATWD),batwd,2025-07-01 08:23:00,research purpose,DENIED,https://www.foi.gov.ph/agencies/batwd/test-request-number-of-dengue-cases-batwd-260273723838/,WATER-DISTRICT,Q3,unsuccessful,150,150,1.0
BATOWD-694179444269,test request - number of water consumer per barangay,Bato Water District(BATOWD),batowd,2025-07-01 08:25:00,research purpose,SUCCESSFUL,https://www.foi.gov.ph/agencies/batowd/test-request-number-of-water-consumer-per-barangay-batowd-694179444269/,WATER-DISTRICT,Q3,successful,150,150,1.0
BATOWD-564846216444,test request - number of dengue cases,Bato Water District(BATOWD),batowd,2025-07-01 08:25:00,research purpose,DENIED,https://www.foi.gov.ph/agencies/batowd/test-request-number-of-dengue-cases-batowd-564846216444/,WATER-DISTRICT,Q3,unsuccessful,150,150,1.0
BU-047372162955,test request - number of dengue cases per barangay,Bicol University(BU),bu,2025-07-01 08:28:00,research purpose,DENIED,https://www.foi.gov.ph/agencies/bu/test-request-number-of-dengue-cases-per-barangay-bu-047372162955/,SUC,Q3,unsuccessful,94,82,1.146341463414634
BU-209525652734,test request - number of enrollees from 2021 to 2023,Bicol University(BU),bu,2025-07-01 08:28:00,research purpose,SUCCESSFUL,https://www.foi.gov.ph/agencies/bu/test-request-number-of-enrollees-from-2021-to-2023/,SUC,Q3,successful,94,82,1.146341463414634
CATWD-188556555920,Test Request - Number of Dengue Cases,Catbalogan Water District(CatbWD),catwd,2025-07-01 09:18:00,Research Purposes,DENIED,https://www.foi.gov.ph/agencies/catwd/test-request-number-of-dengue-cases-catwd-188556555920/,WATER-DISTRICT,Q3,unsuccessful,150,150,1.0
CATWD-123389998764,Test Request - Number for Consumers,Catbalogan Water District(CatbWD),catwd,2025-07-01 09:18:00,Research purposes,SUCCESSFUL,https://www.foi.gov.ph/agencies/catwd/test-request-number-for-consumers/,WATER-DISTRICT,Q3,successful,150,150,1.0
CKWD-788381319164,Test Request - Number of Consumers,City of Koronadal Water District(CKWD),ckwd,2025-07-01 09:20:00,Research Purposes,DENIED,https://www.foi.gov.ph/agencies/ckwd/test-request-number-of-consumers/,WATER-DISTRICT,Q3,unsuccessful,150,150,1.0
CKWD-606730417168,Test Request - Number of Dengue Cases,City of Koronadal Water District(CKWD),ckwd,2025-07-01 09:21:00,Research Purposes,DENIED,https://www.foi.gov.ph/agencies/ckwd/test-request-number-of-dengue-cases-ckwd-606730417168/,WATER-DISTRICT,Q3,unsuccessful,150,150,1.0
CMWD-190479093712,Test Request - Number of Consumers,City of Malolos Water District(CMWD),cmwd,2025-07-01 09:22:00,Research Purposes,SUCCESSFUL,https://www.foi.gov.ph/agencies/cmwd/test-request-number-of-consumers-cmwd-190479093712/,WATER-DISTRICT,Q3,successful,150,150,1.0
CMWD-343067562772,Test Request - Number of Dengue Cases,City of Malolos Water District(CMWD),cmwd,2025-07-01 09:24:00,Research Purpose,DENIED,https://www.foi.gov.ph/agencies/cmwd/test-request-number-of-dengue-cases-cmwd-343067562772/,WATER-DISTRICT,Q3,unsuccessful,150,150,1.0
DAPWD-107886363802,Test Request - Number of Consumers,Dapitan City Water District(DAPWD),dapwd,2025-07-01 09:25:00,Research Purpose,SUCCESSFUL,https://www.foi.gov.ph/agencies/dapwd/test-request-number-of-consumers-dapwd-107886363802/,WATER-DISTRICT,Q3,successful,150,150,1.0
DAPWD-034581911107,Test Request - Number of Dengue Cases,Dapitan City Water District(DAPWD),dapwd,2025-07-01 09:26:00,Research Purpose,PENDING,https://www.foi.gov.ph/agencies/dapwd/test-request-number-of-dengue-cases-dapwd-034581911107/,WATER-DISTRICT,Q3,open,150,150,1.0
DDOSC-434092081894,Test Request - Number of Students,Davao de Oro State College(DDOSC),ddosc,2025-07-01 09:27:00,Research Purpose,SUCCESSFUL,https://www.foi.gov.ph/agencies/ddosc/test-request-number-of-students/,SUC,Q3,successful,94,82,1.146341463414634
DDOSC-896619051667,Test Request - Number of Dengue Case,Davao de Oro State College(DDOSC),ddosc,2025-07-01 09:28:00,Research Purpose,PENDING,https://www.foi.gov.ph/agencies/ddosc/test-request-number-of-dengue-case-ddosc-896619051667/,SUC,Q3,open,94,82,1.146341463414634
ESSU-746926392064,Test Request - Number of Students,Eastern Samar State University(ESSU),essu,2025-07-01 09:29:00,Research Purpose,PENDING,https://www.foi.gov.ph/agencies/essu/test-request-number-of-students-essu-746926392064/,SUC,Q3,open,94,82,1.146341463414634
ESSU-930870513038,Test Request - Number of Dengue Cases,Eastern Samar State University(ESSU),essu,2025-07-01 09:31:00,Research Purpose,PENDING,https://www.foi.gov.ph/agencies/essu/test-request-number-of-dengue-cases-essu-930870513038/,SUC,Q3,open,94,82,1.146341463414634
GSCWD-014171500725,Test Request - Number of Consumer,General Santos City Water District(GSCWD),gscwd,2025-07-01 09:32:00,Research Purpose,SUCCESSFUL,https://www.foi.gov.ph/agencies/gscwd/test-request-number-of-consumer/,WATER-DISTRICT,Q3,successful,150,150,1.0
GSCWD-593251962487,Test Request - Number of Dengue Case,General Santos City Water District(GSCWD),gscwd,2025-07-01 09:33:00,Research Purpose,DENIED,https://www.foi.gov.ph/agencies/gscwd/test-request-number-of-dengue-case-gscwd-593251962487/,WATER-DISTRICT,Q3,unsuccessful,150,150,1.0
ISATU-533490735512,Test Request - Number of Dengue Cases,Iloilo Science and Technology University(ISATU),isatu,2025-07-01 09:37:00,Research Purpose,DENIED,https://www.foi.gov.ph/agencies/isatu/test-request-number-of-dengue-cases-isatu-533490735512/,SUC,Q3,unsuccessful,94,82,1.146341463414634
ISU-472071587988,Test Request - Number of Students,Isabela State University(ISU),isu,2025-07-01 09:38:00,Research Purpose,SUCCESSFUL,https://www.foi.gov.ph/agencies/isu/test-request-number-of-students-isu-472071587988/,SUC,Q3,successful,94,82,1.146341463414634
ISU-281056710040,Test Request - Number of Dengue Case,Isabela State University(ISU),isu,2025-07-01 09:39:00,Research Purpose,DENIED,https://www.foi.gov.ph/agencies/isu/test-request-number-of-dengue-case-isu-281056710040/,SUC,Q3,unsuccessful,94,82,1.146341463414634
JHCSC-922772216168,Test Request - Number of Students,J. H. Cerilles State College(JHCSC),jhcsc,2025-07-01 09:40:00,Research Purpose,SUCCESSFUL,https://www.foi.gov.ph/agencies/jhcsc/test-request-number-of-students-jhcsc-922772216168/,SUC,Q3,successful,94,82,1.146341463414634
JHCSC-885091976348,Test Request - Number of Dengue Case,J. H. Cerilles State College(JHCSC),jhcsc,2025-07-01 09:41:00,Research Purpose,SUCCESSFUL,https://www.foi.gov.ph/agencies/jhcsc/test-request-number-of-dengue-case-jhcsc-885091976348/,SUC,Q3,successful,94,82,1.146341463414634
KOLWD-312887558382,Test Request - Number of Consumers,Kolambugan Water District(KOLWD),kolwd,2025-07-01 09:43:00,Research Purpose,SUCCESSFUL,https://www.foi.gov.ph/agencies/kolwd/test-request-number-of-consumers-kolwd-312887558382/,WATER-DISTRICT,Q3,successful,150,150,1.0
KOLWD-052187516082,Test Request - Number of Dengue Case,Kolambugan Water District(KOLWD),kolwd,2025-07-01 09:44:00,Research Purpose,DENIED,https://www.foi.gov.ph/agencies/kolwd/test-request-number-of-dengue-case-kolwd-052187516082/,WATER-DISTRICT,Q3,unsuccessful,150,150,1.0
LTWD-003309367360,Test Request - Number of Consumers,La Trinidad Water District(LTWD),ltwd,2025-07-01 09:46:00,Research Purpose,CLOSED,https://www.foi.gov.ph/agencies/ltwd/test-request-number-of-consumers-ltwd-003309367360/,WATER-DISTRICT,Q3,unsuccessful,150,150,1.0
LTWD-762989058507,Test Request - Number of Dengue Case,La Trinidad Water District(LTWD),ltwd,2025-07-01 09:48:00,Research Purpose,DENIED,https://www.foi.gov.ph/agencies/ltwd/test-request-number-of-dengue-case-ltwd-762989058507/,WATER-DISTRICT,Q3,unsuccessful,150,150,1.0
LICWD-855711993604,Test Request - Number of Consumers,Licab Water District(LICWD),licwd,2025-07-01 09:49:00,Research Purpose,SUCCESSFUL,https://www.foi.gov.ph/agencies/licwd/test-request-number-of-consumers-licwd-855711993604/,WATER-DISTRICT,Q3,successful,150,150,1.0
LICWD-167226567667,Test Request - Number of Dengue Case,Licab Water District(LICWD),licwd,2025-07-01 09:51:00,Research Purpose,DENIED,https://www.foi.gov.ph/agencies/licwd/test-request-number-of-dengue-case-licwd-167226567667/,WATER-DISTRICT,Q3,unsuccessful,150,150,1.0
MLAWD-370849566443,Test Request - Number of Consumers,M lang Water District(MLAWD),mlawd,2025-07-01 09:52:00,Research Purpose,SUCCESSFUL,https://www.foi.gov.ph/agencies/mlawd/test-request-number-of-consumers-mlawd-370849566443/,WATER-DISTRICT,Q3,successful,150,150,1.0
MLAWD-168521409758,Test Request - Number of Dengue Case,M lang Water District(MLAWD),mlawd,2025-07-01 09:53:00,Research Purpose,DENIED,https://www.foi.gov.ph/agencies/mlawd/test-request-number-of-dengue-case-mlawd-168521409758/,WATER-DISTRICT,Q3,unsuccessful,150,150,1.0
MAWADI-323869854872,Test Request - Number of Consumers,Mapandan Water District(MAWADI),mawadi,2025-07-01 09:55:00,Research Purpose,SUCCESSFUL,https://www.foi.gov.ph/agencies/mawadi/test-request-number-of-consumers-mawadi-323869854872/,WATER-DISTRICT,Q3,successful,150,150,1.0
MAWADI-161471598243,Test Request - Number of Dengue Case,Mapandan Water District(MAWADI),mawadi,2025-07-01 09:57:00,Research Purpose,DENIED,https://www.foi.gov.ph/agencies/mawadi/test-request-number-of-dengue-case-mawadi-161471598243/,WATER-DISTRICT,Q3,unsuccessful,150,150,1.0
MPC-883342795853,Test Request - Number of Students,Marikina Polytechnic University(MPC),mpc,2025-07-01 09:58:00,Research Purpose,SUCCESSFUL,https://www.foi.gov.ph/agencies/mpc/test-request-number-of-students-mpc-883342795853/,SUC,Q3,successful,94,82,1.146341463414634
MPC-683958070946,Test Request - Number of Dengue Case,Marikina Polytechnic University(MPC),mpc,2025-07-01 09:59:00,Research Purpose,DENIED,https://www.foi.gov.ph/agencies/mpc/test-request-number-of-dengue-case-mpc-683958070946/,SUC,Q3,unsuccessful,94,82,1.146341463414634
METBWD-335495060437,Test Request - Number of Consumers,Metro Bangued Water District(METBWD),metbwd,2025-07-01 10:00:00,Research Purpose,SUCCESSFUL,https://www.foi.gov.ph/agencies/metbwd/test-request-number-of-consumers-metbwd-335495060437/,WATER-DISTRICT,Q3,successful,150,150,1.0
METBWD-638459649481,Test Request - Number of Dengue Case,Metro Bangued Water District(METBWD),metbwd,2025-07-01 10:02:00,Research Purpose,DENIED,https://www.foi.gov.ph/agencies/metbwd/test-request-number-of-dengue-case-metbwd-638459649481/,WATER-DISTRICT,Q3,unsuccessful,150,150,1.0
MLWD-439556400075,Test Request - Number of Consumers,Metro Lipa Water District(MLWD),mlwd,2025-07-01 10:03:00,Research Purpose,SUCCESSFUL,https://www.foi.gov.ph/agencies/mlwd/test-request-number-of-consumers-mlwd-439556400075/,WATER-DISTRICT,Q3,successful,150,150,1.0
MLWD-754801164117,Test Request - Number of Dengue Case,Metro Lipa Water District(MLWD),mlwd,2025-07-01 10:05:00,Research Purpose,DENIED,https://www.foi.gov.ph/agencies/mlwd/test-request-number-of-dengue-case-mlwd-754801164117/,WATER-DISTRICT,Q3,unsuccessful,150,150,1.0
MURWD-555584094489,Test Request - Number of Consumers,Murcia Water District(MURWD),murwd,2025-07-01 10:07:00,Research Purpose,SUCCESSFUL,https://www.foi.gov.ph/agencies/murwd/test-request-number-of-consumers-murwd-555584094489/,WATER-DISTRICT,Q3,successful,150,150,1.0
MURWD-881380804607,Test Request - Number of Dengue Case,Murcia Water District(MURWD),murwd,2025-07-01 10:08:00,Research Purpose,DENIED,https://www.foi.gov.ph/agencies/murwd/test-request-number-of-dengue-case-murwd-881380804607/,WATER-DISTRICT,Q3,unsuccessful,150,150,1.0
SANFEWD-251068056086,Test Request - Number of Consumers,San Felipe Water District(SANFEWD),sanfewd,2025-07-01 10:12:00,Research Purpose,DENIED,https://www.foi.gov.ph/agencies/sanfewd/test-request-number-of-consumers-sanfewd-251068056086/,WATER-DISTRICT,Q3,unsuccessful,150,150,1.0
SANFEWD-585024924536,Test Request - Number of Dengue Cases,San Felipe Water District(SANFEWD),sanfewd,2025-07-01 10:13:00,Research Purpose,SUCCESSFUL,https://www.foi.gov.ph/agencies/sanfewd/test-request-number-of-dengue-cases-sanfewd-585024924536/,WATER-DISTRICT,Q3,successful,150,150,1.0
SANBWD-002456294294,Test Request - Number of Consumers,San Miguel Bulacan Water District(SAMIBUL),sanbwd,2025-07-01 10:14:00,Research Purpose,SUCCESSFUL,https://www.foi.gov.ph/agencies/sanbwd/test-request-number-of-consumers-sanbwd-002456294294/,WATER-DISTRICT,Q3,successful,150,150,1.0
SANBWD-656774821042,Test Request - Number of Dengue Case,San Miguel Bulacan Water District(SAMIBUL),sanbwd,2025-07-01 10:15:00,Research Purpose,DENIED,https://www.foi.gov.ph/agencies/sanbwd/test-request-number-of-dengue-case-sanbwd-656774821042/,WATER-DISTRICT,Q3,unsuccessful,150,150,1.0
SAMIWAD-595661163790,Test Request - Number of Consumers,Sanchez Mira Water District(SAMIWAD),samiwad,2025-07-01 10:17:00,Research Purpose,SUCCESSFUL,https://www.foi.gov.ph/agencies/samiwad/test-request-number-of-consumers-samiwad-595661163790/,WATER-DISTRICT,Q3,successful,150,150,1.0
SAMIWAD-170123142903,Test Request - Number of Dengue Case,Sanchez Mira Water District(SAMIWAD),samiwad,2025-07-01 10:18:00,Research Purpose,DENIED,https://www.foi.gov.ph/agencies/samiwad/test-request-number-of-dengue-case-samiwad-170123142903/,WATER-DISTRICT,Q3,unsuccessful,150,150,1.0
SCWD-479230865473,Test Request - Number of Consumers,Santa Cruz (Laguna) Water District(SCWD),scwd,2025-07-01 10:19:00,Research Purpose,SUCCESSFUL,https://www.foi.gov.ph/agencies/scwd/test-request-number-of-consumers-scwd-479230865473/,WATER-DISTRICT,Q3,successful,150,150,1.0
SCWD-097730946435,Test Request - Number of Dengue Case,Santa Cruz (Laguna) Water District(SCWD),scwd,2025-07-01 10:20:00,Research Purpose,DENIED,https://www.foi.gov.ph/agencies/scwd/test-request-number-of-dengue-case-scwd-097730946435/,WATER-DISTRICT,Q3,unsuccessful,150,150,1.0
SIWADI-147971081216,Test Request - Number of Consumers,Siniloan Water District(SIWADI),siwadi,2025-07-01 10:21:00,Research Purpose,SUCCESSFUL,https://www.foi.gov.ph/agencies/siwadi/test-request-number-of-consumers-siwadi-147971081216/,WATER-DISTRICT,Q3,successful,150,150,1.0
SIWADI-918614424592,Test Request - Number of Dengue Case,Siniloan Water District(SIWADI),siwadi,2025-07-01 10:22:00,Research Purpose,DENIED,https://www.foi.gov.ph/agencies/siwadi/test-request-number-of-dengue-case-siwadi-918614424592/,WATER-DISTRICT,Q3,unsuccessful,150,150,1.0
SOGWD-235770827198,Test Request - Number of Dengue Case,Sogod Water District(SOGWD),sogwd,2025-07-01 10:24:00,Research Purpose,DENIED,https://www.foi.gov.ph/agencies/sogwd/test-request-number-of-dengue-case-sogwd-235770827198/,WATER-DISTRICT,Q3,unsuccessful,150,150,1.0
SOGWD-360031821558,Test Request - Number of Consumers,Sogod Water District(SOGWD),sogwd,2025-07-01 10:24:00,Research Purposes,SUCCESSFUL,https://www.foi.gov.ph/agencies/sogwd/test-request-number-of-consumers-sogwd-360031821558/,WATER-DISTRICT,Q3,successful,150,150,1.0
SLSU-069548549961,Test Request - Number of Students,Southern Leyte State University(SLSU),slsu,2025-07-01 10:26:00,Research Purpose,SUCCESSFUL,https://www.foi.gov.ph/agencies/slsu/test-request-number-of-students-slsu-069548549961/,SUC,Q3,successful,94,82,1.146341463414634
SLSU-617984814407,Test Request - Number of Dengue Case,Southern Leyte State University(SLSU),slsu,2025-07-01 10:27:00,Research Purpose,DENIED,https://www.foi.gov.ph/agencies/slsu/test-request-number-of-dengue-case-slsu-617984814407/,SUC,Q3,unsuccessful,94,82,1.146341463414634
SIWAD-846995557208,Test Request - Number of Consumers,STA. IGNACIA WATER DISTRICT(SIWAD),siwad,2025-07-01 10:28:00,Research Purpose,CLOSED,https://www.foi.gov.ph/agencies/siwad/test-request-number-of-consumers-siwad-846995557208/,WATER-DISTRICT,Q3,unsuccessful,150,150,1.0
SIWAD-097129807731,Test Request - Number of Dengue Case,STA. IGNACIA WATER DISTRICT(SIWAD),siwad,2025-07-01 10:30:00,Research Purpose,DENIED,https://www.foi.gov.ph/agencies/siwad/test-request-number-of-dengue-case-siwad-097129807731/,WATER-DISTRICT,Q3,unsuccessful,150,150,1.0
SRWD-740237020005,Test Request - Number of Consumers,Surallah Water District(SRWD),srwd,2025-07-01 10:31:00,Research Purpose,SUCCESSFUL,https://www.foi.gov.ph/agencies/srwd/test-request-number-of-consumers-srwd-740237020005/,WATER-DISTRICT,Q3,successful,150,150,1.0
SRWD-750332803658,Test Request - Number of Dengue Case,Surallah Water District(SRWD),srwd,2025-07-01 10:31:00,Research Purpose,DENIED,https://www.foi.gov.ph/agencies/srwd/test-request-number-of-dengue-case-srwd-750332803658/,WATER-DISTRICT,Q3,unsuccessful,150,150,1.0
TANWD-672227903417,Test Request - Number of Consumers,Tanauan Water District(TANWD),tanwd,2025-07-01 10:33:00,Research Purpose,SUCCESSFUL,https://www.foi.gov.ph/agencies/tanwd/test-request-number-of-consumers-tanwd-672227903417/,WATER-DISTRICT,Q3,successful,150,150,1.0
TANWD-648982998281,Test Request - Number of Dengue Case,Tanauan Water District(TANWD),tanwd,2025-07-01 10:34:00,Research Purpose,DENIED,https://www.foi.gov.ph/agencies/tanwd/test-request-number-of-dengue-case-tanwd-648982998281/,WATER-DISTRICT,Q3,unsuccessful,150,150,1.0
TANZWD-313366256822,Test Request - Number of Consumers,Tanza Water District(TANZWD),tanzwd,2025-07-01 10:35:00,Research Purpose,SUCCESSFUL,https://www.foi.gov.ph/agencies/tanzwd/test-request-number-of-consumers-tanzwd-313366256822/,WATER-DISTRICT,Q3,successful,150,150,1.0
TANZWD-356697177861,Test Request - Number of Dengue Case,Tanza Water District(TANZWD),tanzwd,2025-07-01 10:36:00,Research Purpose,DENIED,https://www.foi.gov.ph/agencies/tanzwd/test-request-number-of-dengue-case-tanzwd-356697177861/,WATER-DISTRICT,Q3,unsuccessful,150,150,1.0
MRWD-881639626882,Test Request - Number of Consumer,Metro Roxas Water District(MRWD),mrwd,2025-07-01 11:33:00,Research Purpose,CLOSED,https://www.foi.gov.ph/agencies/mrwd/test-request-number-of-consumer-mrwd-881639626882/,WATER-DISTRICT,Q3,unsuccessful,150,150,1.0
MRWD-318726968952,Test Request - Number of Dengue Case,Metro Roxas Water District(MRWD),mrwd,2025-07-01 11:34:00,Research Purpose,DENIED,https://www.foi.gov.ph/agencies/mrwd/test-request-number-of-dengue-case-mrwd-318726968952/,WATER-DISTRICT,Q3,unsuccessful,150,150,1.0
PPA-903295413437,FACTORS AFFECTING PORT PERFORMANCE IN SELECTED AREAS IN THE PHILIPPINES AND THEIR IMPACT IN THE ECONOMIC GROWTH: 2013-2023,Philippine Ports Authority(PPA),ppa,2025-07-01 12:50:00,Research and development,SUCCESSFUL,https://www.foi.gov.ph/agencies/ppa/factors-affecting-port-performance-in-selected-areas-in-the-philippines-and-their-impact-in-the-economic-growth-2013-2023/,GOCC,Q3,successful,394,92,4.282608695652174
CULWD-151855085118,Test Request - Number of Consumers,Culasi Water District(CULWD),culwd,2025-07-01 18:38:00,Research Purpose,SUCCESSFUL,https://www.foi.gov.ph/agencies/culwd/test-request-number-of-consumers-culwd-151855085118/,WATER-DISTRICT,Q3,successful,150,150,1.0
CULWD-082033357086,Test Request - Number of Dengue Case,Culasi Water District(CULWD),culwd,2025-07-01 18:38:00,Research Purpose,DENIED,https://www.foi.gov.ph/agencies/culwd/test-request-number-of-dengue-case-culwd-082033357086/,WATER-DISTRICT,Q3,unsuccessful,150,150,1.0
TMCWD-907919159207,Test Request - Number of Dengue Case,Trece Martires City Water District(TMCWD),tmcwd,2025-07-01 18:45:00,Research Purpose,SUCCESSFUL,https://www.foi.gov.ph/agencies/tmcwd/test-request-number-of-dengue-case-tmcwd-907919159207/,WATER-DISTRICT,Q3,successful,150,150,1.0
TMCWD-609065202377,Test Request - Number of Consumers,Trece Martires City Water District(TMCWD),tmcwd,2025-07-01 18:45:00,Research Purpose,DENIED,https://www.foi.gov.ph/agencies/tmcwd/test-request-number-of-consumers-tmcwd-609065202377/,WATER-DISTRICT,Q3,unsuccessful,150,150,1.0
MADWD-266666946953,Test Request - Number of Consumers,Madrid Water District(MADWD),madwd,2025-07-01 18:53:00,Research Purpose,SUCCESSFUL,https://www.foi.gov.ph/agencies/madwd/test-request-number-of-consumers-madwd-266666946953/,WATER-DISTRICT,Q3,successful,150,150,1.0
MADWD-340925570338,Test Request - Number of Dengue Case,Madrid Water District(MADWD),madwd,2025-07-01 18:54:00,Research Purpose,CLOSED,https://www.foi.gov.ph/agencies/madwd/test-request-number-of-dengue-case-madwd-340925570338/,WATER-DISTRICT,Q3,unsuccessful,150,150,1.0
DAGCWD-098800131576,Test Request - Number of Consumers,Dagupan City Water District(DAGCWD),dagcwd,2025-07-01 18:59:00,Research Purpose,DENIED,https://www.foi.gov.ph/agencies/dagcwd/test-request-number-of-consumers-dagcwd-098800131576/,WATER-DISTRICT,Q3,unsuccessful,150,150,1.0
DAGCWD-864507817159,Test Request - Number of Dengue Case,Dagupan City Water District(DAGCWD),dagcwd,2025-07-01 19:00:00,Research Purpose,SUCCESSFUL,https://www.foi.gov.ph/agencies/dagcwd/test-request-number-of-dengue-case-dagcwd-864507817159/,WATER-DISTRICT,Q3,successful,150,150,1.0
CUYWD-758437398349,Test Request - Number of Consumers,Cuyapo Water District(CUYWD),cuywd,2025-07-01 19:42:00,Research Purpose,SUCCESSFUL,https://www.foi.gov.ph/agencies/cuywd/test-request-number-of-consumers-cuywd-758437398349/,WATER-DISTRICT,Q3,successful,150,150,1.0
CUYWD-156205841123,Test Request - Number of Dengue Case,Cuyapo Water District(CUYWD),cuywd,2025-07-01 19:43:00,Research Purpose,DENIED,https://www.foi.gov.ph/agencies/cuywd/test-request-number-of-dengue-case-cuywd-156205841123/,WATER-DISTRICT,Q3,unsuccessful,150,150,1.0
BAWADI-718334807441,Test Request - Number of Consumers,Banaue Water District(BAWADI),bawadi,2025-07-01 19:47:00,Research Purpose,CLOSED,https://www.foi.gov.ph/agencies/bawadi/test-request-number-of-consumers-bawadi-718334807441/,WATER-DISTRICT,Q3,unsuccessful,150,150,1.0
BAWADI-451893710012,Test Request - Number of Dengue Case,Banaue Water District(BAWADI),bawadi,2025-07-01 19:50:00,Research Purpose,SUCCESSFUL,https://www.foi.gov.ph/agencies/bawadi/test-request-number-of-dengue-case-bawadi-451893710012/,WATER-DISTRICT,Q3,successful,150,150,1.0
BSWD-644989365610,Test Request - Number of Consumers,Benito Soliven Water District(BSWD),bswd,2025-07-01 20:40:00,Research Purpose,SUCCESSFUL,https://www.foi.gov.ph/agencies/bswd/test-request-number-of-consumers-bswd-644989365610/,WATER-DISTRICT,Q3,successful,150,150,1.0
BSWD-300676813999,Test Request - Number of Dengue Case,Benito Soliven Water District(BSWD),bswd,2025-07-01 20:40:00,Research Purpose,DENIED,https://www.foi.gov.ph/agencies/bswd/test-request-number-of-dengue-case-bswd-300676813999/,WATER-DISTRICT,Q3,unsuccessful,150,150,1.0
BAGAWD-339257543584,Test Request - Number of Consumers,Baganga Water District(BAGAWD),bagawd,2025-07-01 20:41:00,Research Purpose,SUCCESSFUL,https://www.foi.gov.ph/agencies/bagawd/test-request-number-of-consumers-bagawd-339257543584/,WATER-DISTRICT,Q3,successful,150,150,1.0
BAGAWD-572814912720,Test Request - Number of Dengue Case,Baganga Water District(BAGAWD),bagawd,2025-07-01 20:42:00,Research Purpose,DENIED,https://www.foi.gov.ph/agencies/bagawd/test-request-number-of-dengue-case-bagawd-572814912720/,WATER-DISTRICT,Q3,unsuccessful,150,150,1.0
MORDWD-688532129366,Test Request - Number of Consumers,Morong Water District(MORDWD),mordwd,2025-07-01 20:43:00,Research Purpose,SUCCESSFUL,https://www.foi.gov.ph/agencies/mordwd/test-request-number-of-consumers-mordwd-688532129366/,WATER-DISTRICT,Q3,successful,150,150,1.0
MORDWD-608668181487,Test Request - Number of dengue Case,Morong Water District(MORDWD),mordwd,2025-07-01 20:44:00,Research Purpose,DENIED,https://www.foi.gov.ph/agencies/mordwd/test-request-number-of-dengue-case-mordwd-608668181487/,WATER-DISTRICT,Q3,unsuccessful,150,150,1.0
LEWADI-236427486150,Test Request - Number of Consumers,Lebak Water District(LEWADI),lewadi,2025-07-02 06:17:00,Research Purpose,SUCCESSFUL,https://www.foi.gov.ph/agencies/lewadi/test-request-number-of-consumers-lewadi-236427486150/,WATER-DISTRICT,Q3,successful,150,150,1.0
LEWADI-619207654292,Test Request - Number of Dengue Case,Lebak Water District(LEWADI),lewadi,2025-07-02 06:18:00,Research Purpose,DENIED,https://www.foi.gov.ph/agencies/lewadi/test-request-number-of-dengue-case-lewadi-619207654292/,WATER-DISTRICT,Q3,unsuccessful,150,150,1.0
PENAWD-386755489948,Test Request - Number of Dengue Case,Penablanca Water District(PENAWD),penawd,2025-07-02 06:19:00,Research Purpose,CLOSED,https://www.foi.gov.ph/agencies/penawd/test-request-number-of-dengue-case-penawd-386755489948/,WATER-DISTRICT,Q3,unsuccessful,150,150,1.0
PENAWD-999935210386,Test Request - Number of Consumers,Penablanca Water District(PENAWD),penawd,2025-07-02 06:19:00,Research Purpose,CLOSED,https://www.foi.gov.ph/agencies/penawd/test-request-number-of-consumers-penawd-999935210386/,WATER-DISTRICT,Q3,unsuccessful,150,150,1.0
ROXASWD-465106273456,Test Request - Number of Consumers,Roxas Water District(ROXASWD),roxaswd,2025-07-02 06:20:00,Research Purpose,SUCCESSFUL,https://www.foi.gov.ph/agencies/roxaswd/test-request-number-of-consumers-roxaswd-465106273456/,WATER-DISTRICT,Q3,successful,150,150,1.0
ROXASWD-304787508589,Test Request - Number of Dengue Case,Roxas Water District(ROXASWD),roxaswd,2025-07-02 06:21:00,Research Purpose,DENIED,https://www.foi.gov.ph/agencies/roxaswd/test-request-number-of-dengue-case-roxaswd-304787508589/,WATER-DISTRICT,Q3,unsuccessful,150,150,1.0
CABWADI-439218825315,Test Request - Number of Consumers,Cabangan Water District(CABWADI),cabwadi,2025-07-02 06:23:00,Research Purpose,SUCCESSFUL,https://www.foi.gov.ph/agencies/cabwadi/test-request-number-of-consumers-cabwadi-439218825315/,WATER-DISTRICT,Q3,successful,150,150,1.0
CABWADI-512740467328,Test Request - Number of Dengue Case,Cabangan Water District(CABWADI),cabwadi,2025-07-02 06:24:00,Research Purpose,DENIED,https://www.foi.gov.ph/agencies/cabwadi/test-request-number-of-dengue-case-cabwadi-512740467328/,WATER-DISTRICT,Q3,unsuccessful,150,150,1.0
PATWD-276230692072,Test Request - Number of Consumers,Patnongon Water District(PATWD),patwd,2025-07-02 06:25:00,Research Purpose,CLOSED,https://www.foi.gov.ph/agencies/patwd/test-request-number-of-consumers-patwd-276230692072/,WATER-DISTRICT,Q3,unsuccessful,150,150,1.0
PATWD-015012497291,Test Request - Number of Dengue Case,Patnongon Water District(PATWD),patwd,2025-07-02 06:26:00,Research Purpose,DENIED,https://www.foi.gov.ph/agencies/patwd/test-request-number-of-dengue-case-patwd-015012497291/,WATER-DISTRICT,Q3,unsuccessful,150,150,1.0
BOTWD-603829245395,Test Request - Number of Consumers,Botolan Water District(BOTWD),botwd,2025-07-02 06:27:00,Research Purpose,SUCCESSFUL,https://www.foi.gov.ph/agencies/botwd/test-request-number-of-consumers-botwd-603829245395/,WATER-DISTRICT,Q3,successful,150,150,1.0
BOTWD-446005526811,Test Request - Number of Dengue Case,Botolan Water District(BOTWD),botwd,2025-07-02 06:28:00,Research Purpose,DENIED,https://www.foi.gov.ph/agencies/botwd/test-request-number-of-dengue-case-botwd-446005526811/,WATER-DISTRICT,Q3,unsuccessful,150,150,1.0
MIWD-813667670997,Test Request - Number of Consumers,Metro Iloilo Water District(MIWD),miwd,2025-07-02 06:29:00,Research Purpose,CLOSED,https://www.foi.gov.ph/agencies/miwd/test-request-number-of-consumers-miwd-813667670997/,WATER-DISTRICT,Q3,unsuccessful,150,150,1.0
MIWD-708057766450,Test Request - Number of Dengue Case,Metro Iloilo Water District(MIWD),miwd,2025-07-02 07:28:00,Research Purpose,CLOSED,https://www.foi.gov.ph/agencies/miwd/test-request-number-of-dengue-case-miwd-708057766450/,WATER-DISTRICT,Q3,unsuccessful,150,150,1.0
BEWD-352665159483,Test Request - Number of Consumers,Belison Water District(BEWD),bewd,2025-07-02 09:45:00,Research Purpose,CLOSED,https://www.foi.gov.ph/agencies/bewd/test-request-number-of-consumers-bewd-352665159483/,WATER-DISTRICT,Q3,unsuccessful,150,150,1.0
BEWD-431512915415,Test Request - Number of Dengue Cases,Belison Water District(BEWD),bewd,2025-07-02 09:46:00,Research Purpose,SUCCESSFUL,https://www.foi.gov.ph/agencies/bewd/test-request-number-of-dengue-cases-bewd-431512915415/,WATER-DISTRICT,Q3,successful,150,150,1.0
MAMWD-758338565591,Test Request - Number of Consumers,Mambajao Water District(MAMWD),mamwd,2025-07-02 10:17:00,Research Purpose,CLOSED,https://www.foi.gov.ph/agencies/mamwd/test-request-number-of-consumers-mamwd-758338565591/,WATER-DISTRICT,Q3,unsuccessful,150,150,1.0
MAMWD-848173135126,Test Request - Number of Dengue Cases,Mambajao Water District(MAMWD),mamwd,2025-07-02 10:18:00,Research Purpose,CLOSED,https://www.foi.gov.ph/agencies/mamwd/test-request-number-of-dengue-cases-mamwd-848173135126/,WATER-DISTRICT,Q3,unsuccessful,150,150,1.0
CCP-022652006986,Manila Film Center,Cultural Center of the Philippines(CCP),ccp,2025-07-02 13:50:00,Research/Thesis,PARTIALLY SUCCESSFUL,https://www.foi.gov.ph/agencies/ccp/manila-film-center-ccp-022652006986/,GOCC,Q3,partially successful,394,92,4.282608695652174
USAP-019500144422,Request for Architectural Documents of Tanghalang Pasigueño,"City of Pasig, NCR(USAP)",usap,2025-07-02 16:17:00,Academic research,CLOSED,https://www.foi.gov.ph/agencies/usap/request-for-architectural-documents-of-tanghalang-pasigueno/,LGU,Q3,unsuccessful,71,71,1.0
COB-731412011483,LGU health scorecard data,City Government of Balanga(COB),cob,2025-07-02 17:08:00,For public health research and med school purposes,CLOSED,https://www.foi.gov.ph/agencies/cob/lgu-health-scorecard-data/,LGU,Q3,unsuccessful,71,71,1.0
DOTr-475107161430,request lot property status lrt 1 ext. project bacoor Cavite phase 2 -3,Department of Transportation(DOTr),dotr,2025-07-02 18:21:00,Request lot property status affected on your lrt. 1 ext. Project phase 2-3 to compare on your parcelary plan. On going,DENIED,https://www.foi.gov.ph/agencies/dotr/request-lot-property-status-lrt-1-ext-project-bacoor-cavite-phase-2-3/,NGA,Q3,unsuccessful,4071,100,40.71
ROMWD-923260589404,Test Request - Number of Consumers,Romblon Water District(ROMWD),romwd,2025-07-02 21:02:00,Research Purpose,SUCCESSFUL,https://www.foi.gov.ph/agencies/romwd/test-request-number-of-consumers-romwd-923260589404/,WATER-DISTRICT,Q3,successful,150,150,1.0
ROMWD-449766369960,Test Request - Number of Dengue Case,Romblon Water District(ROMWD),romwd,2025-07-02 21:03:00,Research Purpose,SUCCESSFUL,https://www.foi.gov.ph/agencies/romwd/test-request-number-of-dengue-case-romwd-449766369960/,WATER-DISTRICT,Q3,successful,150,150,1.0
TARCWD-629000493356,Test Request - Number of Consumers,Tarlac City Water District(TARCWD),tarcwd,2025-07-02 21:04:00,Research Purpose,DENIED,https://www.foi.gov.ph/agencies/tarcwd/test-request-number-of-consumers-tarcwd-629000493356/,WATER-DISTRICT,Q3,unsuccessful,150,150,1.0
TARCWD-251800652925,Test Request - Number of Dengue Case,Tarlac City Water District(TARCWD),tarcwd,2025-07-02 21:04:00,Research Purpose,DENIED,https://www.foi.gov.ph/agencies/tarcwd/test-request-number-of-dengue-case-tarcwd-251800652925/,WATER-DISTRICT,Q3,unsuccessful,150,150,1.0
PAGCOR-856009018161,Information regarding cloud services and system hosting,Philippine Amusement and Gaming Corporation(PAGCOR),pagcor,2025-07-03 06:46:00,The purpose of this request is to obtain information that will contribute to an academic study on international cloud infrastructure. This concerns your IT department.,SUCCESSFUL,https://www.foi.gov.ph/agencies/pagcor/information-regarding-cloud-services-and-system-hosting-pagcor-856009018161/,GOCC,Q3,successful,394,92,4.282608695652174
MLWD-124900305390,"Water Line Layout in Paligawan, Balete, Batangas",Metro Lipa Water District(MLWD),mlwd,2025-07-03 10:19:00,Reference for Existing Site Utilties Study,PROCESSING,https://www.foi.gov.ph/agencies/mlwd/water-line-layout-in-paligawan-balete-batangas/,WATER-DISTRICT,Q3,open,150,150,1.0
BUWD-344757168536,Test Request - Number of Consumers,Bugasong Water District(BuWD),buwd,2025-07-03 13:14:00,Research Purpose,SUCCESSFUL,https://www.foi.gov.ph/agencies/buwd/test-request-number-of-consumers-buwd-344757168536/,WATER-DISTRICT,Q3,successful,150,150,1.0
BUWD-495748505651,Test Request - Number of Dengue Case,Bugasong Water District(BuWD),buwd,2025-07-03 13:16:00,Research Purpose,CLOSED,https://www.foi.gov.ph/agencies/buwd/test-request-number-of-dengue-case-buwd-495748505651/,WATER-DISTRICT,Q3,unsuccessful,150,150,1.0
GONWD-825186270920,Test Request - Number of Consumers,Gonzaga Water District(GONWD),gonwd,2025-07-03 13:18:00,Research Purpose,CLOSED,https://www.foi.gov.ph/agencies/gonwd/test-request-number-of-consumers-gonwd-825186270920/,WATER-DISTRICT,Q3,unsuccessful,150,150,1.0
GONWD-621007821771,Test Request - Number of Dengue Case,Gonzaga Water District(GONWD),gonwd,2025-07-03 13:20:00,Research Purpose,CLOSED,https://www.foi.gov.ph/agencies/gonwd/test-request-number-of-dengue-case-gonwd-621007821771/,WATER-DISTRICT,Q3,unsuccessful,150,150,1.0
SILWD-437433890101,Test Request - Number of Dengue Case,Silang Water District(SILWD),silwd,2025-07-03 13:21:00,Research Purpose,DENIED,https://www.foi.gov.ph/agencies/silwd/test-request-number-of-dengue-case-silwd-437433890101/,WATER-DISTRICT,Q3,unsuccessful,150,150,1.0
SILWD-256375299215,Test Request - Number of Consumers,Silang Water District(SILWD),silwd,2025-07-03 13:21:00,Research Purpose,CLOSED,https://www.foi.gov.ph/agencies/silwd/test-request-number-of-consumers-silwd-256375299215/,WATER-DISTRICT,Q3,unsuccessful,150,150,1.0
ODIWD-054937654093,Test Request - Number of Consumers,Odiongan Water District(ODIWD),odiwdf,2025-07-03 13:22:00,Research Purpose,CLOSED,https://www.foi.gov.ph/agencies/odiwdf/test-request-number-of-consumers-odiwd-054937654093/,WATER-DISTRICT,Q3,unsuccessful,150,150,1.0
ODIWD-470453540524,Test Request - Number of Dengue Case,Odiongan Water District(ODIWD),odiwdf,2025-07-03 13:25:00,Research Purpose,CLOSED,https://www.foi.gov.ph/agencies/odiwdf/test-request-number-of-dengue-case-odiwd-470453540524/,WATER-DISTRICT,Q3,unsuccessful,150,150,1.0
DOLE-350143009244,Minimum duration for employee medical records in the company clinic after an employee's separation,Department of Labor and Employment(DOLE),dole,2025-07-03 13:51:00,Creation of company policy regarding medical retention and disposal,CLOSED,https://www.foi.gov.ph/agencies/dole/minimum-duration-for-employee-medical-records-in-the-company-clinic-after-an-employees-separation/,NGA,Q3,unsuccessful,4071,100,40.71
SIBWD-882245751333,Test Request - Number of Consumers,Sibalom Water District(SIBWD),sibwd,2025-07-04 07:28:00,Research Purpose,DENIED,https://www.foi.gov.ph/agencies/sibwd/test-request-number-of-consumers-sibwd-882245751333/,WATER-DISTRICT,Q3,unsuccessful,150,150,1.0
SIBWD-752553103363,Test Request - Number of Dengue Case,Sibalom Water District(SIBWD),sibwd,2025-07-04 07:29:00,Research Purpose,DENIED,https://www.foi.gov.ph/agencies/sibwd/test-request-number-of-dengue-case-sibwd-752553103363/,WATER-DISTRICT,Q3,unsuccessful,150,150,1.0
DINAWD-875303355775,Test Request - Number of Consumers,Dinagat Water District(DINAWD),dinawd,2025-07-04 07:31:00,Research Purpose,DENIED,https://www.foi.gov.ph/agencies/dinawd/test-request-number-of-consumers-dinawd-875303355775/,WATER-DISTRICT,Q3,unsuccessful,150,150,1.0
DINAWD-414513104192,Test Request - Number of Dengue Case,Dinagat Water District(DINAWD),dinawd,2025-07-04 07:32:00,Research Purpose,DENIED,https://www.foi.gov.ph/agencies/dinawd/test-request-number-of-dengue-case-dinawd-414513104192/,WATER-DISTRICT,Q3,unsuccessful,150,150,1.0
CAMIWD-618080165704,Test Request - Number of Dengue Case,Camiling Water District(CAMIWD),camiwd,2025-07-04 07:33:00,Research Purpose,CLOSED,https://www.foi.gov.ph/agencies/camiwd/test-request-number-of-dengue-case-camiwd-618080165704/,WATER-DISTRICT,Q3,unsuccessful,150,150,1.0
CAMIWD-478763635521,Test Request - Number of Consumers,Camiling Water District(CAMIWD),camiwd,2025-07-04 07:33:00,Research Purpose,CLOSED,https://www.foi.gov.ph/agencies/camiwd/test-request-number-of-consumers-camiwd-478763635521/,WATER-DISTRICT,Q3,unsuccessful,150,150,1.0
LNU-996100909324,Test Request - Number of Enrolled Students,Leyte Normal University(LNU),lnu,2025-07-04 07:34:00,Research Purpose,DENIED,https://www.foi.gov.ph/agencies/lnu/test-request-number-of-enrolled-students/,SUC,Q3,unsuccessful,94,82,1.146341463414634
MMSU-118221207013,Approved RDS,Mariano Marcos State University(MMSU),mmsu,2025-07-04 13:14:00,For the Formulation of the RDS of Caraga State University.,ACCEPTED,https://www.foi.gov.ph/agencies/mmsu/approved-rds/,SUC,Q3,open,94,82,1.146341463414634
DDOSC-706629172902,Approved Records Disposition Schedule,Davao de Oro State College(DDOSC),ddosc,2025-07-04 13:17:00,Formulation of our University's RDS,SUCCESSFUL,https://www.foi.gov.ph/agencies/ddosc/approved-records-disposition-schedule/,SUC,Q3,successful,94,82,1.146341463414634
CEZA-400367550627,Recruitment and Selection Process,Cagayan Economic Zone Authority(CEZA),ceza,2025-07-04 15:02:00,for research purposes,SUCCESSFUL,https://www.foi.gov.ph/agencies/ceza/recruitment-and-selection-process-ceza-400367550627/,GOCC,Q3,successful,394,92,4.282608695652174
USAP-987754540372,The List of Updated SME's in Pasig City,"City of Pasig, NCR(USAP)",usap,2025-07-05 14:12:00,Research Development for Market Research in Business Plan,SUCCESSFUL,https://www.foi.gov.ph/agencies/usap/the-list-of-updated-smes-in-pasig-city/,LGU,Q3,successful,71,71,1.0
PNPDIDM-884860345130,"Crime Information, Reporting and Analysis System (CIRAS) Data of PROCAR Jan0Jun 2025",Philippine National Police - Directorate for Investigation and Detective Management(PNPDIDM),pnpdidm,2025-07-06 22:11:00,For the Crime Assessment and Analysis as part of the mandate stated in RA 8551,DENIED,https://www.foi.gov.ph/agencies/pnpdidm/crime-information-reporting-and-analysis-system-ciras-data-of-procar-jan0jun-2025/,LEA,Q3,unsuccessful,122,102,1.196078431372549
PNU-961023051704,Agency's Records Disposition Schedule,Philippine Normal University(PNU),pnu,2025-07-07 08:43:00,For benchmark purposes,SUCCESSFUL,https://www.foi.gov.ph/agencies/pnu/agencys-records-disposition-schedule/,SUC,Q3,successful,94,82,1.146341463414634
NISU-701111517163,RQAT FINDINGS,Northern Iloilo State University(NISU),nisu,2025-07-07 08:58:00,For Accreditation,SUCCESSFUL,https://www.foi.gov.ph/agencies/nisu/rqat-findings-nisu-701111517163/,SUC,Q3,successful,94,82,1.146341463414634
PEZA-456241150824,Number of BPOs and Economic Zones by city/municipality (2010 to 2025),Philippine Economic Zone Authority(PEZA),peza,2025-07-07 09:54:00,Research and Development,PENDING,https://www.foi.gov.ph/agencies/peza/number-of-bpos-and-economic-zones-by-citymunicipality-2010-to-2025/,GOCC,Q3,open,394,92,4.282608695652174
PGI-536604513042,COMPREHENSIVE LAND USE,Provincial Government of Isabela(PGI),pgi,2025-07-07 11:30:00,Research and Development,SUCCESSFUL,https://www.foi.gov.ph/agencies/pgi/comprehensive-land-use-pgi-536604513042/,LGU,Q3,successful,71,71,1.0
PNP-385846229174,"PROCAR CYBER CRIME Data from the Crime Inofrmation, Reporting and Analysis System (CIRAS) Jan-June 2025",Philippine National Police(PNP),pnp,2025-07-07 17:05:00,For CAR crime assessment and analysis,SUCCESSFUL,https://www.foi.gov.ph/agencies/pnp/procar-cyber-crime-data-from-the-crime-inofrmation-reporting-and-analysis-system-ciras-jan-june-2025/,LEA,Q3,successful,122,102,1.196078431372549
PNP-306072551769,Crime Data in the City of Malolos,Philippine National Police(PNP),pnp,2025-07-08 03:11:00,"we are incoming 4th year BSIT Major in Business Analytics at Bulacan State University, and we will use the data in our capstone",SUCCESSFUL,https://www.foi.gov.ph/agencies/pnp/crime-data-in-the-city-of-malolos/,LEA,Q3,successful,122,102,1.196078431372549
UPD-771246950943,Floor Plan of IBG-KAL Theater,University of the Philippines Diliman(UPD),upd,2025-07-08 10:21:00,Undergraduate Thesis,SUCCESSFUL,https://www.foi.gov.ph/agencies/upd/floor-plan-of-ibg-kal-theater/,SUC,Q3,successful,94,82,1.146341463414634
SMWD-234376576943,Water Rate Matrix,Santa Maria Water District(SMWD),smwd,2025-07-08 11:44:00,Research and Development,SUCCESSFUL,https://www.foi.gov.ph/agencies/smwd/water-rate-matrix/,WATER-DISTRICT,Q3,successful,150,150,1.0
PH-106850981859,Asthma Cases in PhilHealth,PhilHealth(PH),ph,2025-07-08 17:43:00,Research and Development,SUCCESSFUL,https://www.foi.gov.ph/agencies/ph/asthma-cases-in-philhealth/,GOCC,Q3,successful,394,92,4.282608695652174
DILG-703091758261,Annual Budget Report,Department of the Interior and Local Government(DILG),dilg,2025-07-09 13:34:00,Provincial Product Account Estimation,DENIED,https://www.foi.gov.ph/agencies/dilg/annual-budget-report/,NGA,Q3,unsuccessful,4071,100,40.71
PNP-812093039953,Cases of Police Misconduct and Number on the Robbery Incident in Metro Manila,Philippine National Police(PNP),pnp,2025-07-10 10:56:00,Research and development,DENIED,https://www.foi.gov.ph/agencies/pnp/cases-of-police-misconduct-and-number-on-the-robbery-incident-in-metro-manila/,LEA,Q3,unsuccessful,122,102,1.196078431372549
USEP-246463510461,POLICY AND GUIDELINES ON ETEEAP,University of Southeastern Philippines(USEP),usep,2025-07-10 13:14:00,BASIS FOR THE FORMULATION OF OUR OWN ETEEAP GUIDELINES,SUCCESSFUL,https://www.foi.gov.ph/agencies/usep/policy-and-guidelines-on-eteeap/,SUC,Q3,successful,94,82,1.146341463414634
PNP-637219367671,"Hi, I would like to request the data on Crime Incidence, Crime Solved and Crime Solution Efficiency Rate, in Oriental Mindoro from 2016 to 2025 to be used for my research paper.",Philippine National Police(PNP),pnp,2025-07-10 14:38:00,Research Paper,SUCCESSFUL,https://www.foi.gov.ph/agencies/pnp/hi-i-would-like-to-request-the-data-on-crime-incidence-crime-solved-and-crime-solution-efficiency-rate-in-oriental-mindoro-from-2016-to-2025-to-be-used-for-my-research-paper/,LEA,Q3,successful,122,102,1.196078431372549
SPCWD-809511147179,Data Set on present Algae in San Pablo Lake,San Pablo City Water District(SPCWD),spcwd,2025-07-10 17:37:00,Research purpose - Thesis Writing,PENDING,https://www.foi.gov.ph/agencies/spcwd/data-set-on-present-algae-in-san-pablo-lake/,WATER-DISTRICT,Q3,open,150,150,1.0
DMMMSU-646231730840,RECORDS DISPOSITION SCHEDULE,Don Mariano Marcos Memorial State University(DMMMSU),dmmmsu,2025-07-11 14:06:00,Benchmark purposes,ACCEPTED,https://www.foi.gov.ph/agencies/dmmmsu/records-disposition-schedule-dmmmsu-646231730840/,SUC,Q3,open,94,82,1.146341463414634
NHMFC-216858854282,Recruitment and Selection Process,National Home Mortgage Finance Corporation(NHMFC),nhmfc,2025-07-11 15:07:00,for academic and research purposes,SUCCESSFUL,https://www.foi.gov.ph/agencies/nhmfc/recruitment-and-selection-process-nhmfc-216858854282/,GOCC,Q3,successful,394,92,4.282608695652174
PNP-320783381468,Request for Statistics on Drowsy Driving Incidents for Research Purposes,Philippine National Police(PNP),pnp,2025-07-11 19:33:00,Research and Development,PARTIALLY SUCCESSFUL,https://www.foi.gov.ph/agencies/pnp/request-for-statistics-on-drowsy-driving-incidents-for-research-purposes/,LEA,Q3,partially successful,122,102,1.196078431372549
NHA-972859177014,Urban Informal Settlement In Quezon Province,National Housing Authority(NHA),nha,2025-07-15 12:28:00,Research for school purpose,SUCCESSFUL,https://www.foi.gov.ph/agencies/nha/urban-informal-settlement-in-quezon-province/,GOCC,Q3,successful,394,92,4.282608695652174
NEA-861271728173,Lsit of 4Ps and Below Marginalized for the years 2022 to 2024,National Electrification Administration(NEA),nea,2025-07-15 13:17:00,For Verification and Validation of 4Ps Applicant in determining the Lifeline Rate Program (Discount on Electric Bill),REFERRED,https://www.foi.gov.ph/agencies/nea/lsit-of-4ps-and-below-marginalized-for-the-years-2022-to-2024/,GOCC,Q3,referred,394,92,4.282608695652174
PNP-871851790036,Crime Rate and Number of Police Protection Headquarters,Philippine National Police(PNP),pnp,2025-07-15 13:58:00,Research and Development,SUCCESSFUL,https://www.foi.gov.ph/agencies/pnp/crime-rate-and-number-of-police-protection-headquarters/,LEA,Q3,successful,122,102,1.196078431372549
NEA-302909463511,Current and Potential Transformer Market Size,National Electrification Administration(NEA),nea,2025-07-15 14:51:00,For business planning.,DENIED,https://www.foi.gov.ph/agencies/nea/current-and-potential-transformer-market-size/,GOCC,Q3,unsuccessful,394,92,4.282608695652174
PNPDIDM-367049482497,Statistics of resolved cold cases from 2016 to 2025,Philippine National Police - Directorate for Investigation and Detective Management(PNPDIDM),pnpdidm,2025-07-15 14:52:00,Researh and Development,DENIED,https://www.foi.gov.ph/agencies/pnpdidm/statistics-of-resolved-cold-cases-from-2016-to-2025/,LEA,Q3,unsuccessful,122,102,1.196078431372549
DOH-135849814534,Census of Thalassemia,Department of Health(DOH),doh,2025-07-15 23:14:00,Research and Development,SUCCESSFUL,https://www.foi.gov.ph/agencies/doh/census-of-thalassemia/,NGA,Q3,successful,4071,100,40.71
DOLE-385940027664,not updated benefits,Department of Labor and Employment(DOLE),dole,2025-07-16 11:53:00,Makuha ang mga benepisyo na dapat kong matangap ganun na din po ang aking separation fee at 13th month na hindi pa nakukuha.,SUCCESSFUL,https://www.foi.gov.ph/agencies/dole/not-updated-benefits/,NGA,Q3,successful,4071,100,40.71
NIA-012482428241,"List of fish pond operators in NIA-MARIIS Division 1, 2, 3, 4",National Irrigation Administration(NIA),nia,2025-07-17 15:58:00,Project Study,SUCCESSFUL,https://www.foi.gov.ph/agencies/nia/list-of-fish-pond-operators-in-nia-mariis-division-1-2-3-4/,GOCC,Q3,successful,394,92,4.282608695652174
PNP-189548809802,Statistics of resolved cold cases from 2016 to 2025 in MIMAROPA,Philippine National Police(PNP),pnp,2025-07-17 16:12:00,Research and Development,SUCCESSFUL,https://www.foi.gov.ph/agencies/pnp/statistics-of-resolved-cold-cases-from-2016-to-2025-in-mimaropa/,LEA,Q3,successful,122,102,1.196078431372549
PNPDIDM-332379232943,inquiry,Philippine National Police - Directorate for Investigation and Detective Management(PNPDIDM),pnpdidm,2025-07-18 11:08:00,To check...,DENIED,https://www.foi.gov.ph/agencies/pnpdidm/inquiry-pnpdidm-332379232943/,LEA,Q3,unsuccessful,122,102,1.196078431372549
ALWAD-332249580986,Additional informations for Engr. Sherie Joy Tan's Thesis,Alicia Water District(ALWAD),alwad,2025-07-18 11:40:00,Thesis additional informations,SUCCESSFUL,https://www.foi.gov.ph/agencies/alwad/additional-informations-for-engr-sherie-joy-tans-thesis/,WATER-DISTRICT,Q3,successful,150,150,1.0
PGI-566204060217,Tax decleration number checking,Provincial Government of Isabela(PGI),pgi,2025-07-18 15:29:00,Requesting the tax declaration number 011-12-0053-036-11,SUCCESSFUL,https://www.foi.gov.ph/agencies/pgi/tax-decleration-number-checking/,LGU,Q3,successful,71,71,1.0
METCEBWD-231908467223,Historical Water Use in Cebu City,Metropolitan Cebu Water District(METCEBWD),metcebwd,2025-07-19 16:00:00,Thesis Purposes,ACCEPTED,https://www.foi.gov.ph/agencies/metcebwd/historical-water-use-in-cebu-city/,WATER-DISTRICT,Q3,open,150,150,1.0
SSS-405730597151,Investment,Social Security System(SSS),sss,2025-07-20 17:25:00,Research and Development,SUCCESSFUL,https://www.foi.gov.ph/agencies/sss/investment/,GOCC,Q3,successful,394,92,4.282608695652174
USAP-537725949725,Number of Registered Small Businesses that has 10-99 Employees and Sell Physical Products in Pasig City District 1,"City of Pasig, NCR(USAP)",usap,2025-07-21 11:49:00,Academic Research,SUCCESSFUL,https://www.foi.gov.ph/agencies/usap/number-of-registered-small-businesses-that-has-10-99-employees-and-sell-physical-products-in-pasig-city-district-1/,LGU,Q3,successful,71,71,1.0
DOH-195743182597,"Number of cases, number of live births, and rate of Infant Mortality by City/Municipality in Oriental Mindoro for the years 2022 to 2024",Department of Health(DOH),doh,2025-07-21 15:02:00,For the compilation of the Countryside in Figures of Oriental Mindoro,PARTIALLY SUCCESSFUL,https://www.foi.gov.ph/agencies/doh/number-of-cases-number-of-live-births-and-rate-of-infant-mortality-by-citymunicipality-in-oriental-mindoro-for-the-years-2022-to-2024/,NGA,Q3,partially successful,4071,100,40.71
SILWD-441519260418,Existing Deepwell Inventory and Data in Silang Cavite,Silang Water District(SILWD),silwd,2025-07-21 16:45:00,"Supplementary data for the ongoing Geo-resistivity Survey in Brgy. Tibig Silang, Cavite.",DENIED,https://www.foi.gov.ph/agencies/silwd/existing-deepwell-inventory-and-data-in-silang-cavite/,WATER-DISTRICT,Q3,unsuccessful,150,150,1.0
UP-250982402997,Agency's Records Disposition Schedule,University of the Philippines System(UP),up,2025-07-22 14:10:00,For Benchmark purposes,SUCCESSFUL,https://www.foi.gov.ph/agencies/up/agencys-records-disposition-schedule-up-250982402997/,SUC,Q3,successful,94,82,1.146341463414634
BSU-839209007476,Agency's Records Disposition Schedule,Benguet State University(BSU),bsu,2025-07-22 14:19:00,Benchmark purposes only for our ARDS.,SUCCESSFUL,https://www.foi.gov.ph/agencies/bsu/agencys-records-disposition-schedule-bsu-839209007476/,SUC,Q3,successful,94,82,1.146341463414634
PNR-060639841843,Records of Proclamations,Philippine National Railways(PNR),pnr,2025-07-22 15:24:00,"These documents are being requested for the purpose of official documentation, verification, and inventory of land reserved for the public domain, speficically those falling under the jurisdiction of DENR CENRO Sipocot.",DENIED,https://www.foi.gov.ph/agencies/pnr/records-of-proclamations/,GOCC,Q3,unsuccessful,394,92,4.282608695652174
DOH-254345290273,Missing COVID-19 vaccine card,Department of Health(DOH),doh,2025-07-22 16:24:00,School and Hospital Duty Purposes,SUCCESSFUL,https://www.foi.gov.ph/agencies/doh/missing-covid-19-vaccine-card-doh-254345290273/,NGA,Q3,successful,4071,100,40.71
PNPDIDM-859089167281,Statistics of Missing Persons in Metro Manila,Philippine National Police - Directorate for Investigation and Detective Management(PNPDIDM),pnpdidm,2025-07-22 22:08:00,Research and educational purposes,DENIED,https://www.foi.gov.ph/agencies/pnpdidm/statistics-of-missing-persons-in-metro-manila/,LEA,Q3,unsuccessful,122,102,1.196078431372549
SSS-055897050564,SSS Contribution,Social Security System(SSS),sss,2025-07-23 21:10:00,For Visa application,SUCCESSFUL,https://www.foi.gov.ph/agencies/sss/sss-contribution-sss-055897050564/,GOCC,Q3,successful,394,92,4.282608695652174
PSA-591198763256,"Total Population of  Working Professionals in the City of Taguig by Major Occupation  Group, Age Group, and Sex for the year 2025",Philippine Statistics Authority(PSA),psa,2025-07-24 00:19:00,Undergraduate Thesis,PARTIALLY SUCCESSFUL,https://www.foi.gov.ph/agencies/psa/total-population-of-working-professionals-in-the-city-of-taguig-by-major-occupation-group-age-group-and-sex-for-the-year-2025/,NGA,Q3,partially successful,4071,100,40.71
DTI-703108694207,HS Code 294190,Department of Trade and Industry(DTI),dti,2025-07-24 08:25:00,Market Research,REFERRED,https://www.foi.gov.ph/agencies/dti/hs-code-294190/,NGA,Q3,referred,4071,100,40.71
DENRNWRB-636762888249,Latest Maynilad Water Bill,National Water Resources Board(DENRNWRB),denrnwrb,2025-07-24 14:25:00,Payment Reference,DENIED,https://www.foi.gov.ph/agencies/denrnwrb/latest-maynilad-water-bill/,NGA,Q3,unsuccessful,4071,100,40.71
CGA-025687949290,Certificate of Non-filing income tax return,"City of Antipolo, Region IV-A(CGA)",cga,2025-07-24 14:48:00,For college requirement,REFERRED,https://www.foi.gov.ph/agencies/cga/certificate-of-non-filing-income-tax-return-cga-025687949290/,LGU,Q3,referred,71,71,1.0
PFDA-400715714286,"Request for Fish Port Classification, Design Guidelines, and Post-Harvest Facility Standards for Academic Research",Philippine Fisheries Development Authority(PFDA),pfda,2025-07-24 16:16:00,For undergraduate research and thesis,SUCCESSFUL,https://www.foi.gov.ph/agencies/pfda/request-for-fish-port-classification-design-guidelines-and-post-harvest-facility-standards-for-academic-research/,GOCC,Q3,successful,394,92,4.282608695652174
SSS-882439986061,Fwd: FOI Request – 2024 SSS Collection and Transactions Breakdown per Channel,Social Security System(SSS),sss,2025-07-24 16:32:00,Purpose: Business analysis of payment trends and digital adoption in social insurance.,SUCCESSFUL,https://www.foi.gov.ph/agencies/sss/fwd-foi-request-2024-sss-collection-and-transactions-breakdown-per-channel/,GOCC,Q3,successful,394,92,4.282608695652174
DENRLMB-230451391797,CLUP of BGC,Land Management Bureau(DENRLMB),denrlmb,2025-07-25 05:01:00,Architectural Thesis,SUCCESSFUL,https://www.foi.gov.ph/agencies/denrlmb/clup-of-bgc/,NGA,Q3,successful,4071,100,40.71
BFAR-390137782079,Data on Fish Production Volume on General Santos City,Bureau of Fisheries and Aquatic Resources(BFAR),bfar,2025-07-25 08:57:00,Architectural Research Thesis,SUCCESSFUL,https://www.foi.gov.ph/agencies/bfar/data-on-fish-production-volume-on-general-santos-city/,NGA,Q3,successful,4071,100,40.71
DOLE-570151911416,Constituion and By-Laws,Department of Labor and Employment(DOLE),dole,2025-07-25 14:56:00,For creating of Organization/union of COS/JO at University of Southern Mindanao,SUCCESSFUL,https://www.foi.gov.ph/agencies/dole/constituion-and-by-laws/,NGA,Q3,successful,4071,100,40.71
PNP-844850324887,FORENSIC-RELATED CASES STATISTICS,Philippine National Police(PNP),pnp,2025-07-25 18:54:00,Architectural Thesis,DENIED,https://www.foi.gov.ph/agencies/pnp/forensic-related-cases-statistics/,LEA,Q3,unsuccessful,122,102,1.196078431372549
PNP-790212964144,Forensic-related data,Philippine National Police(PNP),pnp,2025-07-25 19:05:00,Architectural Thesis,DENIED,https://www.foi.gov.ph/agencies/pnp/forensic-related-data/,LEA,Q3,unsuccessful,122,102,1.196078431372549
PNP-566825573634,Request for Crime Statistics in North Cotabato (2000–2024),Philippine National Police(PNP),pnp,2025-07-25 19:11:00,"For academic research and development purposes, which involves analyzing crime trends in North Cotabato using data mining techniques.",SUCCESSFUL,https://www.foi.gov.ph/agencies/pnp/request-for-crime-statistics-in-north-cotabato-20002024/,LEA,Q3,successful,122,102,1.196078431372549
PNP-998584055886,Forensics,Philippine National Police(PNP),pnp,2025-07-25 20:52:00,Architectural Research,DENIED,https://www.foi.gov.ph/agencies/pnp/forensics/,LEA,Q3,unsuccessful,122,102,1.196078431372549
USAP-225998835153,Manggahan environment program list,"City of Pasig, NCR(USAP)",usap,2025-07-26 13:38:00,For research,SUCCESSFUL,https://www.foi.gov.ph/agencies/usap/manggahan-environment-program-list/,LGU,Q3,successful,71,71,1.0
PNP-066380010744,ARCHITECTURAL THESIS,Philippine National Police(PNP),pnp,2025-07-27 01:47:00,Architectural Thesis,SUCCESSFUL,https://www.foi.gov.ph/agencies/pnp/architectural-thesis-pnp-066380010744/,LEA,Q3,successful,122,102,1.196078431372549
DOH-282701169108,PCOS,Department of Health(DOH),doh,2025-07-27 22:18:00,Research and Development,SUCCESSFUL,https://www.foi.gov.ph/agencies/doh/pcos-doh-282701169108/,NGA,Q3,successful,4071,100,40.71
TIEZA-341682938160,Travel Tax Collections and Exemptions,Tourism Infrastructure and Enterprise Zone Authority(TIEZA),tieza,2025-07-28 10:16:00,For National Accounts,ACCEPTED,https://www.foi.gov.ph/agencies/tieza/travel-tax-collections-and-exemptions/,GOCC,Q3,open,394,92,4.282608695652174
DOLE-794098416008,Unemployment Rate in Cavite,Department of Labor and Employment(DOLE),dole,2025-07-28 10:47:00,The purpose of this request is for academic research and socioeconomic analysis focused on CAVITE.,DENIED,https://www.foi.gov.ph/agencies/dole/unemployment-rate-in-cavite/,NGA,Q3,unsuccessful,4071,100,40.71
SRWD2-621686189362,Water Services and Distribution in Santa Rosa,Santa Rosa (N.E.) Water District(SRWD2),srwd2,2025-07-28 11:09:00,Academic Research Study,SUCCESSFUL,https://www.foi.gov.ph/agencies/srwd2/water-services-and-distribution-in-santa-rosa/,WATER-DISTRICT,Q3,successful,150,150,1.0
DOH-973973572485,DTTB list 2015-present,Department of Health(DOH),doh,2025-07-28 17:04:00,For research purposes,PARTIALLY SUCCESSFUL,https://www.foi.gov.ph/agencies/doh/dttb-list-2015-present/,NGA,Q3,partially successful,4071,100,40.71
USAP-052160382313,HIV/AIDS cases in Pasig City,"City of Pasig, NCR(USAP)",usap,2025-07-28 19:47:00,Research and Development,SUCCESSFUL,https://www.foi.gov.ph/agencies/usap/hivaids-cases-in-pasig-city/,LGU,Q3,successful,71,71,1.0
UPD-153028662600,Antipolo - Request for Access to files for Undergraduate Thesis Projects,University of the Philippines Diliman(UPD),upd,2025-07-28 21:05:00,Academic Research,DENIED,https://www.foi.gov.ph/agencies/upd/antipolo-request-for-access-to-files-for-undergraduate-thesis-projects/,SUC,Q3,unsuccessful,94,82,1.146341463414634
DOH-942847770932,DM2025-0304,Department of Health(DOH),doh,2025-07-29 13:05:00,"Laboratory rules and regulations, enforcement of checklists by Licensing bureau",SUCCESSFUL,https://www.foi.gov.ph/agencies/doh/dm2025-0304/,NGA,Q3,successful,4071,100,40.71
PGB-865369888559,Number of INC members per Barangay in Bataan,Provincial Government of Bataan(PGB),pgb,2025-07-29 14:41:00,News research,SUCCESSFUL,https://www.foi.gov.ph/agencies/pgb/number-of-inc-members-per-barangay-in-bataan/,LGU,Q3,successful,71,71,1.0
PNP-827010752062,Crime Rate in San Mateo Rizal,Philippine National Police(PNP),pnp,2025-07-29 18:18:00,Architectural Undergraduate Thesis,SUCCESSFUL,https://www.foi.gov.ph/agencies/pnp/crime-rate-in-san-mateo-rizal/,LEA,Q3,successful,122,102,1.196078431372549
USAP-964045036139,Data Request: Pasig Public Market,"City of Pasig, NCR(USAP)",usap,2025-07-30 03:15:00,Architectural Undergraduate Thesis,PARTIALLY SUCCESSFUL,https://www.foi.gov.ph/agencies/usap/data-request-pasig-public-market/,LGU,Q3,partially successful,71,71,1.0
BATSU-865806946600,Request for Respondents for Research Data Gathering,Batangas State University(BATSU),batsu,2025-07-30 09:24:00,Research purpose,SUCCESSFUL,https://www.foi.gov.ph/agencies/batsu/request-for-respondents-for-research-data-gathering/,SUC,Q3,successful,94,82,1.146341463414634
BAYWD-589198748090,water interruption,Bayawan Water District(BAYWD),baywd,2025-07-30 13:45:00,For research,SUCCESSFUL,https://www.foi.gov.ph/agencies/baywd/water-interruption-baywd-589198748090/,WATER-DISTRICT,Q3,successful,150,150,1.0
PNP-192804767008,"Child Abuse Cases in the Philippines from January 1, 2024 to June 30, 2025.",Philippine National Police(PNP),pnp,2025-07-30 17:05:00,"Public Awareness, Report/News Article",SUCCESSFUL,https://www.foi.gov.ph/agencies/pnp/child-abuse-cases-in-the-philippines-from-january-1-2024-to-june-30-2025/,LEA,Q3,successful,122,102,1.196078431372549
PNP-764992401382,"GEOSPATIAL DATA, HOTSPOT, CRIME MAPPING",Philippine National Police(PNP),pnp,2025-07-30 20:17:00,Research and Development for my Dissertation Paper,SUCCESSFUL,https://www.foi.gov.ph/agencies/pnp/geospatial-data-hotspot-crime-mapping/,LEA,Q3,successful,122,102,1.196078431372549
DepEd-792941376776,Certificate of Complition and certificate of Good Moral,Department of Education(DepEd),deped,2025-07-31 15:34:00,Enrollment,DENIED,https://www.foi.gov.ph/agencies/deped/certificate-of-complition-and-certificate-of-good-moral/,NGA,Q3,unsuccessful,4071,100,40.71
PPMC-734939338750,2022-2024 Passenger Traffic of San Fernando Airport,Poro Point Management Corporation(PPMC),ppmc,2025-07-31 16:53:00,Estimation of Provincial Product Accounts,SUCCESSFUL,https://www.foi.gov.ph/agencies/ppmc/2022-2024-passenger-traffic-of-san-fernando-airport-ppmc-734939338750/,GOCC,Q3,successful,394,92,4.282608695652174
BULSU-537289616773,Request of Proposed Project of Malolos City Library/Museum,Bulacan State University(BULSU),bulsu,2025-07-31 21:05:00,Academic Research,SUCCESSFUL,https://www.foi.gov.ph/agencies/bulsu/request-of-proposed-project-of-malolos-city-librarymuseum/,SUC,Q3,successful,94,82,1.146341463414634
DOH-255914057568,REQUESTING FOR COVID 19 VACCINE RECORD CERTIFICATE,Department of Health(DOH),doh,2025-08-01 00:55:00,Hospital Duty,SUCCESSFUL,https://www.foi.gov.ph/agencies/doh/requesting-for-covid-19-vaccine-record-certificate/,NGA,Q3,successful,4071,100,40.71
DOH-239569659823,ENT Design Guidelines,Department of Health(DOH),doh,2025-08-01 10:43:00,Architectural Thesis,SUCCESSFUL,https://www.foi.gov.ph/agencies/doh/ent-design-guidelines/,NGA,Q3,successful,4071,100,40.71
NEA-620269891960,Advanced Metering Infrastructure,National Electrification Administration(NEA),nea,2025-08-01 10:54:00,Research and development,SUCCESSFUL,https://www.foi.gov.ph/agencies/nea/advanced-metering-infrastructure/,GOCC,Q3,successful,394,92,4.282608695652174
PNP-586881434119,8 Index Crime Trends and Patterns Data in 17 Municipalities and 1 City in the Province of North Cotabato (2016 - 2024),Philippine National Police(PNP),pnp,2025-08-01 11:20:00,Academic Research / Thesis Project,SUCCESSFUL,https://www.foi.gov.ph/agencies/pnp/8-index-crime-trends-and-patterns-data-in-17-municipalities-and-1-city-in-the-province-of-north-cotabato-2016-2024/,LEA,Q3,successful,122,102,1.196078431372549
USEP-501607223617,Revised Scheme on the Delegation of Authority,University of Southeastern Philippines(USEP),usep,2025-08-01 12:16:00,Reference for adoption of Best Practice,SUCCESSFUL,https://www.foi.gov.ph/agencies/usep/revised-scheme-on-the-delegation-of-authority/,SUC,Q3,successful,94,82,1.146341463414634
TUP-849297139358,General Weighted Average,Technological University of the Philippines(TUP),tup,2025-08-01 21:06:00,Requirements for Employment,DENIED,https://www.foi.gov.ph/agencies/tup/general-weighted-average/,SUC,Q3,unsuccessful,94,82,1.146341463414634
DENRLMB-188230708338,"Conception, Tarlac City- Request for Access to files of CDP & CLUP",Land Management Bureau(DENRLMB),denrlmb,2025-08-02 01:24:00,Academic Research,SUCCESSFUL,https://www.foi.gov.ph/agencies/denrlmb/conception-tarlac-city-request-for-access-to-files-of-cdp-clup/,NGA,Q3,successful,4071,100,40.71
DENRLMB-458494009407,"Baliwag, Bulacan- Request for Access to files of CDP & CLUP",Land Management Bureau(DENRLMB),denrlmb,2025-08-02 01:28:00,Academic Research,SUCCESSFUL,https://www.foi.gov.ph/agencies/denrlmb/baliwag-bulacan-request-for-access-to-files-of-cdp-clup/,NGA,Q3,successful,4071,100,40.71
RTU-255908540721,RTU NSTP Serial Number,Rizal Technological University(RTU),rtu,2025-08-02 08:16:00,For educational purposes only.,PROCESSING,https://www.foi.gov.ph/agencies/rtu/rtu-nstp-serial-number/,SUC,Q3,open,94,82,1.146341463414634
SSS-694064790186,SOA LOAN,Social Security System(SSS),sss,2025-08-02 12:54:00,Pre-employment Requirement,SUCCESSFUL,https://www.foi.gov.ph/agencies/sss/soa-loan/,GOCC,Q3,successful,394,92,4.282608695652174
NCCA-267672923733,Number of Active Visual Artists in Pampanga,National Commission for Culture and the Arts(NCCA),ncca,2025-08-02 15:44:00,Undergraduate Thesis Purposes,PENDING,https://www.foi.gov.ph/agencies/ncca/number-of-active-visual-artists-in-pampanga/,NGA,Q3,open,4071,100,40.71
CGA-123506627105,CLUP of Antipolo,"City of Antipolo, Region IV-A(CGA)",cga,2025-08-03 00:47:00,Research and Development,SUCCESSFUL,https://www.foi.gov.ph/agencies/cga/clup-of-antipolo/,LGU,Q3,successful,71,71,1.0
USAP-256222147822,CWLUP,"City of Pasig, NCR(USAP)",usap,2025-08-04 00:13:00,RESEARCH ON MY PROJECTS,SUCCESSFUL,https://www.foi.gov.ph/agencies/usap/cwlup/,LGU,Q3,successful,71,71,1.0
TSU-926388617899,Procedures of Supply and Property Unit,Tarlac State University(TSU),tsu,2025-08-04 10:43:00,As reference for best practices in PPE reconciliation.,PARTIALLY SUCCESSFUL,https://www.foi.gov.ph/agencies/tsu/procedures-of-supply-and-property-unit/,SUC,Q3,partially successful,94,82,1.146341463414634
FDCP-693196025763,Cinematheque Centerr Guidelines,Film Development Council of the Philippines(FDCP),fdcp,2025-08-04 15:37:00,Thesis writing,PARTIALLY SUCCESSFUL,https://www.foi.gov.ph/agencies/fdcp/cinematheque-centerr-guidelines/,NGA,Q3,partially successful,4071,100,40.71
BI-853678146270,MOA Between PAO and BI Feb 4 2009,Bureau of Immigration(BI),bi,2025-08-04 16:45:00,Filing a civil case,DENIED,https://www.foi.gov.ph/agencies/bi/moa-between-pao-and-bi-feb-4-2009/,NGA,Q3,unsuccessful,4071,100,40.71
RTU-919603211817,Province of Rizal and Antipolo City Documents,Rizal Technological University(RTU),rtu,2025-08-04 17:57:00,Architectural Thesis,SUCCESSFUL,https://www.foi.gov.ph/agencies/rtu/province-of-rizal-and-antipolo-city-documents/,SUC,Q3,successful,94,82,1.146341463414634
PGI-132266870703,Request for Planning and Zoning Documents for Capstone Project,Provincial Government of Isabela(PGI),pgi,2025-08-04 19:37:00,For Capstone Design Project,SUCCESSFUL,https://www.foi.gov.ph/agencies/pgi/request-for-planning-and-zoning-documents-for-capstone-project/,LGU,Q3,successful,71,71,1.0
NKTI-545137185086,Kidney Data in Calabarzon and NCR,National Kidney and Transplant Institute(NKTI),nkti,2025-08-05 10:01:00,BS Architecture 5th year undergraduate capstone,PARTIALLY SUCCESSFUL,https://www.foi.gov.ph/agencies/nkti/kidney-data-in-calabarzon-and-ncr/,GOCC,Q3,partially successful,394,92,4.282608695652174
ERC-974541631421,Updated Contestable Markets,Energy Regulatory Commission(ERC),erc,2025-08-05 13:18:00,Research and Development,CLOSED,https://www.foi.gov.ph/agencies/erc/updated-contestable-markets/,NGA,Q3,unsuccessful,4071,100,40.71
DOTr-528681213172,Railway Monthly Ridership Data,Department of Transportation(DOTr),dotr,2025-08-05 13:50:00,Research and Development,PARTIALLY SUCCESSFUL,https://www.foi.gov.ph/agencies/dotr/railway-monthly-ridership-data/,NGA,Q3,partially successful,4071,100,40.71
LCP-072903655012,On-Site appointment and Data Gathering,Lung Center of the Philippines(LCP),lcp,2025-08-05 13:53:00,5th years BS architecture Undergraduate Capstone,SUCCESSFUL,https://www.foi.gov.ph/agencies/lcp/on-site-appointment-and-data-gathering/,GOCC,Q3,successful,394,92,4.282608695652174
UPPGH-776218658244,Data Gathering and On-Site appointment,University of the Philippines - Philippine General Hospital(UPPGH),uppgh,2025-08-05 13:56:00,5th yr BS Architecture Undergraduate Capstone,CLOSED,https://www.foi.gov.ph/agencies/uppgh/data-gathering-and-on-site-appointment/,SUC,Q3,unsuccessful,94,82,1.146341463414634
BI-456214861381,Outbound Filipino International Travelers,Bureau of Immigration(BI),bi,2025-08-05 15:15:00,Research and Development,SUCCESSFUL,https://www.foi.gov.ph/agencies/bi/outbound-filipino-international-travelers/,NGA,Q3,successful,4071,100,40.71
BU-229598222219,Transcript of Record,Bicol University(BU),bu,2025-08-05 18:28:00,"Document required in enrolling to Graduate School-MBA at University of Saint Anthony, Iriga City",DENIED,https://www.foi.gov.ph/agencies/bu/transcript-of-record-bu-229598222219/,SUC,Q3,unsuccessful,94,82,1.146341463414634
PH-081107042330,Dialysis Patient,PhilHealth(PH),ph,2025-08-05 22:24:00,Research for my Capstone,SUCCESSFUL,https://www.foi.gov.ph/agencies/ph/dialysis-patient-ph-081107042330/,GOCC,Q3,successful,394,92,4.282608695652174
USAP-624580191471,Comprehensive Development Map of Pasig City,"City of Pasig, NCR(USAP)",usap,2025-08-06 13:30:00,Undergraduate Thesis,SUCCESSFUL,https://www.foi.gov.ph/agencies/usap/comprehensive-development-map-of-pasig-city/,LGU,Q3,successful,71,71,1.0
DDNSC-446117975986,Request for Technical References on Fish Cage Design and Mariculture Practices,Davao Del Norte State College(DDNSC),ddnsc,2025-08-06 15:33:00,Academic Research,ACCEPTED,https://www.foi.gov.ph/agencies/ddnsc/request-for-technical-references-on-fish-cage-design-and-mariculture-practices/,SUC,Q3,open,94,82,1.146341463414634
USAP-516288788566,HOSPITAL DATA BASED ORTHOPEDIC CASES IN PASIG CITY,"City of Pasig, NCR(USAP)",usap,2025-08-06 17:00:00,1. Assessing real healthcare demand in Pasig city 2. Identifying critical service gaps 3. Informing evidence-based design strategies,PARTIALLY SUCCESSFUL,https://www.foi.gov.ph/agencies/usap/hospital-data-based-orthopedic-cases-in-pasig-city-usap-516288788566/,LGU,Q3,partially successful,71,71,1.0
BPSU-536397605270,PWD in Bataan,Bataan Peninsula State University(BPSU),bpsu,2025-08-06 19:10:00,Thesis Research,SUCCESSFUL,https://www.foi.gov.ph/agencies/bpsu/pwd-in-bataan/,SUC,Q3,successful,94,82,1.146341463414634
CLSU-415716021641,Certificate of Employment for SPES,Central Luzon State University(CLSU),clsu,2025-08-06 23:22:00,Employment Purposes / Verification,SUCCESSFUL,https://www.foi.gov.ph/agencies/clsu/certificate-of-employment-for-spes/,SUC,Q3,successful,94,82,1.146341463414634
CGA-874607974375,Antipolo City CLUP and Maps,"City of Antipolo, Region IV-A(CGA)",cga,2025-08-07 13:14:00,Thesis Research,SUCCESSFUL,https://www.foi.gov.ph/agencies/cga/antipolo-city-clup-and-maps/,LGU,Q3,successful,71,71,1.0
PNP-542939775049,trauma accidents,Philippine National Police(PNP),pnp,2025-08-07 21:47:00,Architecture research,SUCCESSFUL,https://www.foi.gov.ph/agencies/pnp/trauma-accidents/,LEA,Q3,successful,122,102,1.196078431372549
DENRLMB-107972315425,"CLUP of Jose Panganiban, Camarines Norte",Land Management Bureau(DENRLMB),denrlmb,2025-08-08 09:57:00,Environmental Impact Assessment,SUCCESSFUL,https://www.foi.gov.ph/agencies/denrlmb/clup-of-jose-panganiban-camarines-norte/,NGA,Q3,successful,4071,100,40.71
DOH-844009145491,Cervical Cancer Statistics and Healthcare Access in Region III (Central Luzon),Department of Health(DOH),doh,2025-08-08 21:05:00,thesis purposes,SUCCESSFUL,https://www.foi.gov.ph/agencies/doh/cervical-cancer-statistics-and-healthcare-access-in-region-iii-central-luzon/,NGA,Q3,successful,4071,100,40.71
TAU-354873347750,Latest Shapefile of the Admininstrative Boundaries,Tarlac Agricultural University(TAU),tau,2025-08-09 13:35:00,Thesis purposes only,SUCCESSFUL,https://www.foi.gov.ph/agencies/tau/latest-shapefile-of-the-admininstrative-boundaries/,SUC,Q3,successful,94,82,1.146341463414634
TAU-046365416468,updated tarlac clup,Tarlac Agricultural University(TAU),tau,2025-08-09 13:38:00,Thesis purposes,SUCCESSFUL,https://www.foi.gov.ph/agencies/tau/updated-tarlac-clup-tau-046365416468/,SUC,Q3,successful,94,82,1.146341463414634
TAU-550970055974,"Land Classification, Land Cover, Soil type/ classification, Land suitability map/ Land Capability",Tarlac Agricultural University(TAU),tau,2025-08-09 13:43:00,Thesis purposes,SUCCESSFUL,https://www.foi.gov.ph/agencies/tau/land-classification-land-cover-soil-type-classification-land-suitability-map-land-capability-tau-550970055974/,SUC,Q3,successful,94,82,1.146341463414634
TAU-932435630923,Shapefile of Irrigated Lands in the Philippines,Tarlac Agricultural University(TAU),tau,2025-08-09 14:16:00,Thesis purposes,SUCCESSFUL,https://www.foi.gov.ph/agencies/tau/shapefile-of-irrigated-lands-in-the-philippines-tau-932435630923/,SUC,Q3,successful,94,82,1.146341463414634
AMLCS-513530008763,AMLC Certificate,Anti-Money Laundering Council(AMLCS),amlcs,2025-08-09 16:54:00,COL Financing Application,CLOSED,https://www.foi.gov.ph/agencies/amlcs/amlc-certificate-amlcs-513530008763/,NGA,Q3,unsuccessful,4071,100,40.71
NLP-138201362536,"Librray Data, NLP Guidelines, and IFLA References for Library",National Library of the Philippines(NLP),nlp,2025-08-09 18:39:00,The requested information will be used solely for academic research and development planning in support of the proposed public library.,SUCCESSFUL,https://www.foi.gov.ph/agencies/nlp/librray-data-nlp-guidelines-and-ifla-references-for-library/,NGA,Q3,successful,4071,100,40.71
PNP-370818462195,Female Survivors of Abuse: Datas,Philippine National Police(PNP),pnp,2025-08-09 19:37:00,Thesis Research Data,SUCCESSFUL,https://www.foi.gov.ph/agencies/pnp/female-survivors-of-abuse-datas/,LEA,Q3,successful,122,102,1.196078431372549
BAI-421772711092,Stray Animals and Pets in Bulacan,Bureau of Animal Industry(BAI),bai,2025-08-10 14:44:00,Architectural Thesis,PENDING,https://www.foi.gov.ph/agencies/bai/stray-animals-and-pets-in-bulacan/,NGA,Q3,open,4071,100,40.71
MarSU-220158635664,Student population and classroom data - Allied Health Sciences,MARINDUQUE STATE UNIVERSITY(MarSU),msc,2025-08-10 14:53:00,research and study,SUCCESSFUL,https://www.foi.gov.ph/agencies/msc/student-population-and-classroom-data-allied-health-sciences/,SUC,Q3,successful,94,82,1.146341463414634
LEGAZPI-530573430789,CDRRMO legazpi,"City of Legazpi, Region V(LEGAZPI)",legazpi,2025-08-10 16:56:00,Architectural Research,PENDING,https://www.foi.gov.ph/agencies/legazpi/cdrrmo-legazpi/,LGU,Q3,open,71,71,1.0
LEGAZPI-994476497357,cdrrmo legazpi city,"City of Legazpi, Region V(LEGAZPI)",legazpi,2025-08-10 17:00:00,Architectural Research,PENDING,https://www.foi.gov.ph/agencies/legazpi/cdrrmo-legazpi-city/,LGU,Q3,open,71,71,1.0
SBMA-725182291882,Data and Statistics of SBIA,Subic Bay Metropolitan Authority(SBMA),sbma,2025-08-11 04:10:00,Architecture thesis,SUCCESSFUL,https://www.foi.gov.ph/agencies/sbma/data-and-statistics-of-sbia/,GOCC,Q3,successful,394,92,4.282608695652174
PNPDRD-962072004786,Female Survivors: Datas and Cases,Philippine National Police - Directorate for Research and Development(PNPDRD),pnpdrd,2025-08-11 16:38:00,Thesis Research,DENIED,https://www.foi.gov.ph/agencies/pnpdrd/female-survivors-datas-and-cases-pnpdrd-962072004786/,LEA,Q3,unsuccessful,122,102,1.196078431372549
CAAP-232323616580,AIRPORT THESIS DATA,Civil Aviation Authority of the Philippines(CAAP),caap,2025-08-11 18:42:00,Architecture Thesis,SUCCESSFUL,https://www.foi.gov.ph/agencies/caap/airport-thesis-data/,GOCC,Q3,successful,394,92,4.282608695652174
MarSU-359236214286,MarSU Fisheries Department Institutional and Academic Data,MARINDUQUE STATE UNIVERSITY(MarSU),msc,2025-08-11 21:36:00,Architectural Thesis,SUCCESSFUL,https://www.foi.gov.ph/agencies/msc/marsu-fisheries-department-institutional-and-academic-data/,SUC,Q3,successful,94,82,1.146341463414634
SBC-892859474660,Borrower Data from 2020 to 2024,Small Business Corporation(SBC),sbc,2025-08-12 07:49:00,For research and academic purposes,SUCCESSFUL,https://www.foi.gov.ph/agencies/sbc/borrower-data-from-2020-to-2024/,GOCC,Q3,successful,394,92,4.282608695652174
DOT-170121012243,List of 3 star hotels in the Philippines,Department of Tourism(DOT),dot,2025-08-12 10:49:00,Capstone Research,CLOSED,https://www.foi.gov.ph/agencies/dot/list-of-3-star-hotels-in-the-philippines/,NGA,Q3,unsuccessful,4071,100,40.71
NHA-330177075292,Badjao Housing,National Housing Authority(NHA),nha,2025-08-12 14:16:00,Architectural Thesis,SUCCESSFUL,https://www.foi.gov.ph/agencies/nha/badjao-housing/,GOCC,Q3,successful,394,92,4.282608695652174
CAAP-298356545025,Surigo Aiport (SUG),Civil Aviation Authority of the Philippines(CAAP),caap,2025-08-12 14:30:00,Thesis/Academic Purpose Only,SUCCESSFUL,https://www.foi.gov.ph/agencies/caap/surigo-aiport-sug/,GOCC,Q3,successful,394,92,4.282608695652174
CDA-571248980133,FOI: Registration & Compliance,Cooperative Development Authority(CDA),cda,2025-08-12 15:24:00,Research and development,PARTIALLY SUCCESSFUL,https://www.foi.gov.ph/agencies/cda/foi-registration-compliance/,NGA,Q3,partially successful,4071,100,40.71
SSS-839190033248,Request for SSS Account Recovery,Social Security System(SSS),sss,2025-08-12 15:33:00,SSS Account Recovery,DENIED,https://www.foi.gov.ph/agencies/sss/request-for-sss-account-recovery/,GOCC,Q3,unsuccessful,394,92,4.282608695652174
BCDA-431490745706,Data of New Clark City,Bases Conversion and Development Authority(BCDA),bcda,2025-08-12 17:02:00,Architecture Thesis,CLOSED,https://www.foi.gov.ph/agencies/bcda/data-of-new-clark-city/,GOCC,Q3,unsuccessful,394,92,4.282608695652174
DOT-505097787565,Data of Tourist in Central Luzon,Department of Tourism(DOT),dot,2025-08-12 17:06:00,Architecture Thesis,PARTIALLY SUCCESSFUL,https://www.foi.gov.ph/agencies/dot/data-of-tourist-in-central-luzon/,NGA,Q3,partially successful,4071,100,40.71
SSC-872408714836,Folk Healing Practices in Siquijor,Siquijor State College(SSC),ssc,2025-08-12 17:29:00,for Thesis,SUCCESSFUL,https://www.foi.gov.ph/agencies/ssc/folk-healing-practices-in-siquijor/,SUC,Q3,successful,94,82,1.146341463414634
DENRLMB-062019171332,Technical Description & Cadastre Map,Land Management Bureau(DENRLMB),denrlmb,2025-08-12 18:41:00,For Upcoming Commercial Construction Project,SUCCESSFUL,https://www.foi.gov.ph/agencies/denrlmb/technical-description-cadastre-map/,NGA,Q3,successful,4071,100,40.71
PNP-844405772032,Statistics for Architectural Thesis,Philippine National Police(PNP),pnp,2025-08-13 00:11:00,This will be used to support my title proposal for my thesis.,SUCCESSFUL,https://www.foi.gov.ph/agencies/pnp/statistics-for-architectural-thesis/,LEA,Q3,successful,122,102,1.196078431372549
PNP-599427292364,Architectural Thesis (For case studies),Philippine National Police(PNP),pnp,2025-08-13 00:24:00,This will be used for case studies and planning.,SUCCESSFUL,https://www.foi.gov.ph/agencies/pnp/architectural-thesis-for-case-studies/,LEA,Q3,successful,122,102,1.196078431372549
DDB-589786130107,Statistics on Drug Use in the Philippines,Dangerous Drugs Board(DDB),ddb,2025-08-13 07:52:00,Update for DDE Training Module for Physicians (project with DOH),SUCCESSFUL,https://www.foi.gov.ph/agencies/ddb/statistics-on-drug-use-in-the-philippines/,NGA,Q3,successful,4071,100,40.71
PNP-723352923700,Research (Case Studies),Philippine National Police(PNP),pnp,2025-08-13 08:21:00,This will be used to provide case studies for my Architectural Research.,DENIED,https://www.foi.gov.ph/agencies/pnp/research-case-studies-pnp-723352923700/,LEA,Q3,unsuccessful,122,102,1.196078431372549
PNP-376770520813,CICL Data in Batangas,Philippine National Police(PNP),pnp,2025-08-13 10:36:00,Architectural Thesis,SUCCESSFUL,https://www.foi.gov.ph/agencies/pnp/cicl-data-in-batangas/,LEA,Q3,successful,122,102,1.196078431372549
PH-662605527946,Philhealth Email Directory,PhilHealth(PH),ph,2025-08-13 15:56:00,Research Development and Communication,SUCCESSFUL,https://www.foi.gov.ph/agencies/ph/philhealth-email-directory/,GOCC,Q3,successful,394,92,4.282608695652174
MarSU-336088593476,Population Data and LUDIP,MARINDUQUE STATE UNIVERSITY(MarSU),msc,2025-08-13 16:16:00,Architectural Thesis,SUCCESSFUL,https://www.foi.gov.ph/agencies/msc/population-data-and-ludip-marsu-336088593476/,SUC,Q3,successful,94,82,1.146341463414634
CCP-247469566578,Inquiry Regarding Development of a Project within CCP Grounds,Cultural Center of the Philippines(CCP),ccp,2025-08-14 01:23:00,Thesis Writing,SUCCESSFUL,https://www.foi.gov.ph/agencies/ccp/inquiry-regarding-development-of-a-project-within-ccp-grounds/,GOCC,Q3,successful,394,92,4.282608695652174
PNP-022231326090,PNP Provincial Email Directory Across the Country,Philippine National Police(PNP),pnp,2025-08-14 09:26:00,"Research and Development, Communication",SUCCESSFUL,https://www.foi.gov.ph/agencies/pnp/pnp-provincial-email-directory-across-the-country/,LEA,Q3,successful,122,102,1.196078431372549
BFP-456582749701,BFP Provincial Email Directory Across the Country,Bureau of Fire Protection(BFP),bfp,2025-08-14 09:29:00,"Research and Development, Communication",SUCCESSFUL,https://www.foi.gov.ph/agencies/bfp/bfp-provincial-email-directory-across-the-country/,NGA,Q3,successful,4071,100,40.71
PHC-362227586536,information regarding congenital heart defects in the philippines,Philippine Heart Center(PHC),phc,2025-08-14 09:32:00,Research and development. The data will be used in computational modelling VSD for public health policy,SUCCESSFUL,https://www.foi.gov.ph/agencies/phc/information-regarding-congenital-heart-defects-in-the-philippines/,GOCC,Q3,successful,394,92,4.282608695652174
BLWD-752440596444,Request for Water Related Datasets,Balanga Water District(BLWD),blwd,2025-08-14 16:06:00,Research and Development,SUCCESSFUL,https://www.foi.gov.ph/agencies/blwd/request-for-water-related-datasets/,WATER-DISTRICT,Q3,successful,150,150,1.0
PNP-100209775834,Number of Crime in Region 3,Philippine National Police(PNP),pnp,2025-08-14 19:22:00,Data Gathering for Architectural Thesis,SUCCESSFUL,https://www.foi.gov.ph/agencies/pnp/number-of-crime-in-region-3/,LEA,Q3,successful,122,102,1.196078431372549
NORSU-472688361074,NORSU's BS Psychology program related documents,Negros Oriental State University(NORSU),norsu,2025-08-14 21:06:00,Research purposes,DENIED,https://www.foi.gov.ph/agencies/norsu/norsus-bs-psychology-program-related-documents/,SUC,Q3,unsuccessful,94,82,1.146341463414634
USAP-875320754147,Pasig City Latest CLWUP,"City of Pasig, NCR(USAP)",usap,2025-08-14 21:07:00,Academic Purposes (For Architectural Thesis),SUCCESSFUL,https://www.foi.gov.ph/agencies/usap/pasig-city-latest-clwup/,LGU,Q3,successful,71,71,1.0
PNP-114149120269,Female Datas and Statistics,Philippine National Police(PNP),pnp,2025-08-14 22:08:00,Thesis Research,SUCCESSFUL,https://www.foi.gov.ph/agencies/pnp/female-datas-and-statistics/,LEA,Q3,successful,122,102,1.196078431372549
PPA-048909068907,DATA FOR CRUISE TERMINAL COMPLEX,Philippine Ports Authority(PPA),ppa,2025-08-15 10:31:00,Thesis Project,SUCCESSFUL,https://www.foi.gov.ph/agencies/ppa/data-for-cruise-terminal-complex/,GOCC,Q3,successful,394,92,4.282608695652174
USAP-756576220631,Zero ISF Program Pasig City,"City of Pasig, NCR(USAP)",usap,2025-08-15 12:50:00,Academic purposes (for Architectural Thesis),SUCCESSFUL,https://www.foi.gov.ph/agencies/usap/zero-isf-program-pasig-city/,LGU,Q3,successful,71,71,1.0
PNPDO-182294747418,Number and Type of Child Abuse Cases in CALABARZON (2020–2024),Philippine National Police - Directorate for Operations(PNPDO),pnpdo,2025-08-15 13:46:00,Architectural Capstone,CLOSED,https://www.foi.gov.ph/agencies/pnpdo/number-and-type-of-child-abuse-cases-in-calabarzon-20202024/,LEA,Q3,unsuccessful,122,102,1.196078431372549
DOLE-816545167501,e_Certification for Involuntary Separation,Department of Labor and Employment(DOLE),dole,2025-08-15 18:26:00,SSS Unemplyment Benefit Claim,CLOSED,https://www.foi.gov.ph/en/agencies/dole/e_certification-for-involuntary-separation/,NGA,Q3,unsuccessful,4071,100,40.71
PNP-989771388670,Request Letter,Philippine National Police(PNP),pnp,2025-08-15 19:06:00,Upang magampanan niya ang pagiging isang ama at pagiging isang lingkod bayan,SUCCESSFUL,https://www.foi.gov.ph/agencies/pnp/request-letter-pnp-989771388670/,LEA,Q3,successful,122,102,1.196078431372549
CDC-964748475847,Clark Data and Accommodation,Clark Development Corporation(CDC),cdc,2025-08-15 23:58:00,Architecture Thesis,SUCCESSFUL,https://www.foi.gov.ph/agencies/cdc/clark-data-and-accommodation/,GOCC,Q3,successful,394,92,4.282608695652174
PNP-110512915150,Female Cases and Data in South Cotabato,Philippine National Police(PNP),pnp,2025-08-16 01:14:00,Thesis Data Research,SUCCESSFUL,https://www.foi.gov.ph/agencies/pnp/female-cases-and-data-in-south-cotabato/,LEA,Q3,successful,122,102,1.196078431372549
PNP-881251306004,CALABARZON Statistics,Philippine National Police(PNP),pnp,2025-08-16 02:18:00,Supporting data for my Architectural Thesis,SUCCESSFUL,https://www.foi.gov.ph/agencies/pnp/calabarzon-statistics-pnp-881251306004/,LEA,Q3,successful,122,102,1.196078431372549
PH-382222232319,Statistical Data of Practicing Medical Practitioners,PhilHealth(PH),ph,2025-08-16 09:57:00,Archittectural Thesis,CLOSED,https://www.foi.gov.ph/agencies/ph/statistical-data-of-practicing-medical-practitioners/,GOCC,Q3,unsuccessful,394,92,4.282608695652174
NEA-097636590918,2024 Audited Financial Statement of Marinduque Electric Coop Inc,National Electrification Administration(NEA),nea,2025-08-16 10:56:00,Research and analysis,SUCCESSFUL,https://www.foi.gov.ph/agencies/nea/2024-audited-financial-statement-of-marinduque-electric-coop-inc/,GOCC,Q3,successful,394,92,4.282608695652174
DOH-062478992088,CALABARZON - VOROLOGY,Department of Health(DOH),doh,2025-08-16 16:46:00,Architectural Thesis,SUCCESSFUL,https://www.foi.gov.ph/agencies/doh/calabarzon-vorology/,NGA,Q3,successful,4071,100,40.71
PGLU-259122549036,Convention Center in La Union,"Province of La Union, Region I(PGLU)",pglu,2025-08-16 16:54:00,Architectural Thesis,PENDING,https://www.foi.gov.ph/agencies/pglu/convention-center-in-la-union/,LGU,Q3,open,71,71,1.0
PNP-034810195776,Blackmail,Philippine National Police(PNP),pnp,2025-08-18 09:21:00,Urgent to stop the modus,DENIED,https://www.foi.gov.ph/agencies/pnp/blackmail-pnp-034810195776/,LEA,Q3,unsuccessful,122,102,1.196078431372549
PSA-915561745899,GROWTH NUMBER OF CREATIVE SECTOR,Philippine Statistics Authority(PSA),psa,2025-08-18 11:19:00,Undergraduate thesis purposes,PARTIALLY SUCCESSFUL,https://www.foi.gov.ph/agencies/psa/growth-number-of-creative-sector-psa-915561745899/,NGA,Q3,partially successful,4071,100,40.71
UP-317545545859,Information on BuCor and UP Land Swap Memorandum of Understanding,University of the Philippines System(UP),up,2025-08-18 12:23:00,Architectural Thesis,SUCCESSFUL,https://www.foi.gov.ph/agencies/up/information-on-bucor-and-up-land-swap-memorandum-of-understanding/,SUC,Q3,successful,94,82,1.146341463414634
PGLU-037352367541,"CLUP and CDP of San Fernando City, La Union","Province of La Union, Region I(PGLU)",pglu,2025-08-18 15:12:00,"The purpose of this request is for my academic research on my proposal, the public library in the City of San Fernando, and the municipalities of La Union.",PENDING,https://www.foi.gov.ph/agencies/pglu/clup-and-cdp-of-san-fernando-city-la-union/,LGU,Q3,open,71,71,1.0
PSA-526831298470,CALABARZON population density,Philippine Statistics Authority(PSA),psa,2025-08-18 17:59:00,Academic research for machine learning project on dengue prediction,PARTIALLY SUCCESSFUL,https://www.foi.gov.ph/agencies/psa/calabarzon-population-density/,NGA,Q3,partially successful,4071,100,40.71
PFDA-794818502797,Fish Landing Volume in Zamboanga (Peninsula) and BARRM,Philippine Fisheries Development Authority(PFDA),pfda,2025-08-18 18:10:00,Architectural Thesis,PARTIALLY SUCCESSFUL,https://www.foi.gov.ph/agencies/pfda/fish-landing-volume-in-zamboanga-peninsula-and-barrm/,GOCC,Q3,partially successful,394,92,4.282608695652174
UPV-660604550566,Technologies for Seafood Waste Processing,University of the Philippines Visayas(UPV),upv,2025-08-18 20:50:00,Architectural Thesis,PROCESSING,https://www.foi.gov.ph/agencies/upv/technologies-for-seafood-waste-processing/,SUC,Q3,open,94,82,1.146341463414634
DepEd-290582221949,Senior High School Graduates of Davao Occidental,Department of Education(DepEd),deped,2025-08-19 11:19:00,Prospective Enrollees of a new program to be developed.,CLOSED,https://www.foi.gov.ph/agencies/deped/senior-high-school-graduates-of-davao-occidental/,NGA,Q3,unsuccessful,4071,100,40.71
DOH-504845258293,Vaccination Record Margaret Bayani,Department of Health(DOH),doh,2025-08-19 11:32:00,School requirement,SUCCESSFUL,https://www.foi.gov.ph/agencies/doh/vaccination-record-margaret-bayani/,NGA,Q3,successful,4071,100,40.71
USAP-776266639473,Request for Pasig City documents,"City of Pasig, NCR(USAP)",usap,2025-08-19 11:38:00,academic research,SUCCESSFUL,https://www.foi.gov.ph/agencies/usap/request-for-pasig-city-documents/,LGU,Q3,successful,71,71,1.0
PEZA-571429402980,List of data center projects registered and still applying for registration,Philippine Economic Zone Authority(PEZA),peza,2025-08-19 13:32:00,Research article,PENDING,https://www.foi.gov.ph/en/agencies/peza/list-of-data-center-projects-registered-and-still-applying-for-registration/,GOCC,Q3,open,394,92,4.282608695652174
MWSS-005799363904,rate rebasing report,Metropolitan Waterworks and Sewerage System Regulatory Office(MWSS),mwss,2025-08-19 16:21:00,Research and development,SUCCESSFUL,https://www.foi.gov.ph/en/agencies/mwss/rate-rebasing-report/,GOCC,Q3,successful,394,92,4.282608695652174
PNPDRD-573835545406,Crime Statistics and  Operational Data of Pasig City,Philippine National Police - Directorate for Research and Development(PNPDRD),pnpdrd,2025-08-19 20:19:00,Architectural Design Capstone Requirements,DENIED,https://www.foi.gov.ph/agencies/pnpdrd/crime-statistics-and-operational-data-of-pasig-city/,LEA,Q3,unsuccessful,122,102,1.196078431372549
USAP-667896770193,Voter Registration Data and Projected Changes in Electoral Population of Pasig City,"City of Pasig, NCR(USAP)",usap,2025-08-19 20:26:00,Architectural Capstone Design Requirements,SUCCESSFUL,https://www.foi.gov.ph/en/agencies/usap/voter-registration-data-and-projected-changes-in-electoral-population-of-pasig-city/,LGU,Q3,successful,71,71,1.0
DENRLLDA-451149359304,Request for Approval to Conduct Research on Renewable Energy Development and Related Documents,Laguna Lake Development Authority(DENRLLDA),denrllda,2025-08-20 01:22:00,Research and Development,CLOSED,https://www.foi.gov.ph/en/agencies/denrllda/request-for-approval-to-conduct-research-on-renewable-energy-development-and-related-documents/,GOCC,Q3,unsuccessful,394,92,4.282608695652174
PNP-770420182715,Number of Crimes Region 3,Philippine National Police(PNP),pnp,2025-08-20 09:42:00,Architectural Thesis,SUCCESSFUL,https://www.foi.gov.ph/agencies/pnp/number-of-crimes-region-3/,LEA,Q3,successful,122,102,1.196078431372549
PNP-292503390008,Crime in Region 3,Philippine National Police(PNP),pnp,2025-08-20 09:48:00,Architectural Thesis,SUCCESSFUL,https://www.foi.gov.ph/agencies/pnp/crime-in-region-3/,LEA,Q3,successful,122,102,1.196078431372549
NORSU-993748496349,Land Area,Negros Oriental State University(NORSU),norsu,2025-08-20 14:08:00,Research purposes,SUCCESSFUL,https://www.foi.gov.ph/agencies/norsu/land-area-norsu-993748496349/,SUC,Q3,successful,94,82,1.146341463414634
CCP-681721982572,CCP Architectural drawings,Cultural Center of the Philippines(CCP),ccp,2025-08-20 14:12:00,Educational Purposes,SUCCESSFUL,https://www.foi.gov.ph/agencies/ccp/ccp-architectural-drawings/,GOCC,Q3,successful,394,92,4.282608695652174
BATSU-399268481924,List of newly enrolled students First Sem. AY 2025-2026,Batangas State University(BATSU),batsu,2025-08-20 14:14:00,To update Library Attendance system and Library System (for borrowing library resources).,SUCCESSFUL,https://www.foi.gov.ph/agencies/batsu/list-of-newly-enrolled-students-first-sem-ay-2025-2026/,SUC,Q3,successful,94,82,1.146341463414634
DOLE-881613992273,Request for E-certificate of Involuntary Separtion from DOLE,Department of Labor and Employment(DOLE),dole,2025-08-20 15:38:00,For SSS Unemployment Assistance,DENIED,https://www.foi.gov.ph/agencies/dole/request-for-e-certificate-of-involuntary-separtion-from-dole/,NGA,Q3,unsuccessful,4071,100,40.71
USAP-316398319414,Local Public Tranport Route Plan of Pasig City,"City of Pasig, NCR(USAP)",usap,2025-08-20 16:34:00,Capstone Thesis,SUCCESSFUL,https://www.foi.gov.ph/agencies/usap/local-public-tranport-route-plan-of-pasig-city/,LGU,Q3,successful,71,71,1.0
BPI-916658357801,Request for Data on Andrographis paniculata Production,Bureau of Plant Industry(BPI),bpi,2025-08-20 17:23:00,Undergraduate Thesis,SUCCESSFUL,https://www.foi.gov.ph/agencies/bpi/request-for-data-on-andrographis-paniculata-production-bpi-916658357801/,NGA,Q3,successful,4071,100,40.71
CCP-383730888734,CCP Architectural Plans and Drawings,Cultural Center of the Philippines(CCP),ccp,2025-08-20 17:43:00,Educational Purposes,SUCCESSFUL,https://www.foi.gov.ph/agencies/ccp/ccp-architectural-plans-and-drawings/,GOCC,Q3,successful,394,92,4.282608695652174
TANWD-579590709020,Vax Certificate,Tanauan Water District(TANWD),tanwd,2025-08-20 18:21:00,Requirement work abroad,PENDING,https://www.foi.gov.ph/agencies/tanwd/vax-certificate-tanwd-579590709020/,WATER-DISTRICT,Q3,open,150,150,1.0
GSIS-286599669213,Total Number of GSIS Members in Batangas City,Government Service Insurance System(GSIS),gsis,2025-08-21 00:24:00,Thesis Purposes (Data Gathering Plan),SUCCESSFUL,https://www.foi.gov.ph/agencies/gsis/total-number-of-gsis-members-in-batangas-city/,GOCC,Q3,successful,394,92,4.282608695652174
SSS-739449537880,Total Number of SSS Members in Batangas,Social Security System(SSS),sss,2025-08-21 00:28:00,Thesis Purposes (Data Gathering Plan),SUCCESSFUL,https://www.foi.gov.ph/agencies/sss/total-number-of-sss-members-in-batangas/,GOCC,Q3,successful,394,92,4.282608695652174
DOE-768435161759,Historical Fuel Prices from 2018-2024,Department of Energy(DOE),doe,2025-08-21 06:29:00,For research and development,SUCCESSFUL,https://www.foi.gov.ph/agencies/doe/historical-fuel-prices-from-2018-2024/,NGA,Q3,successful,4071,100,40.71
USAP-347704510075,"Pasig City Planning, Waste Management, and Development Data for Academic Research","City of Pasig, NCR(USAP)",usap,2025-08-21 15:16:00,Academic Research and thesis requirements in BS Architecture,PARTIALLY SUCCESSFUL,https://www.foi.gov.ph/agencies/usap/pasig-city-planning-waste-management-and-development-data-for-academic-research/,LGU,Q3,partially successful,71,71,1.0
CHED-087039888334,ENROLLMENT AND GRADUATES IN MARITIME AND ENGINEERING PROGRAMS,Commission on Higher Education(CHED),ched,2025-08-22 03:11:00,Research and development,SUCCESSFUL,https://www.foi.gov.ph/agencies/ched/enrollment-and-graduates-in-maritime-and-engineering-programs/,NGA,Q3,successful,4071,100,40.71
TSU-968471406559,Data on Agriculture related courses,Tarlac State University(TSU),tsu,2025-08-22 09:46:00,Architectural Thesis,REFERRED,https://www.foi.gov.ph/agencies/tsu/data-on-agriculture-related-courses/,SUC,Q3,referred,94,82,1.146341463414634
TAU-117367205019,Data on Agriculture related courses in Tarlac,Tarlac Agricultural University(TAU),tau,2025-08-22 09:57:00,Architectural Thesis.,SUCCESSFUL,https://www.foi.gov.ph/agencies/tau/data-on-agriculture-related-courses-in-tarlac/,SUC,Q3,successful,94,82,1.146341463414634
NKTI-894268866536,nkti org chart,National Kidney and Transplant Institute(NKTI),nkti,2025-08-22 10:06:00,BS Arch Capstone,PARTIALLY SUCCESSFUL,https://www.foi.gov.ph/agencies/nkti/nkti-org-chart/,GOCC,Q3,partially successful,394,92,4.282608695652174
DOLE-730529287912,List of projects handled under my name as Civil engineer/Materials Engineer/Project Engineer,Department of Labor and Employment(DOLE),dole,2025-08-22 14:19:00,For my personal record and reference,SUCCESSFUL,https://www.foi.gov.ph/agencies/dole/list-of-projects-handled-under-my-name-as-civil-engineermaterials-engineerproject-engineer/,NGA,Q3,successful,4071,100,40.71
PHRA-325453053236,Statistics of Retirees,Philippine Retirement Authority(PHRA),phra,2025-08-22 16:59:00,Architectural Thesis,PARTIALLY SUCCESSFUL,https://www.foi.gov.ph/agencies/phra/statistics-of-retirees/,GOCC,Q3,partially successful,394,92,4.282608695652174
PNP-570502644220,Request for Reported Crime Incident in Cebu City,Philippine National Police(PNP),pnp,2025-08-23 05:56:00,Research Paper,CLOSED,https://www.foi.gov.ph/agencies/pnp/request-for-reported-crime-incident-in-cebu-city/,LEA,Q3,unsuccessful,122,102,1.196078431372549
DOH-374301041619,Data Gathering,Department of Health(DOH),doh,2025-08-23 07:25:00,For thesis validity,SUCCESSFUL,https://www.foi.gov.ph/agencies/doh/data-gathering-doh-374301041619/,NGA,Q3,successful,4071,100,40.71
BU-181827512739,CERTIFICATE OF GENERAL WEIGHTED AVERAGE,Bicol University(BU),bu,2025-08-23 12:29:00,FOR EMPLOYMENT PURPOSE,DENIED,https://www.foi.gov.ph/agencies/bu/certificate-of-general-weighted-average-bu-181827512739/,SUC,Q3,unsuccessful,94,82,1.146341463414634
CGA-797302111175,Antipolo Library,"City of Antipolo, Region IV-A(CGA)",cga,2025-08-23 12:37:00,Architectural Design 9 Thesis,PENDING,https://www.foi.gov.ph/agencies/cga/antipolo-library/,LGU,Q3,open,71,71,1.0
DOH-013461684323,List of Requested Document for Rehabilitation Center,Department of Health(DOH),doh,2025-08-23 13:47:00,For Architectural Capstone,PARTIALLY SUCCESSFUL,https://www.foi.gov.ph/agencies/doh/list-of-requested-document-for-rehabilitation-center/,NGA,Q3,partially successful,4071,100,40.71
PNP-119540450122,table of oragnization,Philippine National Police(PNP),pnp,2025-08-23 16:58:00,Academic Reference of Organizational Set-up,SUCCESSFUL,https://www.foi.gov.ph/agencies/pnp/table-of-oragnization/,LEA,Q3,successful,122,102,1.196078431372549
PNP-189290547891,Philippine National Police San Pedro Strategies and Crime Prevention Approaches against Motorcycle Carnapping under RA 10883 (2022-2025),Philippine National Police(PNP),pnp,2025-08-23 20:36:00,For research purposes of graduating students of Saint Vincent College of Cabuyao,SUCCESSFUL,https://www.foi.gov.ph/agencies/pnp/philippine-national-police-san-pedro-strategies-and-crime-prevention-approaches-against-motorcycle-carnapping-under-ra-10883-2022-2025/,LEA,Q3,successful,122,102,1.196078431372549
MIWD-439468814354,Water Demand in Iloilo City,Metro Iloilo Water District(MIWD),miwd,2025-08-23 21:45:00,Thesis/ Research,SUCCESSFUL,https://www.foi.gov.ph/agencies/miwd/water-demand-in-iloilo-city/,WATER-DISTRICT,Q3,successful,150,150,1.0
PNP-380942494121,Violence agianst women case in Region 12,Philippine National Police(PNP),pnp,2025-08-24 06:57:00,Thesis undergraduate reserach,SUCCESSFUL,https://www.foi.gov.ph/agencies/pnp/violence-agianst-women-case-in-region-12/,LEA,Q3,successful,122,102,1.196078431372549
PNP-745882111049,Statistics on CICL,Philippine National Police(PNP),pnp,2025-08-24 15:40:00,Architectural Thesis,SUCCESSFUL,https://www.foi.gov.ph/agencies/pnp/statistics-on-cicl-pnp-745882111049/,LEA,Q3,successful,122,102,1.196078431372549
TAU-785570259731,Data on Agriculture related courses,Tarlac Agricultural University(TAU),tau,2025-08-24 18:56:00,Architectural Thesis,SUCCESSFUL,https://www.foi.gov.ph/en/agencies/tau/data-on-agriculture-related-courses-tau-785570259731/,SUC,Q3,successful,94,82,1.146341463414634
DOH-553428062905,Number of Down Syndrome In all Region in Mindanao,Department of Health(DOH),doh,2025-08-24 21:46:00,Architectural Thesis Writing,CLOSED,https://www.foi.gov.ph/agencies/doh/number-of-down-syndrome-in-all-region-in-mindanao/,NGA,Q3,unsuccessful,4071,100,40.71
CGA-830657677747,Antipolo City Housing Reports,"City of Antipolo, Region IV-A(CGA)",cga,2025-08-24 22:26:00,"Research, Thesis",SUCCESSFUL,https://www.foi.gov.ph/agencies/cga/antipolo-city-housing-reports/,LGU,Q3,successful,71,71,1.0
CGA-942791064932,Antipolo City CLUP,"City of Antipolo, Region IV-A(CGA)",cga,2025-08-24 22:28:00,"Research, Thesis",SUCCESSFUL,https://www.foi.gov.ph/agencies/cga/antipolo-city-clup/,LGU,Q3,successful,71,71,1.0
OCD-372965099292,"Request for Data on LDRRMPs, LCCAPs, Gawad Kalasag/SGLG, and PDPFP in Mindanao Regions",Office of Civil Defense(OCD),ocd,2025-08-24 23:57:00,Research and Policy Development,CLOSED,https://www.foi.gov.ph/agencies/ocd/request-for-data-on-ldrrmps-lccaps-gawad-kalasagsglg-and-pdpfp-in-mindanao-regions-ocd-372965099292/,NGA,Q3,unsuccessful,4071,100,40.71
DSWD-152950162821,Data on Senior Citizen Day Center,Department of Social Welfare and Development(DSWD),dswd,2025-08-25 06:33:00,"This request is intended for my Architectural Undergraduate Thesis Writing, thank you!",DENIED,https://www.foi.gov.ph/agencies/dswd/data-on-senior-citizen-day-center/,NGA,Q3,unsuccessful,4071,100,40.71
PNP-028754251266,"List of Crimes and Crime Rate in National Capital Region per City, years 2020-2024",Philippine National Police(PNP),pnp,2025-08-26 08:49:00,For use for Situational Analysis Report study for the Consultancy Services for the Preparation of the Regional Tourism Development Plan for the National Capital Region; Project of Department of Tourism and TIEZA,SUCCESSFUL,https://www.foi.gov.ph/agencies/pnp/list-of-crimes-and-crime-rate-in-national-capital-region-per-city-years-2020-2024/,LEA,Q3,successful,122,102,1.196078431372549
PCSO-574533828519,Anna Marie nudalo centeno,Philippine Charity Sweepstakes Office(PCSO),pcso,2025-08-26 09:09:00,REQUEST:FOR FINANCIAL ASSISTANCE,REFERRED,https://www.foi.gov.ph/agencies/pcso/anna-marie-nudalo-centeno/,GOCC,Q3,referred,394,92,4.282608695652174
PNPDRD-225957753307,Research Study,Philippine National Police - Directorate for Research and Development(PNPDRD),pnpdrd,2025-08-26 10:11:00,Research and Development,DENIED,https://www.foi.gov.ph/agencies/pnpdrd/research-study-pnpdrd-225957753307/,LEA,Q3,unsuccessful,122,102,1.196078431372549
PNP-001587935695,For Feasibility Study,Philippine National Police(PNP),pnp,2025-08-26 10:15:00,For Feasibility Study,SUCCESSFUL,https://www.foi.gov.ph/agencies/pnp/for-feasibility-study/,LEA,Q3,successful,122,102,1.196078431372549
BULSU-958792073411,Certificate of Medium of Instruction (English),Bulacan State University(BULSU),bulsu,2025-08-26 13:20:00,Visa Application,SUCCESSFUL,https://www.foi.gov.ph/agencies/bulsu/certificate-of-medium-of-instruction-english/,SUC,Q3,successful,94,82,1.146341463414634
DTI-016499427350,MSME Statistics/data and report,Department of Trade and Industry(DTI),dti,2025-08-26 15:25:00,Environmental Study - Report,SUCCESSFUL,https://www.foi.gov.ph/agencies/dti/msme-statisticsdata-and-report/,NGA,Q3,successful,4071,100,40.71
UPM-211820879281,Request for Information on UP Manila Forensic Science Institute,University of the Philippines Manila(UPM),upm,2025-08-26 19:47:00,Architectural Research - To ensure that my research remains original and does not duplicate your plans.,SUCCESSFUL,https://www.foi.gov.ph/agencies/upm/request-for-information-on-up-manila-forensic-science-institute/,SUC,Q3,successful,94,82,1.146341463414634
PNP-652676734256,Crime Rate & Statistics and Forensic Information,Philippine National Police(PNP),pnp,2025-08-26 21:16:00,Architectural Thesis,SUCCESSFUL,https://www.foi.gov.ph/agencies/pnp/crime-rate-statistics-and-forensic-information/,LEA,Q3,successful,122,102,1.196078431372549
USEP-299317158469,BOR 29 s 2012,University of Southeastern Philippines(USEP),usep,2025-08-27 08:13:00,Attachment and Evidence for the 2025 Library Manual and AACCUP Accreditation supporting document.,SUCCESSFUL,https://www.foi.gov.ph/agencies/usep/bor-29-s-2012/,SUC,Q3,successful,94,82,1.146341463414634
PPA-060158576812,Vessel Summary Report,Philippine Ports Authority(PPA),ppa,2025-08-27 09:22:00,Research and Development of Harbor Star Shipping,SUCCESSFUL,https://www.foi.gov.ph/agencies/ppa/vessel-summary-report-ppa-060158576812/,GOCC,Q3,successful,394,92,4.282608695652174
MCIAA-534464974439,Flight Delay and Immigration Processing Data,Mactan-Cebu International Airport Authority(MCIAA),mciaa,2025-08-27 10:46:00,"This information is needed for research and solution development as part of the CEB-i Hacks innovation challenge, which aims to develop AI-powered solutions to improve tourism experiences and optimize airport operations at MCIA. The data will help in: - Understanding current operational challenges - Developing evidence-based solutions - Creating realistic impact projections - Supporting the innovation goals of the hackathon program RESEARCH CONTEXT: I am participating in the CEB-i Hacks program as a student researcher focusing on airport operational efficiency. This FOI request supports the program's objective of encouraging student-led innovation to enhance MCIA's operations and passenger experience.",SUCCESSFUL,https://www.foi.gov.ph/agencies/mciaa/flight-delay-and-immigration-processing-data/,GOCC,Q3,successful,394,92,4.282608695652174
PSA-222153092134,National I D,Philippine Statistics Authority(PSA),psa,2025-08-27 11:02:00,Follow Up National I.D,PARTIALLY SUCCESSFUL,https://www.foi.gov.ph/agencies/psa/national-i-d-psa-222153092134/,NGA,Q3,partially successful,4071,100,40.71
DPWH-465944413407,"Geotechnical Report in San Isidro, San Nicolas, Pangasinan",Department of Public Works and Highways(DPWH),dpwh,2025-08-27 11:18:00,Capstone Design Project,PROCESSING,https://www.foi.gov.ph/agencies/dpwh/geotechnical-report-in-san-isidro-san-nicolas-pangasinan/,NGA,Q3,open,4071,100,40.71
USAP-616225212056,Pasig City Latest Organizational Chart,"City of Pasig, NCR(USAP)",usap,2025-08-27 11:51:00,Thesis Research,SUCCESSFUL,https://www.foi.gov.ph/agencies/usap/pasig-city-latest-organizational-chart/,LGU,Q3,successful,71,71,1.0
UPLB-444749894971,"Orignal and Renovation plans for Bahay ng Pahinungod, Bille of Quantities.",University of the Philippines Los Banos(UPLB),uplb,2025-08-27 12:32:00,Thesis Study,ACCEPTED,https://www.foi.gov.ph/agencies/uplb/orignal-and-renovation-plans-for-bahay-ng-pahinungod-bille-of-quantities/,SUC,Q3,open,94,82,1.146341463414634
USAP-184134590760,Pasig City LGU's Organizational Chart,"City of Pasig, NCR(USAP)",usap,2025-08-27 13:31:00,Thesis Research,SUCCESSFUL,https://www.foi.gov.ph/agencies/usap/pasig-city-lgus-organizational-chart/,LGU,Q3,successful,71,71,1.0
LBP-603749103664,VOS Compensation Records of Clemente Amar- Lot No. 284,Land Bank of the Philippines(LBP),lbp,2025-08-27 22:04:00,"To clarify and document the final proceeds, bond, and payment history of the late Clemente Amar's land for heirs' recordkeeping.",DENIED,https://www.foi.gov.ph/agencies/lbp/vos-compensation-records-of-clemente-amar-lot-no-284/,GOCC,Q3,unsuccessful,394,92,4.282608695652174
PNP-333333409098,"Request for Official Data on VAWC (RA 9262) Cases in Benguet, 2023–2024",Philippine National Police(PNP),pnp,2025-08-27 23:05:00,Academic and Research purposes,SUCCESSFUL,https://www.foi.gov.ph/agencies/pnp/request-for-official-data-on-vawc-ra-9262-cases-in-benguet-20232024/,LEA,Q3,successful,122,102,1.196078431372549
BCDA-118646172650,Transit-Oriented Development Documents - MMSP,Bases Conversion and Development Authority(BCDA),bcda,2025-08-28 09:04:00,Undergraduate Thesis,REFERRED,https://www.foi.gov.ph/agencies/bcda/transit-oriented-development-documents-mmsp/,GOCC,Q3,referred,394,92,4.282608695652174
DOT-858993865026,Request for available data and reports on existing and potential tourist spots,Department of Tourism(DOT),dot,2025-08-28 09:37:00,Environmental Study - Research,CLOSED,https://www.foi.gov.ph/agencies/dot/request-for-available-data-and-reports-on-existing-and-potential-tourist-spots/,NGA,Q3,unsuccessful,4071,100,40.71
PNP-621111051750,"Number of Personnel per Police Outpost in District 1, Cagayan de Oro City",Philippine National Police(PNP),pnp,2025-08-28 14:30:00,Thesis Study,SUCCESSFUL,https://www.foi.gov.ph/agencies/pnp/number-of-personnel-per-police-outpost-in-district-1-cagayan-de-oro-city/,LEA,Q3,successful,122,102,1.196078431372549
USAP-725199585861,FOI Statistics,"City of Pasig, NCR(USAP)",usap,2025-08-28 17:14:00,For undergraduate study related to the performance of the PCS Program throughout the years.,SUCCESSFUL,https://www.foi.gov.ph/agencies/usap/foi-statistics-usap-725199585861/,LGU,Q3,successful,71,71,1.0
PNPDRD-271214953130,Barangay-level Domestic Violence Cases in Cebu City,Philippine National Police - Directorate for Research and Development(PNPDRD),pnpdrd,2025-08-28 18:16:00,Academic Research,DENIED,https://www.foi.gov.ph/agencies/pnpdrd/barangay-level-domestic-violence-cases-in-cebu-city/,LEA,Q3,unsuccessful,122,102,1.196078431372549
DOLE-410558190488,Data of how many of the people who have Autism Spectrum Disorder are working in Zamboanga City,Department of Labor and Employment(DOLE),dole,2025-08-28 18:41:00,For Architectural Thesis,ACCEPTED,https://www.foi.gov.ph/agencies/dole/data-of-how-many-of-the-people-who-have-autism-spectrum-disorder-are-working-in-zamboanga-city/,NGA,Q3,open,4071,100,40.71
NHA-594894261231,Housing of Gawad Kalinga,National Housing Authority(NHA),nha,2025-08-29 00:53:00,Research and Development,SUCCESSFUL,https://www.foi.gov.ph/agencies/nha/housing-of-gawad-kalinga/,GOCC,Q3,successful,394,92,4.282608695652174
PNPDIDM-029661992219,forensic,Philippine National Police - Directorate for Investigation and Detective Management(PNPDIDM),pnpdidm,2025-08-29 02:31:00,architectural design,DENIED,https://www.foi.gov.ph/agencies/pnpdidm/forensic-pnpdidm-029661992219/,LEA,Q3,unsuccessful,122,102,1.196078431372549
PNP-009610939119,REQUEST FOR THE NATURE OF DISCHARGE,Philippine National Police(PNP),pnp,2025-08-29 17:37:00,Employment,CLOSED,https://www.foi.gov.ph/agencies/pnp/request-for-the-nature-of-discharge/,LEA,Q3,unsuccessful,122,102,1.196078431372549
PNP-640626212184,CICL in Bulacan,Philippine National Police(PNP),pnp,2025-08-29 19:13:00,For Thesis,SUCCESSFUL,https://www.foi.gov.ph/agencies/pnp/cicl-in-bulacan-pnp-640626212184/,LEA,Q3,successful,122,102,1.196078431372549
PNP-311034379995,youth crime statistics ages 18-30 years old,Philippine National Police(PNP),pnp,2025-08-30 00:49:00,Thesis Design 9 Capstone,SUCCESSFUL,https://www.foi.gov.ph/agencies/pnp/youth-crime-statistics-ages-18-30-years-old/,LEA,Q3,successful,122,102,1.196078431372549
PPA-828956535496,Planning and Design Guidelines for Passenger Port Terminals,Philippine Ports Authority(PPA),ppa,2025-08-30 10:54:00,Undergraduate Thesis,SUCCESSFUL,https://www.foi.gov.ph/agencies/ppa/planning-and-design-guidelines-for-passenger-port-terminals/,GOCC,Q3,successful,394,92,4.282608695652174
USAP-478006102235,List of Public Market Retailers in Pasig City,"City of Pasig, NCR(USAP)",usap,2025-08-30 14:58:00,Special Problem/Thesis Purposes,PARTIALLY SUCCESSFUL,https://www.foi.gov.ph/agencies/usap/list-of-public-market-retailers-in-pasig-city/,LGU,Q3,partially successful,71,71,1.0
PNPDIDM-890829581673,Crime Rate and Statistics,Philippine National Police - Directorate for Investigation and Detective Management(PNPDIDM),pnpdidm,2025-08-31 01:47:00,Architectural Capstone,DENIED,https://www.foi.gov.ph/agencies/pnpdidm/crime-rate-and-statistics/,LEA,Q3,unsuccessful,122,102,1.196078431372549
PNP-412838563472,Crime Cases in Cagayan de Oro City,Philippine National Police(PNP),pnp,2025-08-31 04:48:00,Undergraduate Thesis,CLOSED,https://www.foi.gov.ph/agencies/pnp/crime-cases-in-cagayan-de-oro-city/,LEA,Q3,unsuccessful,122,102,1.196078431372549
PNP-601556471975,CRIME STATISTICS CAGAYAN DE ORO CITY PS3,Philippine National Police(PNP),pnp,2025-08-31 10:31:00,Thesis Supporting Data,DENIED,https://www.foi.gov.ph/agencies/pnp/crime-statistics-cagayan-de-oro-city-ps3-pnp-601556471975/,LEA,Q3,unsuccessful,122,102,1.196078431372549
MGPT-834781922880,"Number of CICL and CAR cases in Paniqui, Tarlac","Municipality of Paniqui, Tarlac, Region III(MGPT)",mgpt,2025-09-01 00:14:00,Undergraduate Thesis,PENDING,https://www.foi.gov.ph/agencies/mgpt/number-of-cicl-and-car-cases-in-paniqui-tarlac/,LGU,Q3,open,71,71,1.0
PNP-938405120617,Number of CICL and CAR in Paniqui/Tarlac Province,Philippine National Police(PNP),pnp,2025-09-01 00:20:00,Undergraduate Thesis,SUCCESSFUL,https://www.foi.gov.ph/agencies/pnp/number-of-cicl-and-car-in-paniquitarlac-province/,LEA,Q3,successful,122,102,1.196078431372549
USAP-934085461796,Number of minimum-wage workers from the grocery retail industry of the non-agricultural sector in Pasig City,"City of Pasig, NCR(USAP)",usap,2025-09-01 01:25:00,Research and Academic Purposes,SUCCESSFUL,https://www.foi.gov.ph/agencies/usap/number-of-minimum-wage-workers-from-the-grocery-retail-industry-of-the-non-agricultural-sector-in-pasig-city-usap-934085461796/,LGU,Q3,successful,71,71,1.0
PNP-424011396534,The number of data of crimes occurred in Cagayan de Oro City,Philippine National Police(PNP),pnp,2025-09-01 09:45:00,Architectural Thesis,SUCCESSFUL,https://www.foi.gov.ph/agencies/pnp/the-number-of-data-of-crimes-occurred-in-cagayan-de-oro-city-pnp-424011396534/,LEA,Q3,successful,122,102,1.196078431372549
LEGAZPI-743781612624,CLUP and CDP of Albay,"City of Legazpi, Region V(LEGAZPI)",legazpi,2025-09-01 11:14:00,"Architectural and Academic Research about Legazpi City, Albay",PENDING,https://www.foi.gov.ph/agencies/legazpi/clup-and-cdp-of-albay/,LGU,Q3,open,71,71,1.0
PNP-987498297692,Feasibility Study,Philippine National Police(PNP),pnp,2025-09-01 16:47:00,Research and Development,SUCCESSFUL,https://www.foi.gov.ph/agencies/pnp/feasibility-study-pnp-987498297692/,LEA,Q3,successful,122,102,1.196078431372549
DPWH-947332501158,"Geotechnical and Related Data for Proposed Slope Protection Design – Marikina-Infanta Highway, Real, Quezon",Department of Public Works and Highways(DPWH),dpwh,2025-09-01 19:09:00,"The requested data will be used solely for our academic design project, specifically for the proposed slope protection design along Marikina-Infanta Highway, Real, Quezon",CLOSED,https://www.foi.gov.ph/agencies/dpwh/geotechnical-and-related-data-for-proposed-slope-protection-design-marikina-infanta-highway-real-quezon/,NGA,Q3,unsuccessful,4071,100,40.71
UPPGH-172377940731,CANCER CENTER,University of the Philippines - Philippine General Hospital(UPPGH),uppgh,2025-09-02 08:41:00,Architectural Thesis,DENIED,https://www.foi.gov.ph/agencies/uppgh/cancer-center-uppgh-172377940731/,SUC,Q3,unsuccessful,94,82,1.146341463414634
PFDA-687548715643,ARCHITECTURAL PLANS FOR SUAL FISH PORT COMPLEX,Philippine Fisheries Development Authority(PFDA),pfda,2025-09-02 09:44:00,Architectural thesis,SUCCESSFUL,https://www.foi.gov.ph/agencies/pfda/architectural-plans-for-sual-fish-port-complex/,GOCC,Q3,successful,394,92,4.282608695652174
PNP-290433294651,2023 VAWC Case Data by Region and Type of Violence,Philippine National Police(PNP),pnp,2025-09-02 13:34:00,Acedemic and Research,DENIED,https://www.foi.gov.ph/agencies/pnp/2023-vawc-case-data-by-region-and-type-of-violence-pnp-290433294651/,LEA,Q3,unsuccessful,122,102,1.196078431372549
PHLPost-325869801529,Copy of Manila Central Post Office Plans,Philippine Postal Corporation(PHLPost),phlpost,2025-09-02 18:38:00,Academic Thesis Study for Architectural Design 9 - 10 Capstone,SUCCESSFUL,https://www.foi.gov.ph/agencies/phlpost/copy-of-manila-central-post-office-plans/,GOCC,Q3,successful,394,92,4.282608695652174
USAP-673748943195,Pasig City Commercial Data,"City of Pasig, NCR(USAP)",usap,2025-09-02 20:30:00,Thesis Project,PARTIALLY SUCCESSFUL,https://www.foi.gov.ph/agencies/usap/pasig-city-commercial-data/,LGU,Q3,partially successful,71,71,1.0
DAR-796212823058,Dataset of Every Regions,Department of Agrarian Reform(DAR),dar,2025-09-02 20:45:00,Thesis dataset,DENIED,https://www.foi.gov.ph/agencies/dar/dataset-of-every-regions/,NGA,Q3,unsuccessful,4071,100,40.71
PNP-581674554651,Crime Rate and Statistics,Philippine National Police(PNP),pnp,2025-09-02 23:52:00,Undergraduate Thesis,DENIED,https://www.foi.gov.ph/agencies/pnp/crime-rate-and-statistics-pnp-581674554651/,LEA,Q3,unsuccessful,122,102,1.196078431372549
PNP-434681390404,"Historical Crime Data for Angeles City, Pampanga (2015-2025)",Philippine National Police(PNP),pnp,2025-09-02 23:52:00,"Academic Research for undergraduate Computer Science thesis on crime pattern analysis and predictive modeling for public safety improvement in Angeles City, Pampanga.",SUCCESSFUL,https://www.foi.gov.ph/agencies/pnp/historical-crime-data-for-angeles-city-pampanga-2015-2025/,LEA,Q3,successful,122,102,1.196078431372549
DOJ-480567670477,Acknowledgement of Withdrawal (Petition for Review)---OSEC-SAMO,Department of Justice(DOJ),doj,2025-09-03 11:48:00,To avoid forum shopping,SUCCESSFUL,https://www.foi.gov.ph/agencies/doj/acknowledgement-of-withdrawal-petition-for-review-osec-samo/,NGA,Q3,successful,4071,100,40.71
USAP-397546816110,The numer of Generation Z in Pasig City,"City of Pasig, NCR(USAP)",usap,2025-09-03 12:47:00,The requested data will be used solely for our academic research requirement under our Thesis subject,SUCCESSFUL,https://www.foi.gov.ph/agencies/usap/the-numer-of-generation-z-in-pasig-city/,LGU,Q3,successful,71,71,1.0
USAP-463241568853,The number of Generation Z in Pasig City,"City of Pasig, NCR(USAP)",usap,2025-09-03 12:51:00,The requested data will be used solely for our academic research requirement under our Thesis subject,SUCCESSFUL,https://www.foi.gov.ph/agencies/usap/the-number-of-generation-z-in-pasig-city/,LGU,Q3,successful,71,71,1.0
PNCC-849305780827,Recruitment and Selection Process,Philippine National Construction Corporation(PNCC),pncc,2025-09-04 10:24:00,For research purposes,PENDING,https://www.foi.gov.ph/agencies/pncc/recruitment-and-selection-process-pncc-849305780827/,GOCC,Q3,open,394,92,4.282608695652174
PNP-358661923327,"Number of reported cases of abused Women, Children, and Men in CALABARZON and CENTRAL LUZON",Philippine National Police(PNP),pnp,2025-09-04 10:38:00,"Architectural Thesis Proposal for Special Housing for Abused Women, Children, and Men",SUCCESSFUL,https://www.foi.gov.ph/agencies/pnp/number-of-reported-cases-of-abused-women-children-and-men-in-calabarzon-and-central-luzon/,LEA,Q3,successful,122,102,1.196078431372549
DOH-719939146365,LGU Health Scorecard Data for BARMM,Department of Health(DOH),doh,2025-09-04 17:07:00,"for work purposes, as I am analyzing the Health indicators in BARMM",PARTIALLY SUCCESSFUL,https://www.foi.gov.ph/agencies/doh/lgu-health-scorecard-data-for-barmm/,NGA,Q3,partially successful,4071,100,40.71
PNP-387588108557,"Crime statistics in regions 1,2 and CAR",Philippine National Police(PNP),pnp,2025-09-04 20:14:00,Undergraduate Architectural Thesis,SUCCESSFUL,https://www.foi.gov.ph/agencies/pnp/crime-statistics-in-regions-12-and-car/,LEA,Q3,successful,122,102,1.196078431372549
HDMF-603949417215,Complete requirements for Pag Ibig Buyer ID application,Home Development Mutual Fund/Pag-IBIG Fund(HDMF),hdmf,2025-09-04 21:23:00,Clarification on application requirements,SUCCESSFUL,https://www.foi.gov.ph/agencies/hdmf/complete-requirements-for-pag-ibig-buyer-id-application/,GOCC,Q3,successful,394,92,4.282608695652174
DOH-241102417038,REQUEST FOR DATA ON SPORTS INJURIES IN CALABARZON,Department of Health(DOH),doh,2025-09-05 00:04:00,Capstone/ Educational Purposes,SUCCESSFUL,https://www.foi.gov.ph/agencies/doh/request-for-data-on-sports-injuries-in-calabarzon/,NGA,Q3,successful,4071,100,40.71
CTU-811256504956,Data Request about CTU-Ginatilan Extension Campus,Cebu Technological University(CTU),ctu,2025-09-05 00:59:00,For Academic Research Purpose and Project Proposal for Design 07: Community Architecture,PENDING,https://www.foi.gov.ph/agencies/ctu/data-request-about-ctu-ginatilan-extension-campus/,SUC,Q3,open,94,82,1.146341463414634
DENRLMB-439970283924,Request for Softcopies of LMB Survey Forms,Land Management Bureau(DENRLMB),denrlmb,2025-09-05 09:42:00,"Research, Business",SUCCESSFUL,https://www.foi.gov.ph/agencies/denrlmb/request-for-softcopies-of-lmb-survey-forms/,NGA,Q3,successful,4071,100,40.71
PIDS-595308556166,Request of Audited Financial Statement,Philippine Institute for Development Studies(PIDS),pids,2025-09-05 13:34:00,For PHIC-PIDS technical Assistance on the Universal Health Care,REFERRED,https://www.foi.gov.ph/agencies/pids/request-of-audited-financial-statement/,GOCC,Q3,referred,394,92,4.282608695652174
ERC-225919036818,Electricity and Billing data (2020-2024),Energy Regulatory Commission(ERC),erc,2025-09-05 21:33:00,This will be used for an academic research project on electricity trends in the Philippines aligned with SDG 7 and SDG 13,SUCCESSFUL,https://www.foi.gov.ph/agencies/erc/electricity-and-billing-data-2020-2024/,NGA,Q3,successful,4071,100,40.71
PNP-866553525880,Forensic Science for Thesis,Philippine National Police(PNP),pnp,2025-09-06 02:47:00,Architectural Thesis,SUCCESSFUL,https://www.foi.gov.ph/agencies/pnp/forensic-science-for-thesis/,LEA,Q3,successful,122,102,1.196078431372549
CGA-617711293418,"Mental Health Patients in Antipolo, Rizal","City of Antipolo, Region IV-A(CGA)",cga,2025-09-06 14:20:00,Thesis purposes,PENDING,https://www.foi.gov.ph/agencies/cga/mental-health-patients-in-antipolo-rizal-cga-617711293418/,LGU,Q3,open,71,71,1.0
CGA-218018014380,"Comprehensive Land Use Plan of Antipolo, Rizal","City of Antipolo, Region IV-A(CGA)",cga,2025-09-06 14:24:00,Thesis Purposes,SUCCESSFUL,https://www.foi.gov.ph/agencies/cga/comprehensive-land-use-plan-of-antipolo-rizal-cga-218018014380/,LGU,Q3,successful,71,71,1.0
PURA-020693329662,Topography map and Slope map,"Municipality of Pura, Tarlac, Region III(PURA)",pura,2025-09-06 14:31:00,3rd year Architectural case study,CLOSED,https://www.foi.gov.ph/agencies/pura/topography-map-and-slope-map/,LGU,Q3,unsuccessful,71,71,1.0
MGPT-112909358540,"CLUP, Topography map, Slope map","Municipality of Paniqui, Tarlac, Region III(MGPT)",mgpt,2025-09-06 14:34:00,3rd year Architectural Case Study,PENDING,https://www.foi.gov.ph/agencies/mgpt/clup-topography-map-slope-map/,LGU,Q3,open,71,71,1.0
PNP-132507761957,Traffic Accident Data,Philippine National Police(PNP),pnp,2025-09-06 14:58:00,For Research,PARTIALLY SUCCESSFUL,https://www.foi.gov.ph/agencies/pnp/traffic-accident-data/,LEA,Q3,partially successful,122,102,1.196078431372549
PNPDIDM-040999113375,Quarterly Crime Data of Crime Against Property and Crime Against Person by Region from 2009 to 2025,Philippine National Police - Directorate for Investigation and Detective Management(PNPDIDM),pnpdidm,2025-09-06 17:24:00,"The dataset will serve as the primary basis for my thesis entitled ""Asymmetry Analysis of Crime in the Philippines"". As partb of my graduate studies in Economics, the dataset provides sufficient and reliable information to conduct the empirical analysis required.",DENIED,https://www.foi.gov.ph/agencies/pnpdidm/quarterly-crime-data-of-crime-against-property-and-crime-against-person-by-region-from-2009-to-2025/,LEA,Q3,unsuccessful,122,102,1.196078431372549
PNP-776181163370,Number of vehicular accidents from 2022 - 2024,Philippine National Police(PNP),pnp,2025-09-06 21:12:00,For Advocacy Project to minimize mortality and morbidity because of vehicular accidents,SUCCESSFUL,https://www.foi.gov.ph/agencies/pnp/number-of-vehicular-accidents-from-2022-2024/,LEA,Q3,successful,122,102,1.196078431372549
PH-206686505586,Aggregate Enrollement Data for age 50+,PhilHealth(PH),ph,2025-09-06 21:16:00,Architectural Thesis,SUCCESSFUL,https://www.foi.gov.ph/agencies/ph/aggregate-enrollement-data-for-age-50/,GOCC,Q3,successful,394,92,4.282608695652174
NIA-890420568982,"Request for Reference Materials and Data for Irrigation System Design in Capas, Tarlac (FIXED 1)",National Irrigation Administration(NIA),nia,2025-09-07 23:50:00,School research for design project,SUCCESSFUL,https://www.foi.gov.ph/agencies/nia/request-for-reference-materials-and-data-for-irrigation-system-design-in-capas-tarlac-fixed-1/,GOCC,Q3,successful,394,92,4.282608695652174
DPWH-068578033876,Request for List of DPWH Projects Under My Name,Department of Public Works and Highways(DPWH),dpwh,2025-09-08 00:13:00,For monitoring and verification of DPWH projects under my name to ensure that there are no projects being implemented or recorded without my knowledge or authorization.,ACCEPTED,https://www.foi.gov.ph/agencies/dpwh/request-for-list-of-dpwh-projects-under-my-name/,NGA,Q3,open,4071,100,40.71
PNPDIDM-378044100339,irr af ra 11917,Philippine National Police - Directorate for Investigation and Detective Management(PNPDIDM),pnpdidm,2025-09-08 08:37:00,policy development,DENIED,https://www.foi.gov.ph/agencies/pnpdidm/irr-af-ra-11917/,LEA,Q3,unsuccessful,122,102,1.196078431372549
DOH-873177537947,Number of diagnosed type 2 diabetes per city / municipality of Pampanga Province.,Department of Health(DOH),doh,2025-09-08 14:45:00,Thesis Writing,SUCCESSFUL,https://www.foi.gov.ph/agencies/doh/number-of-diagnosed-type-2-diabetes-per-city-municipality-of-pampanga-province/,NGA,Q3,successful,4071,100,40.71
BJMP-308967076433,Forensic Psychiatric patients,Bureau of Jail Management and Penology(BJMP),bjmp,2025-09-09 09:01:00,Architectural Capstone,PARTIALLY SUCCESSFUL,https://www.foi.gov.ph/agencies/bjmp/forensic-psychiatric-patients-bjmp-308967076433/,NGA,Q3,partially successful,4071,100,40.71
PUP-585265399398,Open University Post Baccalaureate Diploma in Information Technology (PBDIT) Curriculum,Polytechnic University of the Philippines(PUP),pup,2025-09-09 12:17:00,Research and Personal Development,SUCCESSFUL,https://www.foi.gov.ph/agencies/pup/open-university-post-baccalaureate-diploma-in-information-technology-pbdit-curriculum/,SUC,Q3,successful,94,82,1.146341463414634
PNPDIDM-079281473020,Quarterly Regional Crime Incidence,Philippine National Police - Directorate for Investigation and Detective Management(PNPDIDM),pnpdidm,2025-09-09 14:23:00,I would like to request for my research,DENIED,https://www.foi.gov.ph/agencies/pnpdidm/quarterly-regional-crime-incidence/,LEA,Q3,unsuccessful,122,102,1.196078431372549
PNPDIDM-209128458486,Quarterly Non-index and Index Crime Incidence,Philippine National Police - Directorate for Investigation and Detective Management(PNPDIDM),pnpdidm,2025-09-09 21:38:00,For Thesis,DENIED,https://www.foi.gov.ph/agencies/pnpdidm/quarterly-non-index-and-index-crime-incidence/,LEA,Q3,unsuccessful,122,102,1.196078431372549
PLGUB-555303942211,Young Professionals Population in Baguio City,"Province of Benguet, CAR(PLGUB)",plgub,2025-09-10 00:18:00,For undergraduate research/thesis.,SUCCESSFUL,https://www.foi.gov.ph/agencies/plgub/young-professionals-population-in-baguio-city/,LGU,Q3,successful,71,71,1.0
PNP-287137046218,Request to Proponent,Philippine National Police(PNP),pnp,2025-09-10 01:19:00,Undergraduate Architectural Thesis,SUCCESSFUL,https://www.foi.gov.ph/agencies/pnp/request-to-proponent-pnp-287137046218/,LEA,Q3,successful,122,102,1.196078431372549
LRTA-195825309941,LRT Line 2 Statistical Data,Light Rail Transit Authority(LRTA),lrta,2025-09-10 07:40:00,Thesis and Research,SUCCESSFUL,https://www.foi.gov.ph/agencies/lrta/lrt-line-2-statistical-data/,GOCC,Q3,successful,394,92,4.282608695652174
UP-837101894545,Request to Proponent,University of the Philippines System(UP),up,2025-09-10 09:57:00,Undergraduate Architectural Thesis,SUCCESSFUL,https://www.foi.gov.ph/agencies/up/request-to-proponent-up-837101894545/,SUC,Q3,successful,94,82,1.146341463414634
PNPDIDM-932488118150,Request to Proponent,Philippine National Police - Directorate for Investigation and Detective Management(PNPDIDM),pnpdidm,2025-09-10 10:43:00,Undergraduate Architectural Thesis,DENIED,https://www.foi.gov.ph/agencies/pnpdidm/request-to-proponent-pnpdidm-932488118150/,LEA,Q3,unsuccessful,122,102,1.196078431372549
PNP-323373379406,Statitics of different cases in quezon city,Philippine National Police(PNP),pnp,2025-09-10 14:18:00,Thesis project,SUCCESSFUL,https://www.foi.gov.ph/agencies/pnp/statitics-of-different-cases-in-quezon-city/,LEA,Q3,successful,122,102,1.196078431372549
DPWH-673576808288,Geotechnical Evaluation Report in Catanduanes,Department of Public Works and Highways(DPWH),dpwh,2025-09-10 15:34:00,Capstone Design Project,SUCCESSFUL,https://www.foi.gov.ph/agencies/dpwh/geotechnical-evaluation-report-in-catanduanes-dpwh-673576808288/,NGA,Q3,successful,4071,100,40.71
PAKIL-428699616995,RECORD OF TOTAL POPULATION FOR SANTA ROSA COMMUNITY HOSPITAL,"Municipality of Pakil, Laguna, Region IV-A(PAKIL)",pakil,2025-09-10 15:38:00,FOR OUR CAPTONE DESIGN PROJECT,PENDING,https://www.foi.gov.ph/agencies/pakil/record-of-total-population-for-santa-rosa-community-hospital/,LGU,Q3,open,71,71,1.0
BIR-868112919189,BIR-stamped Income Tax Return,Bureau of Internal Revenue(BIR),bir,2025-09-10 16:54:00,VISA Application,DENIED,https://www.foi.gov.ph/agencies/bir/bir-stamped-income-tax-return-bir-868112919189/,NGA,Q3,unsuccessful,4071,100,40.71
LEGAZPI-683616981530,CAPSTONE RESEARCH,"City of Legazpi, Region V(LEGAZPI)",legazpi,2025-09-10 22:26:00,Research and Development,PENDING,https://www.foi.gov.ph/agencies/legazpi/capstone-research/,LGU,Q3,open,71,71,1.0
USAP-060841737919,"Pasig City - Architectural Thesis Site Analysis - CLUP, CDP, LDIP, other Maps.","City of Pasig, NCR(USAP)",usap,2025-09-10 22:41:00,Architectural Thesis Capstone - Site Selection,SUCCESSFUL,https://www.foi.gov.ph/agencies/usap/pasig-city-architectural-thesis-site-analysis-clup-cdp-ldip-other-maps/,LGU,Q3,successful,71,71,1.0
UPLB-529794693380,Collection and testing of domestic wastewater in UPLB,University of the Philippines Los Banos(UPLB),uplb,2025-09-11 09:00:00,"The domestic wastewater will be used in undergraduate thesis, particularly the efficiency evaluation of nature-based solutions treating domestic wastewater",ACCEPTED,https://www.foi.gov.ph/agencies/uplb/collection-and-testing-of-domestic-wastewater-in-uplb/,SUC,Q3,open,94,82,1.146341463414634
PNP-262305724277,Quarterly Crime Incidence,Philippine National Police(PNP),pnp,2025-09-11 09:34:00,This is for my thesis,SUCCESSFUL,https://www.foi.gov.ph/agencies/pnp/quarterly-crime-incidence-pnp-262305724277/,LEA,Q3,successful,122,102,1.196078431372549
USAP-529044289863,Total Number of BPO Employees in Pasig City,"City of Pasig, NCR(USAP)",usap,2025-09-11 11:54:00,Request for Gathering of Population (Academic Purpose),SUCCESSFUL,https://www.foi.gov.ph/agencies/usap/total-number-of-bpo-employees-in-pasig-city/,LGU,Q3,successful,71,71,1.0
CCP-917100270352,Request for a guided tour and an interview from a representative,Cultural Center of the Philippines(CCP),ccp,2025-09-11 16:02:00,Thesis purposes,SUCCESSFUL,https://www.foi.gov.ph/agencies/ccp/request-for-a-guided-tour-and-an-interview-from-a-representative/,GOCC,Q3,successful,394,92,4.282608695652174
PNP-793696659161,Thesis Statistics for Architectural Thesis,Philippine National Police(PNP),pnp,2025-09-11 16:24:00,Supporting data for Architectural Thesis,SUCCESSFUL,https://www.foi.gov.ph/agencies/pnp/thesis-statistics-for-architectural-thesis/,LEA,Q3,successful,122,102,1.196078431372549
NKTI-953238016731,CKD data,National Kidney and Transplant Institute(NKTI),nkti,2025-09-11 18:22:00,Academic Research,PARTIALLY SUCCESSFUL,https://www.foi.gov.ph/agencies/nkti/ckd-data/,GOCC,Q3,partially successful,394,92,4.282608695652174
NHA-076222628749,2 Storey Residential Building Complete Plan,National Housing Authority(NHA),nha,2025-09-11 18:47:00,Cost Construction Engineering,SUCCESSFUL,https://www.foi.gov.ph/agencies/nha/2-storey-residential-building-complete-plan/,GOCC,Q3,successful,394,92,4.282608695652174
PNPDIDM-060414490094,National Police Clearance,Philippine National Police - Directorate for Investigation and Detective Management(PNPDIDM),pnpdidm,2025-09-12 01:26:00,"For Background checking purposes of employees, we are planning to use the PNP clearance as an alternative to the NBI clearance",DENIED,https://www.foi.gov.ph/agencies/pnpdidm/national-police-clearance-pnpdidm-060414490094/,LEA,Q3,unsuccessful,122,102,1.196078431372549
CHED-864903623236,The number of enrollees for nutrionist-dietician,Commission on Higher Education(CHED),ched,2025-09-12 11:20:00,Research Study,SUCCESSFUL,https://www.foi.gov.ph/agencies/ched/the-number-of-enrollees-for-nutrionist-dietician/,NGA,Q3,successful,4071,100,40.71
PNP-589838797495,"The Effects of Illegal Gambling in Socioeconomic Status of Families in Selected Barangays of San Pedro City, Laguna CY 2023-2025: Basis For Anti-Gambling Interventions",Philippine National Police(PNP),pnp,2025-09-12 13:32:00,For research purposes,SUCCESSFUL,https://www.foi.gov.ph/agencies/pnp/the-effects-of-illegal-gambling-in-socioeconomic-status-of-families-in-selected-barangays-of-san-pedro-city-laguna-cy-2023-2025-basis-for-anti-gambling-interventions/,LEA,Q3,successful,122,102,1.196078431372549
CGB-283384122679,Requesting for CLUP and other Land use Plan,CITY GOVERNMENT OF BATANGAS(CGB),cgb,2025-09-12 14:10:00,Achitectural Thesis,SUCCESSFUL,https://www.foi.gov.ph/agencies/cgb/requesting-for-clup-and-other-land-use-plan/,LGU,Q3,successful,71,71,1.0
PNP-587540007780,Missing Person,Philippine National Police(PNP),pnp,2025-09-12 15:00:00,FIND MISSING PERSON,SUCCESSFUL,https://www.foi.gov.ph/agencies/pnp/missing-person-pnp-587540007780/,LEA,Q3,successful,122,102,1.196078431372549
PNP-881002917807,Number of CICL and CAR in Tarlac City,Philippine National Police(PNP),pnp,2025-09-12 15:05:00,Undergraduate Thesis,SUCCESSFUL,https://www.foi.gov.ph/agencies/pnp/number-of-cicl-and-car-in-tarlac-city/,LEA,Q3,successful,122,102,1.196078431372549
PICC-669858506669,Top 10k Corporations 2025,Philippine International Convention Center(PICC),picc,2025-09-12 15:47:00,Research and development,PENDING,https://www.foi.gov.ph/agencies/picc/top-10k-corporations-2025/,GOCC,Q3,open,394,92,4.282608695652174
PNOC-239239475249,Document request for Architectural Thesis,Philippine National Oil Company(PNOC),pnoc,2025-09-12 16:24:00,Academic Purpose for Architectural Thesis,SUCCESSFUL,https://www.foi.gov.ph/agencies/pnoc/document-request-for-architectural-thesis-pnoc-239239475249/,GOCC,Q3,successful,394,92,4.282608695652174
PH-224237743426,CKD dialysis cost and coverage,PhilHealth(PH),ph,2025-09-12 18:27:00,Academic Research,SUCCESSFUL,https://www.foi.gov.ph/agencies/ph/ckd-dialysis-cost-and-coverage/,GOCC,Q3,successful,394,92,4.282608695652174
PGLU-254162768851,Caba District Hospital,"Province of La Union, Region I(PGLU)",pglu,2025-09-12 21:37:00,Thesis Research,PENDING,https://www.foi.gov.ph/agencies/pglu/caba-district-hospital/,LGU,Q3,open,71,71,1.0
PNP-937881757165,NUMBER OF ROAD ACCIDENTS IN GENERAL SANTOS CITY,Philippine National Police(PNP),pnp,2025-09-13 14:12:00,Architectural Thesis,SUCCESSFUL,https://www.foi.gov.ph/agencies/pnp/number-of-road-accidents-in-general-santos-city/,LEA,Q3,successful,122,102,1.196078431372549
NHA-736140506257,NHA Program for Solo Parent,National Housing Authority(NHA),nha,2025-09-13 20:13:00,Housing Program for Solo Parent,SUCCESSFUL,https://www.foi.gov.ph/agencies/nha/nha-program-for-solo-parent/,GOCC,Q3,successful,394,92,4.282608695652174
PNP-824544363025,Number of CICL,Philippine National Police(PNP),pnp,2025-09-13 20:30:00,Architectural Thesis,SUCCESSFUL,https://www.foi.gov.ph/agencies/pnp/number-of-cicl-pnp-824544363025/,LEA,Q3,successful,122,102,1.196078431372549
USAP-659856026025,Mall in Pasig City Data,"City of Pasig, NCR(USAP)",usap,2025-09-13 21:35:00,Thesis Project,SUCCESSFUL,https://www.foi.gov.ph/agencies/usap/mall-in-pasig-city-data/,LGU,Q3,successful,71,71,1.0
UPOU-736985584065,Request for Access to Books and Research on Camiguin Island,University of the Philippines Open University(UPOU),upou,2025-09-13 23:38:00,Architectural Thesis,DENIED,https://www.foi.gov.ph/agencies/upou/request-for-access-to-books-and-research-on-camiguin-island/,SUC,Q3,unsuccessful,94,82,1.146341463414634
CCP-375557446915,"Request for Cultural Facility Guidelines, Standards, and Cultural Heritage Data",Cultural Center of the Philippines(CCP),ccp,2025-09-13 23:45:00,Architectural Thesis,PARTIALLY SUCCESSFUL,https://www.foi.gov.ph/agencies/ccp/request-for-cultural-facility-guidelines-standards-and-cultural-heritage-data/,GOCC,Q3,partially successful,394,92,4.282608695652174
USAP-334977249692,DISASTER PREPAREDNESS PARK,"City of Pasig, NCR(USAP)",usap,2025-09-14 02:12:00,Thesis purposes,SUCCESSFUL,https://www.foi.gov.ph/agencies/usap/disaster-preparedness-park/,LGU,Q3,successful,71,71,1.0
PNP-271481219697,"Statistical Data in Domestic Violence (RA 9262) in City of Naga, Camarines Sur in the year 2025.",Philippine National Police(PNP),pnp,2025-09-14 10:41:00,Research and development,SUCCESSFUL,https://www.foi.gov.ph/agencies/pnp/statistical-data-in-domestic-violence-ra-9262-in-city-of-naga-camarines-sur-in-the-year-2025/,LEA,Q3,successful,122,102,1.196078431372549
PSA-903931370550,TRAUMA AND BURN RELATED,Philippine Statistics Authority(PSA),psa,2025-09-14 12:26:00,ARCHITECTURAL THESIS,PARTIALLY SUCCESSFUL,https://www.foi.gov.ph/agencies/psa/trauma-and-burn-related-psa-903931370550/,NGA,Q3,partially successful,4071,100,40.71
PNP-199688142072,Number of accidents,Philippine National Police(PNP),pnp,2025-09-14 12:30:00,Architectural Thesis,SUCCESSFUL,https://www.foi.gov.ph/agencies/pnp/number-of-accidents/,LEA,Q3,successful,122,102,1.196078431372549
NKTI-410598043520,Kidney,National Kidney and Transplant Institute(NKTI),nkti,2025-09-14 12:31:00,Bs Arch Capstone,PARTIALLY SUCCESSFUL,https://www.foi.gov.ph/agencies/nkti/kidney/,GOCC,Q3,partially successful,394,92,4.282608695652174
BJMP-162760467722,CCJ STATISTICS,Bureau of Jail Management and Penology(BJMP),bjmp,2025-09-14 13:36:00,Academic Research,PARTIALLY SUCCESSFUL,https://www.foi.gov.ph/agencies/bjmp/ccj-statistics/,NGA,Q3,partially successful,4071,100,40.71
PNP-007020262992,"2025 Crime Data for the Philippines, NCR, and Makati City",Philippine National Police(PNP),pnp,2025-09-14 21:29:00,Research and data analysis,SUCCESSFUL,https://www.foi.gov.ph/agencies/pnp/2025-crime-data-for-the-philippines-ncr-and-makati-city/,LEA,Q3,successful,122,102,1.196078431372549
DOE-955679494497,Data request for SLTEC Calaca,Department of Energy(DOE),doe,2025-09-14 21:57:00,Architectural Undergraduate Thesis,PARTIALLY SUCCESSFUL,https://www.foi.gov.ph/agencies/doe/data-request-for-sltec-calaca/,NGA,Q3,partially successful,4071,100,40.71
HDMF-519729869940,loyalty Card plus application,Home Development Mutual Fund/Pag-IBIG Fund(HDMF),hdmf,2025-09-14 22:13:00,Inquiry and Guidelines,SUCCESSFUL,https://www.foi.gov.ph/agencies/hdmf/loyalty-card-plus-application/,GOCC,Q3,successful,394,92,4.282608695652174
MMDA-657094427369,Flood Event and Catchment Data (2019–Present) for Marikina River Basin,Metropolitan Manila Development Authority(MMDA),mmda,2025-09-15 09:42:00,Academic Research,PARTIALLY SUCCESSFUL,https://www.foi.gov.ph/agencies/mmda/flood-event-and-catchment-data-2019present-for-marikina-river-basin/,NGA,Q3,partially successful,4071,100,40.71
TSU-135901498057,Enrollment and Graduate Data,Tarlac State University(TSU),tsu,2025-09-15 10:27:00,Architectural Thesis,SUCCESSFUL,https://www.foi.gov.ph/agencies/tsu/enrollment-and-graduate-data-tsu-135901498057/,SUC,Q3,successful,94,82,1.146341463414634
PNP-392308602716,Implementing Rules and Regulations of RA 11917,Philippine National Police(PNP),pnp,2025-09-15 11:14:00,Polivy Development,SUCCESSFUL,https://www.foi.gov.ph/agencies/pnp/implementing-rules-and-regulations-of-ra-11917/,LEA,Q3,successful,122,102,1.196078431372549
PEZA-854395121133,"Number of BPO Companies in SAN JOSE DEL MONTE, BULACAN",Philippine Economic Zone Authority(PEZA),peza,2025-09-15 11:15:00,RESEARCH AND DEVELOPMENT,PENDING,https://www.foi.gov.ph/agencies/peza/number-of-bpo-companies-in-san-jose-del-monte-bulacan/,GOCC,Q3,open,394,92,4.282608695652174
UPLB-871485729817,UPLB Agro- industrial and Information Technology Parks.,University of the Philippines Los Banos(UPLB),uplb,2025-09-15 12:46:00,Undergraduate Architecture Thesis,DENIED,https://www.foi.gov.ph/agencies/uplb/uplb-agro-industrial-and-information-technology-parks-uplb-871485729817/,SUC,Q3,unsuccessful,94,82,1.146341463414634
NKTI-336895654419,BED CAPCITY FOR RENAL IN CALABARZON,National Kidney and Transplant Institute(NKTI),nkti,2025-09-15 15:08:00,ARCHITECTURAL THESIS,PARTIALLY SUCCESSFUL,https://www.foi.gov.ph/agencies/nkti/bed-capcity-for-renal-in-calabarzon/,GOCC,Q3,partially successful,394,92,4.282608695652174
PNP-191013887082,"Total Drug User by Region, Province, City / Municipality",Philippine National Police(PNP),pnp,2025-09-16 08:04:00,Thesis Writing,SUCCESSFUL,https://www.foi.gov.ph/agencies/pnp/total-drug-user-by-region-province-city-municipality/,LEA,Q3,successful,122,102,1.196078431372549
USEP-784129215543,BOR 40042 s. 2001,University of Southeastern Philippines(USEP),usep,2025-09-16 08:09:00,Attachment and Evidence for the 2025 Library Manual and AACCUP Accreditation supporting document,DENIED,https://www.foi.gov.ph/agencies/usep/bor-40042-s-2001/,SUC,Q3,unsuccessful,94,82,1.146341463414634
NIA-975112920675,Irrigation Water Resources Management Plan - Agos River Watershed,National Irrigation Administration(NIA),nia,2025-09-16 08:41:00,Research for the Province of Quezon,SUCCESSFUL,https://www.foi.gov.ph/agencies/nia/irrigation-water-resources-management-plan-agos-river-watershed/,GOCC,Q3,successful,394,92,4.282608695652174
PNP-735625973977,Brake failure accidents,Philippine National Police(PNP),pnp,2025-09-16 09:08:00,undergraduate thesis,PARTIALLY SUCCESSFUL,https://www.foi.gov.ph/agencies/pnp/brake-failure-accidents/,LEA,Q3,partially successful,122,102,1.196078431372549
CGA-112718898115,CLUP and Zoning Maps of Antipolo City,"City of Antipolo, Region IV-A(CGA)",cga,2025-09-17 01:20:00,Architectural Thesis,SUCCESSFUL,https://www.foi.gov.ph/agencies/cga/clup-and-zoning-maps-of-antipolo-city/,LGU,Q3,successful,71,71,1.0
USAP-608043413475,Velopark Cycling Complex on PUD lots.,"City of Pasig, NCR(USAP)",usap,2025-09-17 09:58:00,Architectural Capstone Research,SUCCESSFUL,https://www.foi.gov.ph/agencies/usap/velopark-cycling-complex-on-pud-lots/,LGU,Q3,successful,71,71,1.0
DENRLMB-710003868034,Magalang Pampanga request,Land Management Bureau(DENRLMB),denrlmb,2025-09-17 10:03:00,Thesis writing,SUCCESSFUL,https://www.foi.gov.ph/agencies/denrlmb/magalang-pampanga-request/,NGA,Q3,successful,4071,100,40.71
PNP-962147508865,Violence Against Women and Children Cases,Philippine National Police(PNP),pnp,2025-09-17 11:32:00,Research and Development,SUCCESSFUL,https://www.foi.gov.ph/agencies/pnp/violence-against-women-and-children-cases/,LEA,Q3,successful,122,102,1.196078431372549
PNP-507275255554,#PNP-937881757165.,Philippine National Police(PNP),pnp,2025-09-17 12:26:00,Architectural Thesis,SUCCESSFUL,https://www.foi.gov.ph/agencies/pnp/pnp-937881757165/,LEA,Q3,successful,122,102,1.196078431372549
CGA-710488548685,Antipolo City Ordinance 2006-236,"City of Antipolo, Region IV-A(CGA)",cga,2025-09-17 14:06:00,Research and Development,SUCCESSFUL,https://www.foi.gov.ph/agencies/cga/antipolo-city-ordinance-2006-236/,LGU,Q3,successful,71,71,1.0
PNP-028764032313,Drug Cases in Laguna by City or Municipality,Philippine National Police(PNP),pnp,2025-09-17 15:44:00,Thesis Writing,SUCCESSFUL,https://www.foi.gov.ph/agencies/pnp/drug-cases-in-laguna-by-city-or-municipality/,LEA,Q3,successful,122,102,1.196078431372549
LGULINGAYEN-324281167432,GIDA CERTIFICATION,"Municipality of Lingayen, Pangasinan(LGULINGAYEN)",lgulingayen,2025-09-17 16:01:00,Medical Allowance,PENDING,https://www.foi.gov.ph/agencies/lgulingayen/gida-certification/,LGU,Q3,open,71,71,1.0
PSA-327938820051,RIZAL IT-BPO INFORMATION,Philippine Statistics Authority(PSA),psa,2025-09-17 16:30:00,ARCHITETCURAL THESIS,PARTIALLY SUCCESSFUL,https://www.foi.gov.ph/en/agencies/psa/rizal-it-bpo-information/,NGA,Q3,partially successful,4071,100,40.71
NISU-853065199289,"Request for Faculty Specialization Data for Dissertation on Preparedness, Ethical Measures, and Engagement in AI among Higher Education Teachers",Northern Iloilo State University(NISU),nisu,2025-09-17 16:55:00,Dissertaion data,SUCCESSFUL,https://www.foi.gov.ph/agencies/nisu/request-for-faculty-specialization-data-for-dissertation-on-preparedness-ethical-measures-and-engagement-in-ai-among-higher-education-teachers/,SUC,Q3,successful,94,82,1.146341463414634
LEGAZPI-205249968352,"Geotech Report in Barangay 37-Bitano Legazpi City, Albay","City of Legazpi, Region V(LEGAZPI)",legazpi,2025-09-17 22:55:00,Capstone/Thesis/Research,PENDING,https://www.foi.gov.ph/agencies/legazpi/geotech-report-in-barangay-37-bitano-legazpi-city-albay/,LGU,Q3,open,71,71,1.0
DOT-375031336355,SBIA TOURIST ARRIVAL DATA,Department of Tourism(DOT),dot,2025-09-18 02:53:00,Architecture Thesis,PARTIALLY SUCCESSFUL,https://www.foi.gov.ph/agencies/dot/sbia-tourist-arrival-data/,NGA,Q3,partially successful,4071,100,40.71
MSWD-405561520397,Request for Information on MSWD Franchise Area,Metro Siargao Water District(MSWD),mswd,2025-09-18 09:32:00,Research and development,PENDING,https://www.foi.gov.ph/agencies/mswd/request-for-information-on-mswd-franchise-area/,WATER-DISTRICT,Q3,open,150,150,1.0
MWSSCO-148045542789,La Mesa Reservoir Bathymetry Data and Water Level - Volume and Area Curve,Metropolitan Waterworks and Sewerage System Corporate Office(MWSSCO),mwssco,2025-09-18 15:14:00,Undergraduate Thesis,DENIED,https://www.foi.gov.ph/agencies/mwssco/la-mesa-reservoir-bathymetry-data-and-water-level-volume-and-area-curve/,GOCC,Q3,unsuccessful,394,92,4.282608695652174
DINAWD-776271550327,Tourism Arrival Data in Pasig City,Dinagat Water District(DINAWD),dinawd,2025-09-18 15:44:00,Thesis Project,PENDING,https://www.foi.gov.ph/agencies/dinawd/tourism-arrival-data-in-pasig-city/,WATER-DISTRICT,Q3,open,150,150,1.0
DENRLMB-727601541825,CLUP of Antipolo Rizal,Land Management Bureau(DENRLMB),denrlmb,2025-09-19 00:10:00,Thesis Writing,SUCCESSFUL,https://www.foi.gov.ph/agencies/denrlmb/clup-of-antipolo-rizal-denrlmb-727601541825/,NGA,Q3,successful,4071,100,40.71
PNP-134473721478,Supporting Stats,Philippine National Police(PNP),pnp,2025-09-19 11:57:00,"I am doing a thesis proposal relating to Forensic Science, the data will be used to support my proposal.",SUCCESSFUL,https://www.foi.gov.ph/agencies/pnp/supporting-stats/,LEA,Q3,successful,122,102,1.196078431372549
LEGAZPI-885984812827,Request for Population Data on Athletics in Legazpi City,"City of Legazpi, Region V(LEGAZPI)",legazpi,2025-09-19 12:45:00,Capstone Design/Thesis,PENDING,https://www.foi.gov.ph/agencies/legazpi/request-for-population-data-on-athletics-in-legazpi-city-legazpi-885984812827/,LGU,Q3,open,71,71,1.0
DOTr-337049760949,Imus Transportation Routes & Inventory,Department of Transportation(DOTr),dotr,2025-09-19 14:43:00,Research and development,DENIED,https://www.foi.gov.ph/agencies/dotr/imus-transportation-routes-inventory/,NGA,Q3,unsuccessful,4071,100,40.71
HUDCC-700095168775,2025 Zoning Map of Manila City,Housing and Urban Development Coordinating Council(HUDCC),hudcc,2025-09-19 15:27:00,Restaurant Feasibility Research,PENDING,https://www.foi.gov.ph/agencies/hudcc/2025-zoning-map-of-manila-city-hudcc-700095168775/,NGA,Q3,open,4071,100,40.71
USAP-429592009839,SALN,"City of Pasig, NCR(USAP)",usap,2025-09-19 15:48:00,Research: (ARM 203: Law and ethics in Archives and Records Management) Topic: Transparency,DENIED,https://www.foi.gov.ph/agencies/usap/saln-usap-429592009839/,LGU,Q3,unsuccessful,71,71,1.0
PNP-041362795056,municipal data of CICL and CAR in Cavite,Philippine National Police(PNP),pnp,2025-09-19 18:18:00,Research for Thesis,SUCCESSFUL,https://www.foi.gov.ph/agencies/pnp/municipal-data-of-cicl-and-car-in-cavite/,LEA,Q3,successful,122,102,1.196078431372549
PNP-917816739328,Caloocan City Anti-Vagrancy Law 1972-1981,Philippine National Police(PNP),pnp,2025-09-20 11:55:00,For Research in History Course,DENIED,https://www.foi.gov.ph/agencies/pnp/caloocan-city-anti-vagrancy-law-1972-1981/,LEA,Q3,unsuccessful,122,102,1.196078431372549
DOH-225815406612,"List of Drugs under Maximum Drug Retail Price, GMAP & Maximum Retail Price",Department of Health(DOH),doh,2025-09-20 12:46:00,For Drugstore Compliance,SUCCESSFUL,https://www.foi.gov.ph/agencies/doh/list-of-drugs-under-maximum-drug-retail-price-gmap-maximum-retail-price-doh-225815406612/,NGA,Q3,successful,4071,100,40.71
PNP-517622194820,TARLAC CITY- CICL and CAR Population,Philippine National Police(PNP),pnp,2025-09-20 15:02:00,Undergraduate Thesis,SUCCESSFUL,https://www.foi.gov.ph/agencies/pnp/tarlac-city-cicl-and-car-population/,LEA,Q3,successful,122,102,1.196078431372549
CSFWD-805831001405,"Water Consumption, Quality Standards, and Treatment Regulations in the City of San Fernando",City of San Fernando Water District(CSFWD),csfwd,2025-09-20 17:07:00,Architectural Thesis,ACCEPTED,https://www.foi.gov.ph/agencies/csfwd/water-consumption-quality-standards-and-treatment-regulations-in-the-city-of-san-fernando/,WATER-DISTRICT,Q3,open,150,150,1.0
CLSU-698211949774,Data on College of Fisheries,Central Luzon State University(CLSU),clsu,2025-09-20 18:11:00,Undergraduate thesis,SUCCESSFUL,https://www.foi.gov.ph/agencies/clsu/data-on-college-of-fisheries/,SUC,Q3,successful,94,82,1.146341463414634
BUCOR-100339282556,e dalawmedsecom NBP,Bureau of Corrections(BUCOR),bucor,2025-09-20 22:24:00,To know his case status and situation inside,DENIED,https://www.foi.gov.ph/agencies/bucor/e-dalawmedsecom-nbp/,NGA,Q3,unsuccessful,4071,100,40.71
PNP-561147499496,Forensic Services,Philippine National Police(PNP),pnp,2025-09-20 22:32:00,"This data will be critical in helping me determine site suitability and formulate the design framework of my proposal. Once again, I am deeply grateful for your continued patience, understanding, and invaluable support in assisting me through this research process.",SUCCESSFUL,https://www.foi.gov.ph/agencies/pnp/forensic-services-pnp-561147499496/,LEA,Q3,successful,122,102,1.196078431372549
PIDS-779890625225,Information on Job/Skills Mismatch,Philippine Institute for Development Studies(PIDS),pids,2025-09-21 17:36:00,Research for Thesis Proposal,SUCCESSFUL,https://www.foi.gov.ph/agencies/pids/information-on-jobskills-mismatch/,GOCC,Q3,successful,394,92,4.282608695652174
PNP-516256118155,Inquiry on warrant of arrest status,Philippine National Police(PNP),pnp,2025-09-22 03:43:00,Legal case,DENIED,https://www.foi.gov.ph/agencies/pnp/inquiry-on-warrant-of-arrest-status/,LEA,Q3,unsuccessful,122,102,1.196078431372549
CGB-076176334776,list of registered voters in tanauan city batangas,CITY GOVERNMENT OF BATANGAS(CGB),cgb,2025-09-22 15:22:00,We are currently taking Feasibility study on Batangas State University - Alangilan as part of our curriculum,SUCCESSFUL,https://www.foi.gov.ph/agencies/cgb/list-of-registered-voters-in-tanauan-city-batangas/,LGU,Q3,successful,71,71,1.0
USAP-062162585009,Pasig City Mega Market Organizational Chart,"City of Pasig, NCR(USAP)",usap,2025-09-22 16:01:00,Architectural Thesis,SUCCESSFUL,https://www.foi.gov.ph/agencies/usap/pasig-city-mega-market-organizational-chart/,LGU,Q3,successful,71,71,1.0
USAP-609400898261,Historical Data of Medium- Large Sized Grocery store in Pasig from 2022-2025,"City of Pasig, NCR(USAP)",usap,2025-09-22 16:29:00,it will use for our feasibility study,SUCCESSFUL,https://www.foi.gov.ph/agencies/usap/historical-data-of-medium-large-sized-grocery-store-in-pasig-from-2022-2025/,LGU,Q3,successful,71,71,1.0
CDC-104893165066,MICE Events and Utilizations,Clark Development Corporation(CDC),cdc,2025-09-22 17:27:00,Achitectural Thesis Research Writing,DENIED,https://www.foi.gov.ph/agencies/cdc/mice-events-and-utilizations/,GOCC,Q3,unsuccessful,394,92,4.282608695652174
DOH-025227054544,Monthly Dengue Report,Department of Health(DOH),doh,2025-09-22 18:56:00,Thesis Purposes,SUCCESSFUL,https://www.foi.gov.ph/agencies/doh/monthly-dengue-report/,NGA,Q3,successful,4071,100,40.71
UPLB-324490330489,UPLB Agro-Industrial and Information Techno Parks,University of the Philippines Los Banos(UPLB),uplb,2025-09-22 20:45:00,Architecture Undergraduate Thesis,DENIED,https://www.foi.gov.ph/agencies/uplb/uplb-agro-industrial-and-information-techno-parks-uplb-324490330489/,SUC,Q3,unsuccessful,94,82,1.146341463414634
TIEZA-562635134362,Request for Interview,Tourism Infrastructure and Enterprise Zone Authority(TIEZA),tieza,2025-09-23 00:32:00,Architectural Thesis,ACCEPTED,https://www.foi.gov.ph/agencies/tieza/request-for-interview-tieza-562635134362/,GOCC,Q3,open,394,92,4.282608695652174
CLSU-736015394797,Request for Interview,Central Luzon State University(CLSU),clsu,2025-09-23 00:38:00,Architectural Thesis,SUCCESSFUL,https://www.foi.gov.ph/agencies/clsu/request-for-interview-clsu-736015394797/,SUC,Q3,successful,94,82,1.146341463414634
TSU-516173737786,Request for Interview,Tarlac State University(TSU),tsu,2025-09-23 00:41:00,Architectural Thesis,DENIED,https://www.foi.gov.ph/agencies/tsu/request-for-interview-tsu-516173737786/,SUC,Q3,unsuccessful,94,82,1.146341463414634
NCDA-237733589799,Database report for Autism that are working/ training jobs here in the Philippines and Zamboanga City,National Council on Disability Affairs(NCDA),ncda,2025-09-23 12:20:00,Architectural thesis research,PENDING,https://www.foi.gov.ph/agencies/ncda/database-report-for-autism-that-are-working-training-jobs-here-in-the-philippines-and-zamboanga-city/,NGA,Q3,open,4071,100,40.71
DOH-276399798797,Request for NCMH,Department of Health(DOH),doh,2025-09-23 14:01:00,For Research purposes,DENIED,https://www.foi.gov.ph/agencies/doh/request-for-ncmh/,NGA,Q3,unsuccessful,4071,100,40.71
USAP-270624837367,Request for Bridge Plans along Pasig River,"City of Pasig, NCR(USAP)",usap,2025-09-23 14:20:00,"Research purposes, Master's thesis in Civil Engineering",SUCCESSFUL,https://www.foi.gov.ph/agencies/usap/request-for-bridge-plans-along-pasig-river/,LGU,Q3,successful,71,71,1.0
DOH-100470304079,Request for Neurological Cases in Filipino Children,Department of Health(DOH),doh,2025-09-23 14:35:00,Architecture Undergraduate Thesis,PARTIALLY SUCCESSFUL,https://www.foi.gov.ph/agencies/doh/request-for-neurological-cases-in-filipino-children/,NGA,Q3,partially successful,4071,100,40.71
CAAP-067648077841,Dipolog Airport Data Request,Civil Aviation Authority of the Philippines(CAAP),caap,2025-09-23 18:57:00,Architectural Research and Thesis Writing,SUCCESSFUL,https://www.foi.gov.ph/agencies/caap/dipolog-airport-data-request/,GOCC,Q3,successful,394,92,4.282608695652174
METCEBWD-235220649429,Request for Data on Water Levels in Buhisan and Jaclupan Dams,Metropolitan Cebu Water District(METCEBWD),metcebwd,2025-09-24 00:11:00,Thesis purposes,SUCCESSFUL,https://www.foi.gov.ph/agencies/metcebwd/request-for-data-on-water-levels-in-buhisan-and-jaclupan-dams/,WATER-DISTRICT,Q3,successful,150,150,1.0
USAP-067537197502,"Total number of minimum wage who works at a retail stores in brgy. manggahan, brgy caniogan, brgy maybunga in pasig city.","City of Pasig, NCR(USAP)",usap,2025-09-24 07:50:00,Research and Academic Purposes,SUCCESSFUL,https://www.foi.gov.ph/agencies/usap/total-number-of-minimum-wage-who-works-at-a-retail-stores-in-brgy-manggahan-brgy-caniogan-brgy-maybunga-in-pasig-city/,LGU,Q3,successful,71,71,1.0
AFP-712212695894,total count of disaster response operations conducted by the AFP during 2024.,Armed Forces of the Philippines(AFP),afp,2025-09-24 14:45:00,Data for thesis,SUCCESSFUL,https://www.foi.gov.ph/agencies/afp/total-count-of-disaster-response-operations-conducted-by-the-afp-during-2024/,NGA,Q3,successful,4071,100,40.71
PGLU-939105931165,Drawing Plans of Caba District Hospital,"Province of La Union, Region I(PGLU)",pglu,2025-09-24 15:01:00,Thesis Research,PENDING,https://www.foi.gov.ph/agencies/pglu/drawing-plans-of-caba-district-hospital/,LGU,Q3,open,71,71,1.0
SILWD-472046553832,The number of service connection and total of population served as of December 2024,Silang Water District(SILWD),silwd,2025-09-24 15:56:00,For research project,SUCCESSFUL,https://www.foi.gov.ph/agencies/silwd/the-number-of-service-connection-and-total-of-population-served-as-of-december-2024/,WATER-DISTRICT,Q3,successful,150,150,1.0
UPD-505552890349,Information on the Memorandum of Understanding between UP and BuCor,University of the Philippines Diliman(UPD),upd,2025-09-24 22:37:00,Architectural Thesis,DENIED,https://www.foi.gov.ph/agencies/upd/information-on-the-memorandum-of-understanding-between-up-and-bucor/,SUC,Q3,unsuccessful,94,82,1.146341463414634
USAP-082201669552,Projected Population Size by Barangay (Recent) CLUP,"City of Pasig, NCR(USAP)",usap,2025-09-24 22:41:00,Research Purposes,SUCCESSFUL,https://www.foi.gov.ph/agencies/usap/projected-population-size-by-barangay-recent-clup/,LGU,Q3,successful,71,71,1.0
USAP-319712487830,Site Criteria for Pasig City,"City of Pasig, NCR(USAP)",usap,2025-09-24 23:08:00,Thesis Project,SUCCESSFUL,https://www.foi.gov.ph/agencies/usap/site-criteria-for-pasig-city/,LGU,Q3,successful,71,71,1.0
CHED-668542961809,Neuropsychiatric Enrollees and Graduates,Commission on Higher Education(CHED),ched,2025-09-25 00:52:00,Thesis Research,SUCCESSFUL,https://www.foi.gov.ph/agencies/ched/neuropsychiatric-enrollees-and-graduates/,NGA,Q3,successful,4071,100,40.71
PNP-866420151175,Numbe of Crime in CALABARZON,Philippine National Police(PNP),pnp,2025-09-25 06:33:00,Architectural Thesis,SUCCESSFUL,https://www.foi.gov.ph/agencies/pnp/numbe-of-crime-in-calabarzon/,LEA,Q3,successful,122,102,1.196078431372549
USEP-703234371274,BOR Number 2437 s. 1995,University of Southeastern Philippines(USEP),usep,2025-09-25 09:40:00,For reference and integration in the Library Manual.,SUCCESSFUL,https://www.foi.gov.ph/agencies/usep/bor-number-2437-s-1995/,SUC,Q3,successful,94,82,1.146341463414634
USAP-491656654715,Pasig ferry,"City of Pasig, NCR(USAP)",usap,2025-09-25 10:16:00,Architectural Thesis,DENIED,https://www.foi.gov.ph/agencies/usap/pasig-ferry-usap-491656654715/,LGU,Q3,unsuccessful,71,71,1.0
CTU-531954542078,Statistics of Musculoskeletal disorders in Cebu City,Cebu Technological University(CTU),ctu,2025-09-25 16:47:00,Egonomics Research paper,DENIED,https://www.foi.gov.ph/agencies/ctu/statistics-of-musculoskeletal-disorders-in-cebu-city/,SUC,Q3,unsuccessful,94,82,1.146341463414634
DSWD-450463540947,The Number of Cases of Child Abuse in CALABARZON,Department of Social Welfare and Development(DSWD),dswd,2025-09-25 20:16:00,For Architectural Thesis,SUCCESSFUL,https://www.foi.gov.ph/agencies/dswd/the-number-of-cases-of-child-abuse-in-calabarzon/,NGA,Q3,successful,4071,100,40.71
DICT-448807964434,Number of BPO company in taytay rizal,Department of Information and Communications Technology(DICT),dict,2025-09-25 21:44:00,Architectural thesis,SUCCESSFUL,https://www.foi.gov.ph/agencies/dict/number-of-bpo-company-in-taytay-rizal/,NGA,Q3,successful,4071,100,40.71
NAPOCOR-553643570291,"Certification that Portion of Brgy. Sumucab, Cavinti, Laguna is Covered by Proclamation No. 573, June 26, 1969",National Power Corporation(NAPOCOR),napocor,2025-09-26 09:10:00,Proper Documentation and Records,SUCCESSFUL,https://www.foi.gov.ph/agencies/napocor/certification-that-portion-of-brgy-sumucab-cavinti-laguna-is-covered-by-proclamation-no-573-june-26-1969/,GOCC,Q3,successful,394,92,4.282608695652174
PSALM-136551312180,Requirements or Process Steps for the Correction of Jurisdictional Boundaries that is Covered by NPC,Power Sector Assets and Liabilities Management Corporation(PSALM),psalm,2025-09-26 09:16:00,Proper Documentation of Correct Jurisdictional Boundaries,SUCCESSFUL,https://www.foi.gov.ph/agencies/psalm/requirements-or-process-steps-for-the-correction-of-jurisdictional-boundaries-that-is-covered-by-npc/,GOCC,Q3,successful,394,92,4.282608695652174
PPA-561870466161,Municipal Fish Port Design,Philippine Ports Authority(PPA),ppa,2025-09-26 20:21:00,Architectural Thesis,REFERRED,https://www.foi.gov.ph/agencies/ppa/municipal-fish-port-design/,GOCC,Q3,referred,394,92,4.282608695652174
PCIC-055493208275,"NUMBER OF INDIVIDUALS COVERED BY HEALTH INSURANCE IN AGRICULTURE by in REGIONS CAR, CARAGA, BARMM, from 2006 to 2023",Philippine Crop Insurance Corporation(PCIC),pcic,2025-09-28 21:42:00,Undergraduate Thesis,DENIED,https://www.foi.gov.ph/agencies/pcic/number-of-individuals-covered-by-health-insurance-in-agriculture-by-in-regions-car-caraga-barmm-from-2006-to-2023/,GOCC,Q3,unsuccessful,394,92,4.282608695652174
PCIC-810806503076,INSURANCE,Philippine Crop Insurance Corporation(PCIC),pcic,2025-09-28 21:44:00,Thesis undergrad,DENIED,https://www.foi.gov.ph/agencies/pcic/insurance-pcic-810806503076/,GOCC,Q3,unsuccessful,394,92,4.282608695652174
PSA-253004748036,Jewelry Manufacturers in the Philippines,Philippine Statistics Authority(PSA),psa,2025-09-29 09:54:00,Architectural Rsearch,PARTIALLY SUCCESSFUL,https://www.foi.gov.ph/agencies/psa/jewelry-manufacturers-in-the-philippines-psa-253004748036/,NGA,Q3,partially successful,4071,100,40.71
UPPGH-641476180001,UP-PGH Organizational Chart,University of the Philippines - Philippine General Hospital(UPPGH),uppgh,2025-09-29 10:35:00,Background of the study of thesis study,SUCCESSFUL,https://www.foi.gov.ph/agencies/uppgh/up-pgh-organizational-chart/,SUC,Q3,successful,94,82,1.146341463414634
DHSUD-171489419991,"San Jose, Nueva Ecija",Department of Human Settlements and Urban Development(DHSUD),dhsud,2025-09-29 11:25:00,for thesis,SUCCESSFUL,https://www.foi.gov.ph/agencies/dhsud/san-jose-nueva-ecija/,NGA,Q3,successful,4071,100,40.71
BFAR-092954403638,Illegal fishing activities,Bureau of Fisheries and Aquatic Resources(BFAR),bfar,2025-09-29 14:16:00,Research Purposes,SUCCESSFUL,https://www.foi.gov.ph/agencies/bfar/illegal-fishing-activities/,NGA,Q3,successful,4071,100,40.71
CPA-043211105355,available slots,Cebu Port Authority(CPA),cpa,2025-09-29 15:47:00,Research and development,SUCCESSFUL,https://www.foi.gov.ph/agencies/cpa/available-slots/,GOCC,Q3,successful,394,92,4.282608695652174
DILG-741933109585,CDP and LTP of Tacloban City,Department of the Interior and Local Government(DILG),dilg,2025-09-29 15:56:00,Architectural Thesis,DENIED,https://www.foi.gov.ph/agencies/dilg/cdp-and-ltp-of-tacloban-city/,NGA,Q3,unsuccessful,4071,100,40.71
SBMA-434534012733,subic,Subic Bay Metropolitan Authority(SBMA),sbma,2025-09-29 16:05:00,Research and development,SUCCESSFUL,https://www.foi.gov.ph/agencies/sbma/subic/,GOCC,Q3,successful,394,92,4.282608695652174
UPLB-228174833165,Information on the Memorandum of Understanding between the Bureau of Corrections and University of the Philippines on Laguna-Quezon Land Grant,University of the Philippines Los Banos(UPLB),uplb,2025-09-29 16:48:00,Architectural Thesis,DENIED,https://www.foi.gov.ph/agencies/uplb/information-on-the-memorandum-of-understanding-between-the-bureau-of-corrections-and-university-of-the-philippines-on-laguna-quezon-land-grant/,SUC,Q3,unsuccessful,94,82,1.146341463414634
UP-743703149991,Memorandum of Understanding between Bureau of Corrections and University of the Philippines,University of the Philippines System(UP),up,2025-09-29 17:04:00,Architectural Thesis,SUCCESSFUL,https://www.foi.gov.ph/agencies/up/memorandum-of-understanding-between-bureau-of-corrections-and-university-of-the-philippines/,SUC,Q3,successful,94,82,1.146341463414634
DPWH-869707638385,Request for Records of Ongoing and Completed Projects Under My Accreditation,Department of Public Works and Highways(DPWH),dpwh,2025-09-29 22:13:00,"Verify and secure my professional records, ensure that my credentials are not being used or have not been used without my consent.",SUCCESSFUL,https://www.foi.gov.ph/agencies/dpwh/request-for-records-of-ongoing-and-completed-projects-under-my-accreditation/,NGA,Q3,successful,4071,100,40.71
USAP-496458182159,Data Request for Pasig Mega Market,"City of Pasig, NCR(USAP)",usap,2025-09-29 22:29:00,Architectural Undergraduate Thesis,PARTIALLY SUCCESSFUL,https://www.foi.gov.ph/agencies/usap/data-request-for-pasig-mega-market/,LGU,Q3,partially successful,71,71,1.0
PNP-949472208843,Request for CICL aand CAR Data,Philippine National Police(PNP),pnp,2025-09-29 22:32:00,5th Year Architectural Thesis,SUCCESSFUL,https://www.foi.gov.ph/agencies/pnp/request-for-cicl-aand-car-data/,LEA,Q3,successful,122,102,1.196078431372549
CDC-591379793641,Lists of Accomodation in Clark,Clark Development Corporation(CDC),cdc,2025-09-30 08:45:00,Architectural Thesis Study,PARTIALLY SUCCESSFUL,https://www.foi.gov.ph/agencies/cdc/lists-of-accomodation-in-clark/,GOCC,Q3,partially successful,394,92,4.282608695652174
PNP-270745075797,Number of Personnel,Philippine National Police(PNP),pnp,2025-09-30 09:51:00,Architectural Research,DENIED,https://www.foi.gov.ph/agencies/pnp/number-of-personnel-pnp-270745075797/,LEA,Q3,unsuccessful,122,102,1.196078431372549
PNP-694880814618,Crime Statistics of Region 3,Philippine National Police(PNP),pnp,2025-09-30 10:27:00,Architectural Research,SUCCESSFUL,https://www.foi.gov.ph/agencies/pnp/crime-statistics-of-region-3/,LEA,Q3,successful,122,102,1.196078431372549
CGA-729773953538,"Future Projects and Building Developments in Antipolo, Rizal","City of Antipolo, Region IV-A(CGA)",cga,2025-09-30 10:32:00,architectural thesis purposes,SUCCESSFUL,https://www.foi.gov.ph/agencies/cga/future-projects-and-building-developments-in-antipolo-rizal/,LGU,Q3,successful,71,71,1.0
MWSS-014266921170,List of Sewage Treatment Plants in National Capital Region,Metropolitan Waterworks and Sewerage System Regulatory Office(MWSS),mwss,2025-09-30 15:04:00,Research and Business Reports,CLOSED,https://www.foi.gov.ph/agencies/mwss/list-of-sewage-treatment-plants-in-national-capital-region-mwss-014266921170/,GOCC,Q3,unsuccessful,394,92,4.282608695652174
DENRLMB-621401577964,CLUP Cebu City,Land Management Bureau(DENRLMB),denrlmb,2025-09-30 17:27:00,"Research and Development, Architectural Thesis",SUCCESSFUL,https://www.foi.gov.ph/agencies/denrlmb/clup-cebu-city/,NGA,Q3,successful,4071,100,40.71
DOH-061126025074,THESIS REQUEST DATA,Department of Health(DOH),doh,2025-09-30 19:09:00,FOR THESIS UNDERGRADUATE,SUCCESSFUL,https://www.foi.gov.ph/agencies/doh/thesis-request-data/,NGA,Q3,successful,4071,100,40.71
MIAA-871415618260,International Flights,Manila International Airport Authority(MIAA),miaa,2025-10-01 05:52:00,Tourism Research Paper,DENIED,https://www.foi.gov.ph/agencies/miaa/international-flights/,GOCC,Q4,unsuccessful,459,107,4.289719626168225
CAAP-509366830916,Inquiry Regarding Ormoc Airport Classification and Development Plans,Civil Aviation Authority of the Philippines(CAAP),caap,2025-10-01 08:16:00,Feasibility Study for the Subject Airport Planning and Design Laboratory,SUCCESSFUL,https://www.foi.gov.ph/agencies/caap/inquiry-regarding-ormoc-airport-classification-and-development-plans/,GOCC,Q4,successful,459,107,4.289719626168225
PNP-165392982045,"Crime Information, Reporting and Analysis (CIRAS) Data",Philippine National Police(PNP),pnp,2025-10-01 14:33:00,For the quarterly Crime Assessment Report,SUCCESSFUL,https://www.foi.gov.ph/agencies/pnp/crime-information-reporting-and-analysis-ciras-data/,LEA,Q4,successful,109,91,1.1978021978021978
CGA-095850827519,ANTIPOLO CLUP AND CDP,"City of Antipolo, Region IV-A(CGA)",cga,2025-10-01 14:36:00,For Architectural Thesis Study,SUCCESSFUL,https://www.foi.gov.ph/agencies/cga/antipolo-clup-and-cdp/,LGU,Q4,successful,59,59,1.0
PNP-650910456695,Cyber Crime Data of Police Regional Office CAR,Philippine National Police(PNP),pnp,2025-10-01 14:41:00,For the quarterly crime assessment of the the region,SUCCESSFUL,https://www.foi.gov.ph/agencies/pnp/cyber-crime-data-of-police-regional-office-car/,LEA,Q4,successful,109,91,1.1978021978021978
PNP-204686560647,CICL AND BAHAY PAG ASA,Philippine National Police(PNP),pnp,2025-10-01 18:03:00,"this will be utilized solely for academic and undergraduate research purposes in connection with my thesis in architecture in BULACAN STATE UNIVERSITY. Specifically, the data will be serve as a basis for analyzing rthe current profile and needs of CICL in order to propose innovation in architecture and design solution for juvenile rehabilitation facilities.",CLOSED,https://www.foi.gov.ph/agencies/pnp/cicl-and-bahay-pag-asa/,LEA,Q4,unsuccessful,109,91,1.1978021978021978
PNP-686378914715,Road accidents,Philippine National Police(PNP),pnp,2025-10-02 02:37:00,Architectural research,SUCCESSFUL,https://www.foi.gov.ph/agencies/pnp/road-accidents-pnp-686378914715/,LEA,Q4,successful,109,91,1.1978021978021978
USAP-222748475471,TOTAL NUMBER OF BPO EMPLOYEES,"City of Pasig, NCR(USAP)",usap,2025-10-02 13:27:00,INTENDED FOR ACADEMIC USE,SUCCESSFUL,https://www.foi.gov.ph/agencies/usap/total-number-of-bpo-employees/,LGU,Q4,successful,59,59,1.0
UPLB-493077637396,Plant diseases in the Philippines,University of the Philippines Los Banos(UPLB),uplb,2025-10-02 15:34:00,Research and development,ACCEPTED,https://www.foi.gov.ph/agencies/uplb/plant-diseases-in-the-philippines-uplb-493077637396/,SUC,Q4,open,81,71,1.1408450704225352
PSA-273830661408,Number of National ID registered Filipinos that fall within the age range of 18 to 72,Philippine Statistics Authority(PSA),psa,2025-10-02 15:39:00,Research and Development,PARTIALLY SUCCESSFUL,https://www.foi.gov.ph/agencies/psa/number-of-national-id-registered-filipinos-that-fall-within-the-age-range-of-18-to-72/,NGA,Q4,partially successful,3945,97,40.670103092783506
USAP-453114359933,Tsunami Map of Pasig City,"City of Pasig, NCR(USAP)",usap,2025-10-02 16:18:00,Architectural Capstone Thesis,SUCCESSFUL,https://www.foi.gov.ph/agencies/usap/tsunami-map-of-pasig-city/,LGU,Q4,successful,59,59,1.0
DHVSU-230029424580,Request for Institutional Data in Support of Architectural Thesis,Don Honorio Ventura State University(DHVSU),dhvsu,2025-10-02 16:21:00,Undergraduate Thesis,SUCCESSFUL,https://www.foi.gov.ph/agencies/dhvsu/request-for-institutional-data-in-support-of-architectural-thesis/,SUC,Q4,successful,81,71,1.1408450704225352
PH-923040626364,Bed Hospital,PhilHealth(PH),ph,2025-10-02 16:30:00,Thesis Capstone,SUCCESSFUL,https://www.foi.gov.ph/agencies/ph/bed-hospital/,GOCC,Q4,successful,459,107,4.289719626168225
LSPU-742797341595,Request of SHS TVL-AFA Enrollment Data (2020-2025),Laguna State Polytechnic University(LSPU),lspu,2025-10-02 16:35:00,Undergraduate Thesis,SUCCESSFUL,https://www.foi.gov.ph/agencies/lspu/request-of-shs-tvl-afa-enrollment-data-2020-2025/,SUC,Q4,successful,81,71,1.1408450704225352
USAP-853747163305,Tourism Data in Pasig City,"City of Pasig, NCR(USAP)",usap,2025-10-02 19:39:00,Thesis Project,SUCCESSFUL,https://www.foi.gov.ph/agencies/usap/tourism-data-in-pasig-city/,LGU,Q4,successful,59,59,1.0
DTI-009315075396,"Number of Artisans/Craft Sector Businesses in Barangay Basak, Lapu-Lapu City",Department of Trade and Industry(DTI),dti,2025-10-02 19:49:00,Feasibility study (Quantitative research),DENIED,https://www.foi.gov.ph/agencies/dti/number-of-artisanscraft-sector-businesses-in-barangay-basak-lapu-lapu-city/,NGA,Q4,unsuccessful,3945,97,40.670103092783506
DMMMSU-040436942279,Total Population Enrolled Students,Don Mariano Marcos Memorial State University(DMMMSU),dmmmsu,2025-10-02 22:01:00,"I am currently working on my academic capstone project entitled ""Coral Legacy: A contemporary Hybrid Public Library over Crafted Water Court."" Based on my criteria and site analysis, the selected site is located within the vicinity of DMMSU and near TESDA. This strategic location highlights the potential for academic and community partnerships, particularly with DMMSU (San Fernando City, La Union), as the project may directly benefit both the university and the community. Establishing such collaboration would not only enhance the relevance of the project, Hybrid Public Library, but also maximize its impact in promoting literacy, education, and skills development in La Union.",SUCCESSFUL,https://www.foi.gov.ph/agencies/dmmmsu/total-population-enrolled-students/,SUC,Q4,successful,81,71,1.1408450704225352
PNP-836021781496,Loan App Trying to Open my Account,Philippine National Police(PNP),pnp,2025-10-03 09:16:00,To report loan app,DENIED,https://www.foi.gov.ph/agencies/pnp/loan-app-trying-to-open-my-account/,LEA,Q4,unsuccessful,109,91,1.1978021978021978
PNPDO-568518814050,flcd,Philippine National Police - Directorate for Operations(PNPDO),pnpdo,2025-10-03 16:11:00,For thesis demand analysis,CLOSED,https://www.foi.gov.ph/agencies/pnpdo/flcd-pnpdo-568518814050/,LEA,Q4,unsuccessful,109,91,1.1978021978021978
NBSC-664589954574,list of emails of all NBSC Employees and Students enrolled in the AY 2025-2026,Northern Bukidnon State College(NBSC),nbsc,2025-10-03 16:25:00,For email blast of NBSC Advisories and Issuances.,SUCCESSFUL,https://www.foi.gov.ph/agencies/nbsc/list-of-emails-of-all-nbsc-employees-and-students-enrolled-in-the-ay-2025-2026/,SUC,Q4,successful,81,71,1.1408450704225352
GSIS-319019233714,Old GSIS Building in Ermita Plans and Layouts,Government Service Insurance System(GSIS),gsis,2025-10-03 18:41:00,For an Undergraduate architecture thesis study,SUCCESSFUL,https://www.foi.gov.ph/agencies/gsis/old-gsis-building-in-ermita-plans-and-layouts/,GOCC,Q4,successful,459,107,4.289719626168225
CDC-819846360496,"Metro Clark (Clark Freeport Zone, Clark Global City, New Clark City) CLUP",Clark Development Corporation(CDC),cdc,2025-10-05 15:08:00,Architectural Undergraduate Thesis Research Project,PARTIALLY SUCCESSFUL,https://www.foi.gov.ph/agencies/cdc/metro-clark-clark-freeport-zone-clark-global-city-new-clark-city-clup-cdc-819846360496/,GOCC,Q4,partially successful,459,107,4.289719626168225
CGB-068506532248,DIGITAL COPY OF TIN ID CARD,CITY GOVERNMENT OF BATANGAS(CGB),cgb,2025-10-05 16:57:00,for employment,SUCCESSFUL,https://www.foi.gov.ph/agencies/cgb/digital-copy-of-tin-id-card-cgb-068506532248/,LGU,Q4,successful,59,59,1.0
PNP-710241715018,"Crime Statistics in the Philippines, NCR, and Makati City for 2018 and 2023",Philippine National Police(PNP),pnp,2025-10-05 22:09:00,Research and analysis,SUCCESSFUL,https://www.foi.gov.ph/agencies/pnp/crime-statistics-in-the-philippines-ncr-and-makati-city-for-2018-and-2023/,LEA,Q4,successful,109,91,1.1978021978021978
CCP-843573680002,Request for Interview,Cultural Center of the Philippines(CCP),ccp,2025-10-06 06:11:00,Research for Thesis Project,SUCCESSFUL,https://www.foi.gov.ph/agencies/ccp/request-for-interview-ccp-843573680002/,GOCC,Q4,successful,459,107,4.289719626168225
PNPDICTM-858854597178,Online Scam,Philippine National Police - Directorate for Information and Communications Technology Management(PNPDICTM),pnpdictm,2025-10-06 08:55:00,Purpose is to locate the scammer and to file a complaint,PENDING,https://www.foi.gov.ph/agencies/pnpdictm/online-scam-pnpdictm-858854597178/,LEA,Q4,open,109,91,1.1978021978021978
USAP-014233126509,"Barangay Profile of Barangay Rosario, Pasig City","City of Pasig, NCR(USAP)",usap,2025-10-06 12:45:00,Area Study Research,CLOSED,https://www.foi.gov.ph/agencies/usap/barangay-profile-of-barangay-rosario-pasig-city-usap-014233126509/,LGU,Q4,unsuccessful,59,59,1.0
USAP-721620081191,Master Plan for the City Hall Complex Project,"City of Pasig, NCR(USAP)",usap,2025-10-06 14:05:00,Architectural Undergraduate Thesis,SUCCESSFUL,https://www.foi.gov.ph/agencies/usap/master-plan-for-the-city-hall-complex-project/,LGU,Q4,successful,59,59,1.0
PNP-577322261219,PHILIPPINE FORENSIC GROUP DATA,Philippine National Police(PNP),pnp,2025-10-06 15:13:00,Academic Research and Thesis,DENIED,https://www.foi.gov.ph/agencies/pnp/philippine-forensic-group-data/,LEA,Q4,unsuccessful,109,91,1.1978021978021978
TESDA-533288690603,Statistical Data on TESDA Trainees and Graduates in Quezon CIty,Technical Education and Skills Development Authority(TESDA),tesda,2025-10-06 20:35:00,For Undergraduate Thesis,PENDING,https://www.foi.gov.ph/agencies/tesda/statistical-data-on-tesda-trainees-and-graduates-in-quezon-city/,NGA,Q4,open,3945,97,40.670103092783506
PSAU-420754890886,Transcript of Records (School Records),Pampanga State Agricultural University(PSAU),psau,2025-10-06 23:15:00,For Employment Purpose,SUCCESSFUL,https://www.foi.gov.ph/agencies/psau/transcript-of-records-school-records-psau-420754890886/,SUC,Q4,successful,81,71,1.1408450704225352
PGB-238551010869,CLUP,Provincial Government of Bataan(PGB),pgb,2025-10-07 12:19:00,Architectral thesis,SUCCESSFUL,https://www.foi.gov.ph/agencies/pgb/clup-pgb-238551010869/,LGU,Q4,successful,59,59,1.0
NFRDI-416626464117,Undergraduate Thesis,National Fisheries Research and Development Institute(NFRDI),nfrdi,2025-10-07 14:51:00,Undergraduate Thesis,PARTIALLY SUCCESSFUL,https://www.foi.gov.ph/agencies/nfrdi/undergraduate-thesis-nfrdi-416626464117/,NGA,Q4,partially successful,3945,97,40.670103092783506
PNP-929669089197,Benitez,Philippine National Police(PNP),pnp,2025-10-07 15:13:00,Thesis Book,SUCCESSFUL,https://www.foi.gov.ph/agencies/pnp/benitez/,LEA,Q4,successful,109,91,1.1978021978021978
SBMA-643264886038,fire department sbia informations,Subic Bay Metropolitan Authority(SBMA),sbma,2025-10-08 01:42:00,ARCHITECTURE THESIS,PARTIALLY SUCCESSFUL,https://www.foi.gov.ph/agencies/sbma/fire-department-sbia-informations/,GOCC,Q4,partially successful,459,107,4.289719626168225
BFAR-359620057022,Sorsogon Marine Conditions and Conservation,Bureau of Fisheries and Aquatic Resources(BFAR),bfar,2025-10-08 11:57:00,Academic Research,SUCCESSFUL,https://www.foi.gov.ph/agencies/bfar/sorsogon-marine-conditions-and-conservation/,NGA,Q4,successful,3945,97,40.670103092783506
PNP-481792651975,Document Requiring all PNP Facilities with Installed CCTV to put a Signage at the entrance.,Philippine National Police(PNP),pnp,2025-10-08 14:40:00,For General Public Information,CLOSED,https://www.foi.gov.ph/agencies/pnp/document-requiring-all-pnp-facilities-with-installed-cctv-to-put-a-signage-at-the-entrance/,LEA,Q4,unsuccessful,109,91,1.1978021978021978
DOTr-710487983116,IRR of RA 11468,Department of Transportation(DOTr),dotr,2025-10-08 15:24:00,Policy advocacy,SUCCESSFUL,https://www.foi.gov.ph/agencies/dotr/irr-of-ra-11468/,NGA,Q4,successful,3945,97,40.670103092783506
PNP-873809808226,Road Accident Data in Quezon City,Philippine National Police(PNP),pnp,2025-10-08 15:46:00,Academic Research,DENIED,https://www.foi.gov.ph/agencies/pnp/road-accident-data-in-quezon-city-pnp-873809808226/,LEA,Q4,unsuccessful,109,91,1.1978021978021978
LRTA-077375624777,Availability of Restrooms on LRT-1 and LRT-2 Stations,Light Rail Transit Authority(LRTA),lrta,2025-10-08 17:02:00,Research for Wikipedia articles,SUCCESSFUL,https://www.foi.gov.ph/agencies/lrta/availability-of-restrooms-on-lrt-1-and-lrt-2-stations/,GOCC,Q4,successful,459,107,4.289719626168225
DOTr-758506518098,Love Bus Logo,Department of Transportation(DOTr),dotr,2025-10-08 22:02:00,For use in Wikipedia articles,DENIED,https://www.foi.gov.ph/agencies/dotr/love-bus-logo/,NGA,Q4,unsuccessful,3945,97,40.670103092783506
KCWD-233716529591,Water Supply in Kabankalan City,Kabankalan City Water District(KCWD),kcwd,2025-10-08 23:14:00,Thesis Research in Architecture,SUCCESSFUL,https://www.foi.gov.ph/agencies/kcwd/water-supply-in-kabankalan-city/,WATER-DISTRICT,Q4,successful,88,88,1.0
PNP-179331902872,PHILIPPINE FORENSIC GROUP,Philippine National Police(PNP),pnp,2025-10-09 08:27:00,thesis and data collection,DENIED,https://www.foi.gov.ph/agencies/pnp/philippine-forensic-group/,LEA,Q4,unsuccessful,109,91,1.1978021978021978
PNP-648951476908,PHILIPPINE NATIONAL POLICE FORENSIC GROUP,Philippine National Police(PNP),pnp,2025-10-09 08:43:00,THESIS AND RESEARCH PURPOSES,DENIED,https://www.foi.gov.ph/agencies/pnp/philippine-national-police-forensic-group/,LEA,Q4,unsuccessful,109,91,1.1978021978021978
NHA-868490543299,Architectural Plans of Socialized housing,National Housing Authority(NHA),nha,2025-10-09 09:33:00,Undergraduate thesis,SUCCESSFUL,https://www.foi.gov.ph/agencies/nha/architectural-plans-of-socialized-housing/,GOCC,Q4,successful,459,107,4.289719626168225
PNP-339080184223,PNP FORENSIC GROUP,Philippine National Police(PNP),pnp,2025-10-09 09:55:00,THESIS AND DATA GATHERING,SUCCESSFUL,https://www.foi.gov.ph/agencies/pnp/pnp-forensic-group/,LEA,Q4,successful,109,91,1.1978021978021978
DCWD-087989578373,Groundwater Quality Analysis 2014-2024,Davao City Water District(DCWD),dcwd,2025-10-09 10:07:00,Academic research and analysis for Philippine groundwater management strategies,ACCEPTED,https://www.foi.gov.ph/agencies/dcwd/groundwater-quality-analysis-2014-2024/,WATER-DISTRICT,Q4,open,88,88,1.0
LTO-555865621080,VEHICULAR ACCIDENTS IN AGUINALDO HIGHWAY,Land Transportation Office(LTO),lto,2025-10-09 14:02:00,Research and Development,DENIED,https://www.foi.gov.ph/agencies/lto/vehicular-accidents-in-aguinaldo-highway/,NGA,Q4,unsuccessful,3945,97,40.670103092783506
METCEBWD-502200986142,Groundwater Related Data in Lapu-Lapu City,Metropolitan Cebu Water District(METCEBWD),metcebwd,2025-10-09 14:03:00,Undergraduate Thesis,DENIED,https://www.foi.gov.ph/agencies/metcebwd/groundwater-related-data-in-lapu-lapu-city-metcebwd-502200986142/,WATER-DISTRICT,Q4,unsuccessful,88,88,1.0
USEP-256813986153,Enrollment Data and CTLRC Library Usage,University of Southeastern Philippines(USEP),usep,2025-10-09 14:40:00,Academic Purposes (Coursework),SUCCESSFUL,https://www.foi.gov.ph/agencies/usep/enrollment-data-and-ctlrc-library-usage/,SUC,Q4,successful,81,71,1.1408450704225352
UPM-245360187459,Population of Enrollees UPM CAS 1st Semester AY 2025-2026,University of the Philippines Manila(UPM),upm,2025-10-09 15:53:00,Research and Thesis,SUCCESSFUL,https://www.foi.gov.ph/agencies/upm/population-of-enrollees-upm-cas-1st-semester-ay-2025-2026/,SUC,Q4,successful,81,71,1.1408450704225352
PNP-799156565119,Crime Rates in All Municipalites and Cities of Cavite,Philippine National Police(PNP),pnp,2025-10-09 17:38:00,Academic Thesis Research,SUCCESSFUL,https://www.foi.gov.ph/agencies/pnp/crime-rates-in-all-municipalites-and-cities-of-cavite/,LEA,Q4,successful,109,91,1.1978021978021978
NAPOCOR-093201832363,Historical Data on Water Quality,National Power Corporation(NAPOCOR),napocor,2025-10-09 17:49:00,Senior high school practical research,DENIED,https://www.foi.gov.ph/agencies/napocor/historical-data-on-water-quality-napocor-093201832363/,GOCC,Q4,unsuccessful,459,107,4.289719626168225
PFDA-163984490629,Latest Feasibility Study for Masinloc Port,Philippine Fisheries Development Authority(PFDA),pfda,2025-10-09 20:44:00,Architectural Thesis,SUCCESSFUL,https://www.foi.gov.ph/agencies/pfda/latest-feasibility-study-for-masinloc-port/,GOCC,Q4,successful,459,107,4.289719626168225
CNU-209450717668,Request for Assistance,Cebu Normal University(CNU),cnu,2025-10-09 21:42:00,Capstone Study,SUCCESSFUL,https://www.foi.gov.ph/agencies/cnu/request-for-assistance-cnu-209450717668/,SUC,Q4,successful,81,71,1.1408450704225352
PUP-913049952713,PUP Sta. Mesa Population 2025-2026,Polytechnic University of the Philippines(PUP),pup,2025-10-09 22:11:00,Academic and Research Purposes,SUCCESSFUL,https://www.foi.gov.ph/agencies/pup/pup-sta-mesa-population-2025-2026/,SUC,Q4,successful,81,71,1.1408450704225352
NHA-087401716827,Request for a 2 Storey Residential Building Plan,National Housing Authority(NHA),nha,2025-10-09 22:16:00,"For academic purposes, for Quantity Surveying subject.",CLOSED,https://www.foi.gov.ph/agencies/nha/request-for-a-2-storey-residential-building-plan/,GOCC,Q4,unsuccessful,459,107,4.289719626168225
USAP-205550444094,"Total number of Small, Medium and Large Business under Pasig City BOSS","City of Pasig, NCR(USAP)",usap,2025-10-10 02:18:00,Thesis Purpose,SUCCESSFUL,https://www.foi.gov.ph/agencies/usap/total-number-of-small-medium-and-large-business-under-pasig-city-boss/,LGU,Q4,successful,59,59,1.0
NEA-544655447803,Hourly Load Profile and PSPP,National Electrification Administration(NEA),nea,2025-10-10 08:55:00,Capstone Project,DENIED,https://www.foi.gov.ph/agencies/nea/hourly-load-profile-and-pspp/,GOCC,Q4,unsuccessful,459,107,4.289719626168225
UPM-475552626511,NATIONAL FORENSIC INSTITUTE CONSTRUCTION,University of the Philippines Manila(UPM),upm,2025-10-10 10:21:00,THESIS AND RESEARCH DATA COLLECTION,SUCCESSFUL,https://www.foi.gov.ph/agencies/upm/national-forensic-institute-construction-upm-475552626511/,SUC,Q4,successful,81,71,1.1408450704225352
UPPGH-214839784463,Number of usage of Norepinephrine in the Philippines,University of the Philippines - Philippine General Hospital(UPPGH),uppgh,2025-10-10 11:19:00,the data will be used in the inclusion of Norepinephrine in the PNDF,ACCEPTED,https://www.foi.gov.ph/agencies/uppgh/number-of-usage-of-norepinephrine-in-the-philippines-uppgh-214839784463/,SUC,Q4,open,81,71,1.1408450704225352
HDMF-255797619164,Number of HDMF/Pag-IBIG members breakdown per region and per province,Home Development Mutual Fund/Pag-IBIG Fund(HDMF),hdmf,2025-10-10 12:09:00,Research purposes,SUCCESSFUL,https://www.foi.gov.ph/agencies/hdmf/number-of-hdmfpag-ibig-members-breakdown-per-region-and-per-province/,GOCC,Q4,successful,459,107,4.289719626168225
SBMA-015244604711,"Certified True Copy of Gatepass Request Dated April 25, 2025 to SBMA Seaport Depart",Subic Bay Metropolitan Authority(SBMA),sbma,2025-10-10 15:08:00,for our record and reference,SUCCESSFUL,https://www.foi.gov.ph/agencies/sbma/certified-true-copy-of-gatepass-request-dated-april-25-2025-to-sbma-seaport-depart/,GOCC,Q4,successful,459,107,4.289719626168225
DENRNAMRIA-468645010120,Maps and Plans,National Mapping and Resource Information Authority(DENRNAMRIA),denrnamria,2025-10-10 15:51:00,Research and Development,DENIED,https://www.foi.gov.ph/agencies/denrnamria/maps-and-plans/,NGA,Q4,unsuccessful,3945,97,40.670103092783506
LWUA-569891949063,List of Water Districts,Local Water Utilities Administration(LWUA),lwua,2025-10-10 15:59:00,Research and Development,PENDING,https://www.foi.gov.ph/agencies/lwua/list-of-water-districts/,GOCC,Q4,open,459,107,4.289719626168225
CABUWD-676272565277,Vaccine Certification and Vaccination Card,Cabuyao Water District(CABUWD),cabuwd,2025-10-10 19:43:00,to request an official vaccination card and certificate.,SUCCESSFUL,https://www.foi.gov.ph/agencies/cabuwd/vaccine-certification-and-vaccination-card/,WATER-DISTRICT,Q4,successful,88,88,1.0
PUP-847379735806,Request for Estimated Number of Buyers at PUP Lagoon Food Stalls,Polytechnic University of the Philippines(PUP),pup,2025-10-10 19:58:00,Research and Feasibility Study,SUCCESSFUL,https://www.foi.gov.ph/agencies/pup/request-for-estimated-number-of-buyers-at-pup-lagoon-food-stalls/,SUC,Q4,successful,81,71,1.1408450704225352
MGB-468818304098,FLOOD DATA REQUEST,Mines and Geosciences Bureau(MGB),mgb,2025-10-11 08:12:00,Research and Development,CLOSED,https://www.foi.gov.ph/agencies/mgb/flood-data-request/,NGA,Q4,unsuccessful,3945,97,40.670103092783506
CDC-642631395638,Lists of Overnight Tourists in Clark,Clark Development Corporation(CDC),cdc,2025-10-11 08:49:00,Architectural Thesis,SUCCESSFUL,https://www.foi.gov.ph/agencies/cdc/lists-of-overnight-tourists-in-clark/,GOCC,Q4,successful,459,107,4.289719626168225
PNP-418579824142,Statistics of Juvenile Cases in The national Level,Philippine National Police(PNP),pnp,2025-10-11 12:38:00,Research Purposes,SUCCESSFUL,https://www.foi.gov.ph/agencies/pnp/statistics-of-juvenile-cases-in-the-national-level/,LEA,Q4,successful,109,91,1.1978021978021978
CLSU-613943767479,Layout of Food Processing laboratory,Central Luzon State University(CLSU),clsu,2025-10-11 15:34:00,Thesis Purposes,SUCCESSFUL,https://www.foi.gov.ph/agencies/clsu/layout-of-food-processing-laboratory/,SUC,Q4,successful,81,71,1.1408450704225352
PCMC-962081836475,Number of Neurodevelopmental Pediatrics Admissions in PCMC,Philippine Children's Medical Center(PCMC),pcmc,2025-10-11 15:53:00,Undergraduate Thesis,SUCCESSFUL,https://www.foi.gov.ph/agencies/pcmc/number-of-neurodevelopmental-pediatrics-admissions-in-pcmc/,GOCC,Q4,successful,459,107,4.289719626168225
DOT-838580935149,Number of Tourist Arrivail in Region 3,Department of Tourism(DOT),dot,2025-10-11 20:06:00,Architectural Thesis/Research Purposes,CLOSED,https://www.foi.gov.ph/agencies/dot/number-of-tourist-arrivail-in-region-3/,NGA,Q4,unsuccessful,3945,97,40.670103092783506
DENRNWRB-093752985339,"Request for National Water Utilities Data as of 2010, 2015 and 2020",National Water Resources Board(DENRNWRB),denrnwrb,2025-10-11 21:23:00,Master's Thesis,SUCCESSFUL,https://www.foi.gov.ph/agencies/denrnwrb/request-for-national-water-utilities-data-as-of-2010-2015-and-2020/,NGA,Q4,successful,3945,97,40.670103092783506
USAP-030294593825,Request for Area Study,"City of Pasig, NCR(USAP)",usap,2025-10-12 18:42:00,For Area Study Purposes,SUCCESSFUL,https://www.foi.gov.ph/agencies/usap/request-for-area-study/,LGU,Q4,successful,59,59,1.0
LTFRB-561827538439,List of Cavite-NCR PUV Routes and Number of Registered PUV per Route,Land Transportation Franchising and Regulatory Board(LTFRB),ltfrb,2025-10-12 21:25:00,Architectural Thesis,CLOSED,https://www.foi.gov.ph/agencies/ltfrb/list-of-cavite-ncr-puv-routes-and-number-of-registered-puv-per-route/,NGA,Q4,unsuccessful,3945,97,40.670103092783506
PNP-027647422847,Number of Crime in NCR,Philippine National Police(PNP),pnp,2025-10-13 05:51:00,Architectural Thesis,DENIED,https://www.foi.gov.ph/agencies/pnp/number-of-crime-in-ncr/,LEA,Q4,unsuccessful,109,91,1.1978021978021978
PNPDRD-339458876496,forensic laboratory,Philippine National Police - Directorate for Research and Development(PNPDRD),pnpdrd,2025-10-13 09:15:00,thesis and research,PENDING,https://www.foi.gov.ph/agencies/pnpdrd/forensic-laboratory-pnpdrd-339458876496/,LEA,Q4,open,109,91,1.1978021978021978
PNP-284384041548,CICL NATIONWIDE,Philippine National Police(PNP),pnp,2025-10-13 09:20:00,Undergraduate thesis research purposes only,SUCCESSFUL,https://www.foi.gov.ph/agencies/pnp/cicl-nationwide/,LEA,Q4,successful,109,91,1.1978021978021978
PNP-823334690240,Statistics CICL cases in the PHILIPPINES (nationwide),Philippine National Police(PNP),pnp,2025-10-13 09:43:00,Undergraduate THESIS RESEARCH purposes only,SUCCESSFUL,https://www.foi.gov.ph/agencies/pnp/statistics-cicl-cases-in-the-philippines-nationwide/,LEA,Q4,successful,109,91,1.1978021978021978
PNP-242617009503,Request for crime statistics and safety related data in Dasmarinas Cavite,Philippine National Police(PNP),pnp,2025-10-13 11:09:00,Research and Development,SUCCESSFUL,https://www.foi.gov.ph/agencies/pnp/request-for-crime-statistics-and-safety-related-data-in-dasmarinas-cavite/,LEA,Q4,successful,109,91,1.1978021978021978
PNP-462304242047,Caloocan City Vagrants 1991-2012,Philippine National Police(PNP),pnp,2025-10-13 13:05:00,Historical Research,DENIED,https://www.foi.gov.ph/agencies/pnp/caloocan-city-vagrants-1991-2012/,LEA,Q4,unsuccessful,109,91,1.1978021978021978
DOLE-078283938898,DOLE: animation and creative industry employee's data,Department of Labor and Employment(DOLE),dole,2025-10-13 16:32:00,Thesis Purposes,REFERRED,https://www.foi.gov.ph/agencies/dole/dole-animation-and-creative-industry-employees-data/,NGA,Q4,referred,3945,97,40.670103092783506
PHC-894561879079,Request for Medical Assistance for Cardiac Cathetherization Procedure,Philippine Heart Center(PHC),phc,2025-10-13 19:28:00,This request is intended to seek financial assistance or government support for my father's cardiac cathetherization procedure and related hospital expenses.,SUCCESSFUL,https://www.foi.gov.ph/agencies/phc/request-for-medical-assistance-for-cardiac-cathetherization-procedure/,GOCC,Q4,successful,459,107,4.289719626168225
DPWH-435769120002,Geotechnical Report - Santa Rosa,Department of Public Works and Highways(DPWH),dpwh,2025-10-13 20:22:00,Capstone Project,CLOSED,https://www.foi.gov.ph/agencies/dpwh/geotechnical-report-santa-rosa/,NGA,Q4,unsuccessful,3945,97,40.670103092783506
CHED-464337622506,Number of Enrollees & Graduates in Space-Related Programs,Commission on Higher Education(CHED),ched,2025-10-13 22:36:00,Undergraduate Thesis,SUCCESSFUL,https://www.foi.gov.ph/agencies/ched/number-of-enrollees-graduates-in-space-related-programs/,NGA,Q4,successful,3945,97,40.670103092783506
SSS-507277727989,SSS DISABILITY CLAIM PROCESS,Social Security System(SSS),sss,2025-10-14 02:02:00,Claim purposes,DENIED,https://www.foi.gov.ph/agencies/sss/sss-disability-claim-process/,GOCC,Q4,unsuccessful,459,107,4.289719626168225
CHED-668163728241,Validity of Degree,Commission on Higher Education(CHED),ched,2025-10-14 04:01:00,Clarification - Validity of Degree,CLOSED,https://www.foi.gov.ph/agencies/ched/validity-of-degree/,NGA,Q4,unsuccessful,3945,97,40.670103092783506
RTU-648858094361,Level of knowledge on family Planning among young women with unmet needs of contraception in philippines,Rizal Technological University(RTU),rtu,2025-10-14 08:49:00,Researchand development,PENDING,https://www.foi.gov.ph/agencies/rtu/level-of-knowledge-on-family-planning-among-young-women-with-unmet-needs-of-contraception-in-philippines/,SUC,Q4,open,81,71,1.1408450704225352
UP-466305820977,Level of Knowledge on Family Planning Programamong Women with Unmet needs in CALABARZON,University of the Philippines System(UP),up,2025-10-14 08:55:00,Research and Development,REFERRED,https://www.foi.gov.ph/agencies/up/level-of-knowledge-on-family-planning-programamong-women-with-unmet-needs-in-calabarzon/,SUC,Q4,referred,81,71,1.1408450704225352
PNU-814302731107,Accreditation Certificate,Philippine Normal University(PNU),pnu,2025-10-14 09:13:00,Requirements for my study leave,SUCCESSFUL,https://www.foi.gov.ph/agencies/pnu/accreditation-certificate/,SUC,Q4,successful,81,71,1.1408450704225352
NHA-043879455747,Request Upates about Application for Transfer of Rights,National Housing Authority(NHA),nha,2025-10-14 09:46:00,Formal request of Updates,SUCCESSFUL,https://www.foi.gov.ph/agencies/nha/request-upates-about-application-for-transfer-of-rights/,GOCC,Q4,successful,459,107,4.289719626168225
PhilMech-238073945807,coconut production and processing center,Philippine Center for Postharvest Development and Mechanization(PhilMech),philmech,2025-10-14 10:19:00,"it will be used for my review and related literature, and also to know how to create a proper plan for my thesis, entitled: coconut production and Processing Center.",PARTIALLY SUCCESSFUL,https://www.foi.gov.ph/agencies/philmech/coconut-production-and-processing-center/,NGA,Q4,partially successful,3945,97,40.670103092783506
PNP-389993460393,List of Significant Activities/Events that are recorded in PNP Blotter Book,Philippine National Police(PNP),pnp,2025-10-14 11:03:00,"For Public information, to identify what can be deemed worth PNP reported incident.",DENIED,https://www.foi.gov.ph/agencies/pnp/list-of-significant-activitiesevents-that-are-recorded-in-pnp-blotter-book/,LEA,Q4,unsuccessful,109,91,1.1978021978021978
PNP-673871358563,scamm agency,Philippine National Police(PNP),pnp,2025-10-14 11:16:00,getting back my processing fee from the agency. ALJU INTERNATIONAL MANPOWER AGENCY,DENIED,https://www.foi.gov.ph/agencies/pnp/scamm-agency/,LEA,Q4,unsuccessful,109,91,1.1978021978021978
PNP-066357822158,GUN SAFETY SEMINAR LOCATIONS,Philippine National Police(PNP),pnp,2025-10-14 14:01:00,Gun Safety Seminar Certificate,SUCCESSFUL,https://www.foi.gov.ph/agencies/pnp/gun-safety-seminar-locations/,LEA,Q4,successful,109,91,1.1978021978021978
LTO-111221460280,Transportation Data Proposal,Land Transportation Office(LTO),lto,2025-10-14 16:12:00,Undergraduate Thesis,SUCCESSFUL,https://www.foi.gov.ph/agencies/lto/transportation-data-proposal/,NGA,Q4,successful,3945,97,40.670103092783506
SSS-184045925985,Inquiry regarding low monthly pension of My uncle,Social Security System(SSS),sss,2025-10-14 17:25:00,Inquiry and clarification,DENIED,https://www.foi.gov.ph/agencies/sss/inquiry-regarding-low-monthly-pension-of-my-uncle/,GOCC,Q4,unsuccessful,459,107,4.289719626168225
DAR-750264913945,CARP AREAS IN GAINZA,Department of Agrarian Reform(DAR),dar,2025-10-15 07:31:00,CLUP Formulation,SUCCESSFUL,https://www.foi.gov.ph/agencies/dar/carp-areas-in-gainza/,NGA,Q4,successful,3945,97,40.670103092783506
DENRLMB-287246923214,TAGUIG COMPREHENSIVE LAND USE DATA REQUEST FOR THESIS,Land Management Bureau(DENRLMB),denrlmb,2025-10-15 10:58:00,UNDERGRADUATE THESIS RESEARCH,SUCCESSFUL,https://www.foi.gov.ph/agencies/denrlmb/taguig-comprehensive-land-use-data-request-for-thesis/,NGA,Q4,successful,3945,97,40.670103092783506
DOLE-542592593317,Number of Registered Professionals in Pampanga,Department of Labor and Employment(DOLE),dole,2025-10-15 12:07:00,Research Thesis,DENIED,https://www.foi.gov.ph/agencies/dole/number-of-registered-professionals-in-pampanga/,NGA,Q4,unsuccessful,3945,97,40.670103092783506
PNP-703386500411,Juvenile Youth Data,Philippine National Police(PNP),pnp,2025-10-15 13:02:00,Architectural Thesis,DENIED,https://www.foi.gov.ph/agencies/pnp/juvenile-youth-data/,LEA,Q4,unsuccessful,109,91,1.1978021978021978
PNP-032230599087,"Types/Category of ""Significant Activity/Event Allowed to be Recorded to PNP Blotter Books",Philippine National Police(PNP),pnp,2025-10-15 13:31:00,For Public information.,SUCCESSFUL,https://www.foi.gov.ph/agencies/pnp/typescategory-of-significant-activityevent-allowed-to-be-recorded-to-pnp-blotter-books/,LEA,Q4,successful,109,91,1.1978021978021978
DILG-001313914193,SPATIAL ANALYSIS and QC Rail Transport,Department of the Interior and Local Government(DILG),dilg,2025-10-15 14:17:00,Academic Research,DENIED,https://www.foi.gov.ph/agencies/dilg/spatial-analysis-and-qc-rail-transport/,NGA,Q4,unsuccessful,3945,97,40.670103092783506
PNP-869576009815,The number of Child Abuse Cases,Philippine National Police(PNP),pnp,2025-10-15 14:27:00,Architectural thesis,SUCCESSFUL,https://www.foi.gov.ph/agencies/pnp/the-number-of-child-abuse-cases-pnp-869576009815/,LEA,Q4,successful,109,91,1.1978021978021978
PSA-713233869313,List of imported materials,Philippine Statistics Authority(PSA),psa,2025-10-15 15:24:00,Market Research,SUCCESSFUL,https://www.foi.gov.ph/agencies/psa/list-of-imported-materials/,NGA,Q4,successful,3945,97,40.670103092783506
PEZA-226819189547,List of PEZA Locators,Philippine Economic Zone Authority(PEZA),peza,2025-10-15 15:26:00,Research and Development,PENDING,https://www.foi.gov.ph/agencies/peza/list-of-peza-locators-peza-226819189547/,GOCC,Q4,open,459,107,4.289719626168225
PNP-088352015870,CALABARZON CRIME RATE PER PROVINCE,Philippine National Police(PNP),pnp,2025-10-15 15:55:00,Thesis Data Collection,SUCCESSFUL,https://www.foi.gov.ph/agencies/pnp/calabarzon-crime-rate-per-province/,LEA,Q4,successful,109,91,1.1978021978021978
PNP-548980127960,Crime Rate Philippines 2021,Philippine National Police(PNP),pnp,2025-10-15 20:08:00,Research and Special Problem,SUCCESSFUL,https://www.foi.gov.ph/agencies/pnp/crime-rate-philippines-2021/,LEA,Q4,successful,109,91,1.1978021978021978
PNP-756698197251,Road Crash and Pedestrian Accident Data,Philippine National Police(PNP),pnp,2025-10-15 21:08:00,Research and Development,SUCCESSFUL,https://www.foi.gov.ph/agencies/pnp/road-crash-and-pedestrian-accident-data-pnp-756698197251/,LEA,Q4,successful,109,91,1.1978021978021978
CARSU-167656963224,Native plants in Butuan City,Caraga State University(CARSU),carsu,2025-10-16 01:38:00,Research and undergraduate thesis,DENIED,https://www.foi.gov.ph/agencies/carsu/native-plants-in-butuan-city/,SUC,Q4,unsuccessful,81,71,1.1408450704225352
PNP-560899957664,Road Crash and Pedestrian Accident Data,Philippine National Police(PNP),pnp,2025-10-16 06:40:00,Research and Developmet,SUCCESSFUL,https://www.foi.gov.ph/agencies/pnp/road-crash-and-pedestrian-accident-data-pnp-560899957664/,LEA,Q4,successful,109,91,1.1978021978021978
PNP-918387031383,formal request,Philippine National Police(PNP),pnp,2025-10-16 09:06:00,For consideration for applying,DENIED,https://www.foi.gov.ph/agencies/pnp/formal-request/,LEA,Q4,unsuccessful,109,91,1.1978021978021978
PNP-074483812511,Examining the Effects of Density in Gambling Outlets on Crime Rates in the Philippines,Philippine National Police(PNP),pnp,2025-10-16 09:54:00,Academic and Research purposes,SUCCESSFUL,https://www.foi.gov.ph/agencies/pnp/examining-the-effects-of-density-in-gambling-outlets-on-crime-rates-in-the-philippines/,LEA,Q4,successful,109,91,1.1978021978021978
NHA-633575840756,pahabay,National Housing Authority(NHA),nha,2025-10-16 12:30:00,"Magkaroon ng sariling bahay at yung di an nangungupahan ,",SUCCESSFUL,https://www.foi.gov.ph/agencies/nha/pahabay/,GOCC,Q4,successful,459,107,4.289719626168225
CGI-419992788403,List of Establishments,"City Government of Isabela, Basilan(CGI)",cgi,2025-10-16 14:03:00,Research and Development,SUCCESSFUL,https://www.foi.gov.ph/agencies/cgi/list-of-establishments-cgi-419992788403/,LGU,Q4,successful,59,59,1.0
PNP-180569544594,Implementing Rules and Regulations (IRR) of RA 10883 / New Anti-Carnapping Law of 2016,Philippine National Police(PNP),pnp,2025-10-16 14:46:00,Reference and Compliance Purposes,SUCCESSFUL,https://www.foi.gov.ph/agencies/pnp/implementing-rules-and-regulations-irr-of-ra-10883-new-anti-carnapping-law-of-2016/,LEA,Q4,successful,109,91,1.1978021978021978
PCMC-298341349779,Medical Assistance Guarantee Letter,Philippine Children's Medical Center(PCMC),pcmc,2025-10-16 16:44:00,Hospitalization,DENIED,https://www.foi.gov.ph/agencies/pcmc/medical-assistance-guarantee-letter/,GOCC,Q4,unsuccessful,459,107,4.289719626168225
DILG-627221231744,MRT/LRT Cubao Business Establishments Information,Department of the Interior and Local Government(DILG),dilg,2025-10-16 17:58:00,Research and Development,DENIED,https://www.foi.gov.ph/agencies/dilg/mrtlrt-cubao-business-establishments-information/,NGA,Q4,unsuccessful,3945,97,40.670103092783506
PNP-192161806101,National Forensic Science Training Institute,Philippine National Police(PNP),pnp,2025-10-17 00:24:00,Thesis Data Gathering,SUCCESSFUL,https://www.foi.gov.ph/agencies/pnp/national-forensic-science-training-institute/,LEA,Q4,successful,109,91,1.1978021978021978
CLSU-692871856339,Architectural Thesis Reseach,Central Luzon State University(CLSU),clsu,2025-10-17 05:30:00,Architectural Thesis Research,SUCCESSFUL,https://www.foi.gov.ph/agencies/clsu/architectural-thesis-reseach/,SUC,Q4,successful,81,71,1.1408450704225352
UPPGH-645331240075,Classification of cataract subtypes,University of the Philippines - Philippine General Hospital(UPPGH),uppgh,2025-10-17 10:58:00,Undergraduate thesis,CLOSED,https://www.foi.gov.ph/agencies/uppgh/classification-of-cataract-subtypes/,SUC,Q4,unsuccessful,81,71,1.1408450704225352
TIEZA-223394789270,Interview Request,Tourism Infrastructure and Enterprise Zone Authority(TIEZA),tieza,2025-10-17 11:02:00,research study,ACCEPTED,https://www.foi.gov.ph/agencies/tieza/interview-request-tieza-223394789270/,GOCC,Q4,open,459,107,4.289719626168225
NCDA-418966281235,pwd in NCR,National Council on Disability Affairs(NCDA),ncda,2025-10-17 11:48:00,Thesis purposes,PENDING,https://www.foi.gov.ph/agencies/ncda/pwd-in-ncr/,NGA,Q4,open,3945,97,40.670103092783506
PNOC-623596869542,Request for Information Regarding Redevelopment and Possible Demolition of Existing Structures within PNOC Compound,Philippine National Oil Company(PNOC),pnoc,2025-10-17 12:27:00,Academic and Research Purposes Only,SUCCESSFUL,https://www.foi.gov.ph/agencies/pnoc/request-for-information-regarding-redevelopment-and-possible-demolition-of-existing-structures-within-pnoc-compound/,GOCC,Q4,successful,459,107,4.289719626168225
DepEd-275790250542,Data on SPED Enrollees,Department of Education(DepEd),deped,2025-10-17 15:04:00,Thesis Purposes,CLOSED,https://www.foi.gov.ph/agencies/deped/data-on-sped-enrollees/,NGA,Q4,unsuccessful,3945,97,40.670103092783506
CGA-648628021380,"Road Network Map of Antipolo, Rizal","City of Antipolo, Region IV-A(CGA)",cga,2025-10-17 18:01:00,Architectural Thesis Purposes,SUCCESSFUL,https://www.foi.gov.ph/agencies/cga/road-network-map-of-antipolo-rizal/,LGU,Q4,successful,59,59,1.0
BagWD-731202524101,Predictive Modeling of Water Consumption For Sustainable Resource Management,Baguio Water District(BagWD),bagwd,2025-10-18 10:09:00,"For academic research purposes, specifically for developing a predictive model of water consumption to support sustainable resource management.",DENIED,https://www.foi.gov.ph/agencies/bagwd/predictive-modeling-of-water-consumption-for-sustainable-resource-management/,WATER-DISTRICT,Q4,unsuccessful,88,88,1.0
PNP-461701123063,Firearms and ammunition law,Philippine National Police(PNP),pnp,2025-10-18 19:09:00,Business purposes,CLOSED,https://www.foi.gov.ph/agencies/pnp/firearms-and-ammunition-law/,LEA,Q4,unsuccessful,109,91,1.1978021978021978
CGA-788491262994,CLUP AND CDP of Antipolo,"City of Antipolo, Region IV-A(CGA)",cga,2025-10-18 19:23:00,Architectural Thesis,SUCCESSFUL,https://www.foi.gov.ph/agencies/cga/clup-and-cdp-of-antipolo-cga-788491262994/,LGU,Q4,successful,59,59,1.0
USTSP-942669450960,Number of Enrollees in BS in Manufacturing Engineering Technology in 2020-2025,University of Science and Technology of Southern Philippines(USTSP),ustsp,2025-10-19 19:38:00,Architectural Thesis,SUCCESSFUL,https://www.foi.gov.ph/agencies/ustsp/number-of-enrollees-in-bs-in-manufacturing-engineering-technology-in-2020-2025/,SUC,Q4,successful,81,71,1.1408450704225352
BSWM-063326272108,Type of Soil in the Philippines,Bureau of Soils and Water Management(BSWM),bswm,2025-10-20 00:42:00,Architectural thesis,SUCCESSFUL,https://www.foi.gov.ph/agencies/bswm/type-of-soil-in-the-philippines/,NGA,Q4,successful,3945,97,40.670103092783506
CPA-480398545751,Number of Passengers in the Medellin Seaport,Cebu Port Authority(CPA),cpa,2025-10-20 01:47:00,Thesis Purposes,SUCCESSFUL,https://www.foi.gov.ph/agencies/cpa/number-of-passengers-in-the-medellin-seaport/,GOCC,Q4,successful,459,107,4.289719626168225
UPOU-447961826359,Architectural Thesis Research Regarding the Science City of Munoz,University of the Philippines Open University(UPOU),upou,2025-10-20 02:12:00,Architectural Reseach and Study,DENIED,https://www.foi.gov.ph/agencies/upou/architectural-thesis-research-regarding-the-science-city-of-munoz/,SUC,Q4,unsuccessful,81,71,1.1408450704225352
PNP-370880758804,Women Crime Statitics of Region 3,Philippine National Police(PNP),pnp,2025-10-20 04:22:00,Architectural Thesis,SUCCESSFUL,https://www.foi.gov.ph/agencies/pnp/women-crime-statitics-of-region-3/,LEA,Q4,successful,109,91,1.1978021978021978
USEP-221114028194,Copies of Special Orders,University of Southeastern Philippines(USEP),usep,2025-10-20 10:15:00,Accreditation,SUCCESSFUL,https://www.foi.gov.ph/agencies/usep/copies-of-special-orders/,SUC,Q4,successful,81,71,1.1408450704225352
CAAP-642456576160,Request for Building Height Limit in Legazpi Old Airport,Civil Aviation Authority of the Philippines(CAAP),caap,2025-10-20 10:20:00,Thesis Research Purposes,SUCCESSFUL,https://www.foi.gov.ph/agencies/caap/request-for-building-height-limit-in-legazpi-old-airport/,GOCC,Q4,successful,459,107,4.289719626168225
USAP-162727798671,List of Registered Businesses,"City of Pasig, NCR(USAP)",usap,2025-10-20 14:56:00,Research and Development,SUCCESSFUL,https://www.foi.gov.ph/agencies/usap/list-of-registered-businesses-usap-162727798671/,LGU,Q4,successful,59,59,1.0
PGBukidnon-894956483101,List of Establishments,Provincial Government of Bukidnon(PGBukidnon),pgbukidnon,2025-10-20 14:58:00,Research and development,SUCCESSFUL,https://www.foi.gov.ph/agencies/pgbukidnon/list-of-establishments-pgbukidnon-894956483101/,LGU,Q4,successful,59,59,1.0
CGB-625492098767,List of Establishments,CITY GOVERNMENT OF BATANGAS(CGB),cgb,2025-10-20 15:00:00,Research and development,SUCCESSFUL,https://www.foi.gov.ph/agencies/cgb/list-of-establishments-cgb-625492098767/,LGU,Q4,successful,59,59,1.0
CGA-775941290395,List of Establishments,"City of Antipolo, Region IV-A(CGA)",cga,2025-10-20 15:04:00,Research and development,SUCCESSFUL,https://www.foi.gov.ph/agencies/cga/list-of-establishments-cga-775941290395/,LGU,Q4,successful,59,59,1.0
PAKIL-133046450780,List of Establishments,"Municipality of Pakil, Laguna, Region IV-A(PAKIL)",pakil,2025-10-20 15:07:00,Research and development,PENDING,https://www.foi.gov.ph/agencies/pakil/list-of-establishments-pakil-133046450780/,LGU,Q4,open,59,59,1.0
PGI-826823884164,List of Establishments,Provincial Government of Isabela(PGI),pgi,2025-10-20 15:10:00,Research and development,SUCCESSFUL,https://www.foi.gov.ph/agencies/pgi/list-of-establishments-pgi-826823884164/,LGU,Q4,successful,59,59,1.0
PNP-018482267118,Statistics and Forensic Information,Philippine National Police(PNP),pnp,2025-10-20 15:11:00,Architectural Thesis,DENIED,https://www.foi.gov.ph/agencies/pnp/statistics-and-forensic-information/,LEA,Q4,unsuccessful,109,91,1.1978021978021978
DENRERDB-173623615709,Requirements and Guidelines for coastal research facilities,Ecosystems Research and Development Bureau(DENRERDB),denrerdb,2025-10-20 17:50:00,Architectural thesis,PARTIALLY SUCCESSFUL,https://www.foi.gov.ph/agencies/denrerdb/requirements-and-guidelines-for-coastal-research-facilities/,NGA,Q4,partially successful,3945,97,40.670103092783506
PNP-771262158445,"PNP ACG Santiago City, Isabela Annual Accomplishments of 2024",Philippine National Police(PNP),pnp,2025-10-20 18:57:00,for public references,DENIED,https://www.foi.gov.ph/agencies/pnp/pnp-acg-santiago-city-isabela-annual-accomplishments-of-2024/,LEA,Q4,unsuccessful,109,91,1.1978021978021978
PNP-638333565954,Police Population,Philippine National Police(PNP),pnp,2025-10-20 21:14:00,Thesis Statistics,SUCCESSFUL,https://www.foi.gov.ph/agencies/pnp/police-population-pnp-638333565954/,LEA,Q4,successful,109,91,1.1978021978021978
PNP-703402413146,Data of Child Abuse Cases in NCR and Region IV-A,Philippine National Police(PNP),pnp,2025-10-20 22:38:00,Architectural Thesis Study,SUCCESSFUL,https://www.foi.gov.ph/agencies/pnp/data-of-child-abuse-cases-in-ncr-and-region-iv-a/,LEA,Q4,successful,109,91,1.1978021978021978
PLGUB-510550208488,List of Establishments,"Province of Benguet, CAR(PLGUB)",plgub,2025-10-21 08:18:00,Research and development,SUCCESSFUL,https://www.foi.gov.ph/agencies/plgub/list-of-establishments-plgub-510550208488/,LGU,Q4,successful,59,59,1.0
PGLU-501654812153,List of Establishments,"Province of La Union, Region I(PGLU)",pglu,2025-10-21 08:31:00,Research and development,PENDING,https://www.foi.gov.ph/agencies/pglu/list-of-establishments-pglu-501654812153/,LGU,Q4,open,59,59,1.0
PGB-715275160175,List of Establishments,Provincial Government of Bataan(PGB),pgb,2025-10-21 08:58:00,Research and development,SUCCESSFUL,https://www.foi.gov.ph/agencies/pgb/list-of-establishments-pgb-715275160175/,LGU,Q4,successful,59,59,1.0
PNP-814413909265,number of drug users in the province of batangas,Philippine National Police(PNP),pnp,2025-10-21 09:18:00,for thesis / research / capstone,SUCCESSFUL,https://www.foi.gov.ph/agencies/pnp/number-of-drug-users-in-the-province-of-batangas/,LEA,Q4,successful,109,91,1.1978021978021978
UPD-027313127306,Arts and Design Facilities,University of the Philippines Diliman(UPD),upd,2025-10-21 14:42:00,Thesis Paper,DENIED,https://www.foi.gov.ph/agencies/upd/arts-and-design-facilities/,SUC,Q4,unsuccessful,81,71,1.1408450704225352
PUP-853216048260,Request for Data on Road Accidents Caused by Health-Related Illnesses in Batangas,Polytechnic University of the Philippines(PUP),pup,2025-10-21 15:18:00,Capstone Project,DENIED,https://www.foi.gov.ph/agencies/pup/request-for-data-on-road-accidents-caused-by-health-related-illnesses-in-batangas/,SUC,Q4,unsuccessful,81,71,1.1408450704225352
HDMF-129270415924,2025 Pag-IBIG Collections by Channel and Transaction Type,Home Development Mutual Fund/Pag-IBIG Fund(HDMF),hdmf,2025-10-21 15:34:00,The study aims to evaluate trend in channel usage to better understand how digital transformation affects service delivery to members.,SUCCESSFUL,https://www.foi.gov.ph/agencies/hdmf/2025-pag-ibig-collections-by-channel-and-transaction-type/,GOCC,Q4,successful,459,107,4.289719626168225
DOH-264345323996,Requesting the data of Maternal and Neonatal Mortality and Morbidity Rate,Department of Health(DOH),doh,2025-10-21 17:17:00,Thesis Purpose,SUCCESSFUL,https://www.foi.gov.ph/agencies/doh/requesting-the-data-of-maternal-and-neonatal-mortality-and-morbidity-rate/,NGA,Q4,successful,3945,97,40.670103092783506
PNP-680953998521,Statistical data on children at risk (CAR) in Nueva Ecija,Philippine National Police(PNP),pnp,2025-10-21 21:58:00,Undergraduate Architectural Thesis,SUCCESSFUL,https://www.foi.gov.ph/agencies/pnp/statistical-data-on-children-at-risk-car-in-nueva-ecija/,LEA,Q4,successful,109,91,1.1978021978021978
PNP-901094409379,"Implementing Rules and Regulation of R.A. 11917 ""Private Security Services Industry Act""",Philippine National Police(PNP),pnp,2025-10-22 02:32:00,Research and Thesis writing,SUCCESSFUL,https://www.foi.gov.ph/agencies/pnp/implementing-rules-and-regulation-of-ra-11917-private-security-services-industry-act/,LEA,Q4,successful,109,91,1.1978021978021978
HDMF-124747311642,MSB CODE FOR GRANJA,Home Development Mutual Fund/Pag-IBIG Fund(HDMF),hdmf,2025-10-22 08:34:00,BIZLINK/ HDMF ONLINE PAYMENT,SUCCESSFUL,https://www.foi.gov.ph/agencies/hdmf/msb-code-for-granja/,GOCC,Q4,successful,459,107,4.289719626168225
DENRLMB-851741116342,"Land Use Map of Balanga City, Bataan",Land Management Bureau(DENRLMB),denrlmb,2025-10-22 11:07:00,Research (Undergraduate Thesis),SUCCESSFUL,https://www.foi.gov.ph/agencies/denrlmb/land-use-map-of-balanga-city-bataan/,NGA,Q4,successful,3945,97,40.670103092783506
COB-675632897018,"GDP (Fixed Investment) Balanga City, Bataan",City Government of Balanga(COB),cob,2025-10-22 11:21:00,Research (Undergraduate Thesis),SUCCESSFUL,https://www.foi.gov.ph/agencies/cob/gdp-fixed-investment-balanga-city-bataan/,LGU,Q4,successful,59,59,1.0
BCWD-037486515353,Total Volume Supplied in the System,Butuan City Water District(BCWD),bcwd,2025-10-22 11:49:00,For Research Purposes,SUCCESSFUL,https://www.foi.gov.ph/agencies/bcwd/total-volume-supplied-in-the-system/,WATER-DISTRICT,Q4,successful,88,88,1.0
BCWD-268316012965,"Total Volume Supplied for CY 2017, CY 2023, CY 2024",Butuan City Water District(BCWD),bcwd,2025-10-22 12:04:00,Research and Development,SUCCESSFUL,https://www.foi.gov.ph/agencies/bcwd/total-volume-supplied-for-cy-2017-cy-2023-cy-2024/,WATER-DISTRICT,Q4,successful,88,88,1.0
PH-798659848543,Regional Utilization of PhilHelath Claims for Dialysis and Transplant (2015-2025),PhilHealth(PH),ph,2025-10-22 13:27:00,Research and Development,SUCCESSFUL,https://www.foi.gov.ph/agencies/ph/regional-utilization-of-philhelath-claims-for-dialysis-and-transplant-2015-2025/,GOCC,Q4,successful,459,107,4.289719626168225
LRTA-449049976585,LRT 2 Stations Annual Ridership,Light Rail Transit Authority(LRTA),lrta,2025-10-22 14:58:00,Academic Research,SUCCESSFUL,https://www.foi.gov.ph/agencies/lrta/lrt-2-stations-annual-ridership/,GOCC,Q4,successful,459,107,4.289719626168225
PNP-789202179434,VAWC Cases,Philippine National Police(PNP),pnp,2025-10-23 01:15:00,Research/ Thesis,SUCCESSFUL,https://www.foi.gov.ph/agencies/pnp/vawc-cases-pnp-789202179434/,LEA,Q4,successful,109,91,1.1978021978021978
PCIC-955756988894,Number of rice farmers with access to crop insurance in Bulacan,Philippine Crop Insurance Corporation(PCIC),pcic,2025-10-23 11:18:00,Research and planning,SUCCESSFUL,https://www.foi.gov.ph/agencies/pcic/number-of-rice-farmers-with-access-to-crop-insurance-in-bulacan/,GOCC,Q4,successful,459,107,4.289719626168225
BIR-764662518763,NULL TIN,Bureau of Internal Revenue(BIR),bir,2025-10-23 14:07:00,TIN NEED FOR WORK,SUCCESSFUL,https://www.foi.gov.ph/agencies/bir/null-tin/,NGA,Q4,successful,3945,97,40.670103092783506
PNAC-071488861880,Government initiatives and policy measures on national HIV Program,Philippine National AIDS Council(PNAC),pnac,2025-10-23 16:40:00,Academic Research,SUCCESSFUL,https://www.foi.gov.ph/agencies/pnac/government-initiatives-and-policy-measures-on-national-hiv-program/,NGA,Q4,successful,3945,97,40.670103092783506
CGA-928006011874,Antipolo's Latest CLUP,"City of Antipolo, Region IV-A(CGA)",cga,2025-10-23 19:52:00,Research and Development,SUCCESSFUL,https://www.foi.gov.ph/agencies/cga/antipolos-latest-clup/,LGU,Q4,successful,59,59,1.0
PangSU-416950482254,Food processing Center in PSU Bayambang,Pangasinan State University(PangSU),pangsu,2025-10-24 00:14:00,Thesis Purposes,SUCCESSFUL,https://www.foi.gov.ph/agencies/pangsu/food-processing-center-in-psu-bayambang/,SUC,Q4,successful,81,71,1.1408450704225352
USAP-192345296145,Request for Pasig City Planning and Zoning Documents,"City of Pasig, NCR(USAP)",usap,2025-10-24 05:22:00,For the completion of a thesis,SUCCESSFUL,https://www.foi.gov.ph/agencies/usap/request-for-pasig-city-planning-and-zoning-documents-usap-192345296145/,LGU,Q4,successful,59,59,1.0
JJWC-303292238109,design requirement for Juvenile Detention Center,Juvenile Justice and Welfare Council(JJWC),jjwc,2025-10-24 16:01:00,Thesis Data Gathering,SUCCESSFUL,https://www.foi.gov.ph/agencies/jjwc/design-requirement-for-juvenile-detention-center/,NGA,Q4,successful,3945,97,40.670103092783506
DENRLMB-910337105175,Lot Info/Cadastral Map Request,Land Management Bureau(DENRLMB),denrlmb,2025-10-24 16:49:00,Application for Lot Title with overlap issue,SUCCESSFUL,https://www.foi.gov.ph/agencies/denrlmb/lot-infocadastral-map-request-denrlmb-910337105175/,NGA,Q4,successful,3945,97,40.670103092783506
PCA-230253148397,Number of Coconut production in municipalities in Quezon from 2017-2023,Philippine Coconut Authority(PCA),pca,2025-10-25 13:36:00,Undergrauate thesis,PENDING,https://www.foi.gov.ph/agencies/pca/number-of-coconut-production-in-municipalities-in-quezon-from-2017-2023/,GOCC,Q4,open,459,107,4.289719626168225
NKTI-979734176149,Staffs and Medical Trainee Population,National Kidney and Transplant Institute(NKTI),nkti,2025-10-25 14:58:00,BS Architecture Capstone,SUCCESSFUL,https://www.foi.gov.ph/agencies/nkti/staffs-and-medical-trainee-population/,GOCC,Q4,successful,459,107,4.289719626168225
PGBukidnon-903645811202,Demographic Data,Provincial Government of Bukidnon(PGBukidnon),pgbukidnon,2025-10-26 07:10:00,"For academoc purposes, we will solve the following data and interpret them.",SUCCESSFUL,https://www.foi.gov.ph/agencies/pgbukidnon/demographic-data-pgbukidnon-903645811202/,LGU,Q4,successful,59,59,1.0
CGA-924528390144,"Antipolo CLUP, CDP, and ZO","City of Antipolo, Region IV-A(CGA)",cga,2025-10-26 16:17:00,Architectural Thesis,SUCCESSFUL,https://www.foi.gov.ph/agencies/cga/antipolo-clup-cdp-and-zo/,LGU,Q4,successful,59,59,1.0
PIDS-249895466431,Dataset - Baseline Study on the State of Devolution in the (Pre-Mandanas) Philippines,Philippine Institute for Development Studies(PIDS),pids,2025-10-26 23:52:00,Academic research,SUCCESSFUL,https://www.foi.gov.ph/agencies/pids/dataset-baseline-study-on-the-state-of-devolution-in-the-pre-mandanas-philippines/,GOCC,Q4,successful,459,107,4.289719626168225
PCIC-693194290663,PCIC data at the municipal level (2009-2024),Philippine Crop Insurance Corporation(PCIC),pcic,2025-10-27 00:21:00,Research - academic journal,PARTIALLY SUCCESSFUL,https://www.foi.gov.ph/agencies/pcic/pcic-data-at-the-municipal-level-2009-2024/,GOCC,Q4,partially successful,459,107,4.289719626168225
PH-313379411604,Number of Indigents and Constituents Registered to a PCP,PhilHealth(PH),ph,2025-10-27 10:26:00,Means of Verification in the Key Result Area of Referral System Characteristics of the Local Health System Maturity Level/ Universal Health Care Integration,SUCCESSFUL,https://www.foi.gov.ph/agencies/ph/number-of-indigents-and-constituents-registered-to-a-pcp/,GOCC,Q4,successful,459,107,4.289719626168225
PGI-082650159393,"Calendar Year (CY) 2024 Accomplishment Report of Baranggay Salinungan West, San Mateo, Isabela",Provincial Government of Isabela(PGI),pgi,2025-10-27 18:14:00,For the General Public Information.,SUCCESSFUL,https://www.foi.gov.ph/agencies/pgi/calendar-year-cy-2024-accomplishment-report-of-baranggay-salinungan-west-san-mateo-isabela/,LGU,Q4,successful,59,59,1.0
DOH-510098318013,Number of reported Acute Respiratory Infection cases in Pangasinan,Department of Health(DOH),doh,2025-10-28 09:55:00,Undergraduate Thesis,DENIED,https://www.foi.gov.ph/agencies/doh/number-of-reported-acute-respiratory-infection-cases-in-pangasinan/,NGA,Q4,unsuccessful,3945,97,40.670103092783506
JHMC-318005916168,Tree Mapping,John Hay Management Corporation(JHMC),jhmc,2025-10-28 10:46:00,"Architectural Thesis, Research Capstone",DENIED,https://www.foi.gov.ph/agencies/jhmc/tree-mapping/,GOCC,Q4,unsuccessful,459,107,4.289719626168225
USAP-803678915412,Local Government Inquiry,"City of Pasig, NCR(USAP)",usap,2025-10-28 12:27:00,Case Study of Pasig for academic purposes,SUCCESSFUL,https://www.foi.gov.ph/agencies/usap/local-government-inquiry/,LGU,Q4,successful,59,59,1.0
NKTI-539127073600,Number of Dialysis Patients in the Philippines by Modality,National Kidney and Transplant Institute(NKTI),nkti,2025-10-28 13:58:00,Architectural Thesis,SUCCESSFUL,https://www.foi.gov.ph/agencies/nkti/number-of-dialysis-patients-in-the-philippines-by-modality/,GOCC,Q4,successful,459,107,4.289719626168225
NHA-183913047065,Redevelopment of the Fort Bonifacio Tenement,National Housing Authority(NHA),nha,2025-10-28 15:36:00,Architectural Research,SUCCESSFUL,https://www.foi.gov.ph/agencies/nha/redevelopment-of-the-fort-bonifacio-tenement/,GOCC,Q4,successful,459,107,4.289719626168225
UPM-555911338619,NATIONAL FORENSIC INSTITUTE,University of the Philippines Manila(UPM),upm,2025-10-28 17:11:00,Data Gathering,SUCCESSFUL,https://www.foi.gov.ph/agencies/upm/national-forensic-institute/,SUC,Q4,successful,81,71,1.1408450704225352
PNP-882686807661,Crime rate in Region IV-A,Philippine National Police(PNP),pnp,2025-10-28 18:24:00,Architecture Research,SUCCESSFUL,https://www.foi.gov.ph/agencies/pnp/crime-rate-in-region-iv-a/,LEA,Q4,successful,109,91,1.1978021978021978
PNP-239152871824,GENSAN FEMALE ABUSE CASES BRGY STATS,Philippine National Police(PNP),pnp,2025-10-28 18:41:00,ARCHI THESIS PURPOSES,SUCCESSFUL,https://www.foi.gov.ph/agencies/pnp/gensan-female-abuse-cases-brgy-stats/,LEA,Q4,successful,109,91,1.1978021978021978
BCDA-586724170004,"san fernando ,launion airport",Bases Conversion and Development Authority(BCDA),bcda,2025-10-29 00:28:00,research thesis,DENIED,https://www.foi.gov.ph/agencies/bcda/san-fernando-launion-airport/,GOCC,Q4,unsuccessful,459,107,4.289719626168225
UPLB-837583310400,"NUMBER OF SOLDIERS IN REGION III AND CAPAS, TARLAC",University of the Philippines Los Banos(UPLB),uplb,2025-10-29 11:48:00,Architectural Thesis Purposes,DENIED,https://www.foi.gov.ph/agencies/uplb/number-of-soldiers-in-region-iii-and-capas-tarlac/,SUC,Q4,unsuccessful,81,71,1.1408450704225352
PSA-026553089770,Food Manufacturing Business Engagement,Philippine Statistics Authority(PSA),psa,2025-10-29 13:45:00,For research and capstone of Masters in Innovation and Business,SUCCESSFUL,https://www.foi.gov.ph/agencies/psa/food-manufacturing-business-engagement-psa-026553089770/,NGA,Q4,successful,3945,97,40.670103092783506
NEDA-066179475488,Request for NEDA Certification or Determination of Extraordinary Inflation (2020–Present),"Department of Economy, Planning, and Development (DEPDev)(NEDA)",neda,2025-10-29 14:41:00,Research/Policy Compliance,DENIED,https://www.foi.gov.ph/agencies/neda/request-for-neda-certification-or-determination-of-extraordinary-inflation-2020present/,NGA,Q4,unsuccessful,3945,97,40.670103092783506
USEP-029923319827,Approved Copy of the Action Plan of the Obrero Campus Student Council,University of Southeastern Philippines(USEP),usep,2025-10-29 14:47:00,for Accreditation this November 2025,SUCCESSFUL,https://www.foi.gov.ph/agencies/usep/approved-copy-of-the-action-plan-of-the-obrero-campus-student-council/,SUC,Q4,successful,81,71,1.1408450704225352
PNP-622021495677,Child Abuse Cases per Category,Philippine National Police(PNP),pnp,2025-10-29 20:15:00,Architectural Thesis Study,SUCCESSFUL,https://www.foi.gov.ph/agencies/pnp/child-abuse-cases-per-category/,LEA,Q4,successful,109,91,1.1978021978021978
UP-877340731131,IT Professionals in UP System,University of the Philippines System(UP),up,2025-10-29 20:39:00,Research Paper,DENIED,https://www.foi.gov.ph/agencies/up/it-professionals-in-up-system/,SUC,Q4,unsuccessful,81,71,1.1408450704225352
DOE-937302882200,IT Professionals in DOE,Department of Energy(DOE),doe,2025-10-29 20:49:00,Research Paper,SUCCESSFUL,https://www.foi.gov.ph/agencies/doe/it-professionals-in-doe/,NGA,Q4,successful,3945,97,40.670103092783506
DOF-452597608138,IT Professionals,Department of Finance(DOF),dof,2025-10-29 21:00:00,Research Paper,SUCCESSFUL,https://www.foi.gov.ph/agencies/dof/it-professionals/,NGA,Q4,successful,3945,97,40.670103092783506
DOLE-189097964059,IT Professionals in DOLE,Department of Labor and Employment(DOLE),dole,2025-10-29 21:01:00,Research Paper,REFERRED,https://www.foi.gov.ph/agencies/dole/it-professionals-in-dole/,NGA,Q4,referred,3945,97,40.670103092783506
PNP-335073940172,Statistical Data of CICLs and CARs,Philippine National Police(PNP),pnp,2025-10-30 02:52:00,Undergraduate Thesis,SUCCESSFUL,https://www.foi.gov.ph/agencies/pnp/statistical-data-of-cicls-and-cars/,LEA,Q4,successful,109,91,1.1978021978021978
PNP-256325284655,"Crime Rates in Marawi City, Lanao del Sur",Philippine National Police(PNP),pnp,2025-10-30 08:21:00,Architectural Thesis,SUCCESSFUL,https://www.foi.gov.ph/agencies/pnp/crime-rates-in-marawi-city-lanao-del-sur/,LEA,Q4,successful,109,91,1.1978021978021978
PSA-631095166856,"Total Population, Household Population and Number of Households in Tagum City, Davao del Norte for Year 2024",Philippine Statistics Authority(PSA),psa,2025-10-30 11:11:00,"Updating of CLUP of Tagum City, Davao del Norte",PARTIALLY SUCCESSFUL,https://www.foi.gov.ph/agencies/psa/total-population-household-population-and-number-of-households-in-tagum-city-davao-del-norte-for-year-2024/,NGA,Q4,partially successful,3945,97,40.670103092783506
USAP-320325809647,Number of Public Transport in Pasig City,"City of Pasig, NCR(USAP)",usap,2025-10-30 11:12:00,Thesis Capstone,SUCCESSFUL,https://www.foi.gov.ph/agencies/usap/number-of-public-transport-in-pasig-city/,LGU,Q4,successful,59,59,1.0
USEP-759826427125,Accreditation-related Documents,University of Southeastern Philippines(USEP),usep,2025-10-30 11:54:00,Accreditation,SUCCESSFUL,https://www.foi.gov.ph/agencies/usep/accreditation-related-documents/,SUC,Q4,successful,81,71,1.1408450704225352
MWSSCO-408969568594,Formal FOI Request for File Status: Laiban Dam LARP Claim [REDACTED] (c. 1982-1988),Metropolitan Waterworks and Sewerage System Corporate Office(MWSSCO),mwssco,2025-10-30 16:18:00,"To obtain official administrative records regarding the uncompleted land acquisition and expropriation for the stated project, required for the proper settlement of the estate and to remove the cloud on the property title from any current MWSS claim.",SUCCESSFUL,https://www.foi.gov.ph/agencies/mwssco/formal-foi-request-for-file-status-laiban-dam-larp-claim-orlando-tucay-c-1982-1988/,GOCC,Q4,successful,459,107,4.289719626168225
CAAP-106328075497,Data and Site Information,Civil Aviation Authority of the Philippines(CAAP),caap,2025-10-30 18:32:00,All collected data will be used strictly for ACADEMIC PURPOSES ONLY and will be properly cited in my thesis documentation.,SUCCESSFUL,https://www.foi.gov.ph/agencies/caap/data-and-site-information/,GOCC,Q4,successful,459,107,4.289719626168225
CDC-061353325206,Costing of Property,Clark Development Corporation(CDC),cdc,2025-10-31 11:51:00,Architectural Research,SUCCESSFUL,https://www.foi.gov.ph/agencies/cdc/costing-of-property/,GOCC,Q4,successful,459,107,4.289719626168225
PNP-741273099696,Crime rates per LGUs in Metro Manila  (2014-2024),Philippine National Police(PNP),pnp,2025-10-31 13:55:00,Academic Research,DENIED,https://www.foi.gov.ph/agencies/pnp/crime-rates-per-lgus-in-metro-manila-2014-2024/,LEA,Q4,unsuccessful,109,91,1.1978021978021978
PNP-152943807447,Suetos,Philippine National Police(PNP),pnp,2025-11-01 00:53:00,Academic Thesis,SUCCESSFUL,https://www.foi.gov.ph/agencies/pnp/suetos/,LEA,Q4,successful,109,91,1.1978021978021978
PGI-061801794922,"Public Officials and Government Employees in Salinungan West, San Mateo, Isabela as of November 1, 2025",Provincial Government of Isabela(PGI),pgi,2025-11-01 08:52:00,For Public Reference,SUCCESSFUL,https://www.foi.gov.ph/agencies/pgi/public-officials-and-government-employees-in-salinungan-west-san-mateo-isabela-as-of-november-1-2025/,LGU,Q4,successful,59,59,1.0
PGI-458982164994,Financial Assistance,Provincial Government of Isabela(PGI),pgi,2025-11-01 11:32:00,Financial Assistance,SUCCESSFUL,https://www.foi.gov.ph/agencies/pgi/financial-assistance-pgi-458982164994/,LGU,Q4,successful,59,59,1.0
CGA-653825041794,"Topographic Map, Soil Type Map, Water Supply and Sewerage Map, and Slope Map of Antipolo City","City of Antipolo, Region IV-A(CGA)",cga,2025-11-01 21:28:00,Architectural thesis purposes,SUCCESSFUL,https://www.foi.gov.ph/agencies/cga/topographic-map-soil-type-map-water-supply-and-sewerage-map-and-slope-map-of-antipolo-city/,LGU,Q4,successful,59,59,1.0
SJOMWD-860762289528,Official Hotline and Service Advisory of San Jose Water District Occidental Mindoro,San Jose (Occidental Mindoro) Water District(SJOMWD),sjomwd,2025-11-02 15:07:00,Check for Updates,PENDING,https://www.foi.gov.ph/agencies/sjomwd/official-hotline-and-service-advisory-of-san-jose-water-district-occidental-mindoro/,WATER-DISTRICT,Q4,open,88,88,1.0
DOH-371610148834,Pharmaceutical Products,Department of Health(DOH),doh,2025-11-02 22:04:00,Architectural Thesis,SUCCESSFUL,https://www.foi.gov.ph/agencies/doh/pharmaceutical-products/,NGA,Q4,successful,3945,97,40.670103092783506
PH-194233369909,Out-of-Pocket Health Expenditures per region (2009-2023),PhilHealth(PH),ph,2025-11-02 23:08:00,Academic Research,SUCCESSFUL,https://www.foi.gov.ph/en/agencies/ph/out-of-pocket-health-expenditures-per-region-2009-2023/,GOCC,Q4,successful,459,107,4.289719626168225
DOH-214314980855,Developmental and Behavioral,Department of Health(DOH),doh,2025-11-03 01:24:00,Thesis data gathering,SUCCESSFUL,https://www.foi.gov.ph/agencies/doh/developmental-and-behavioral/,NGA,Q4,successful,3945,97,40.670103092783506
DepEd-593562448720,Access to the list of last-mile schools in CAR region for an interview for my thesis project,Department of Education(DepEd),deped,2025-11-03 17:47:00,Thesis Project,SUCCESSFUL,https://www.foi.gov.ph/agencies/deped/access-to-the-list-of-last-mile-schools-in-car-region-for-an-interview-for-my-thesis-project/,NGA,Q4,successful,3945,97,40.670103092783506
PUP-585088701217,CODI Manual,Polytechnic University of the Philippines(PUP),pup,2025-11-03 20:43:00,reference for CPC Manual,SUCCESSFUL,https://www.foi.gov.ph/agencies/pup/codi-manual/,SUC,Q4,successful,81,71,1.1408450704225352
PNP-469532968314,REQUEST REFUND FOR POLICE CLEARANCE AS FIRST TIME JOB SEEKER,Philippine National Police(PNP),pnp,2025-11-04 10:36:00,Request Refund For Police Clearance as First Time Job Seeker,DENIED,https://www.foi.gov.ph/agencies/pnp/request-refund-for-police-clearance-as-first-time-job-seeker/,LEA,Q4,unsuccessful,109,91,1.1978021978021978
PSA-561508572508,"The Number of Households and Total Population of Barangay 485 and 486, Sampaloc, Manila",Philippine Statistics Authority(PSA),psa,2025-11-04 11:05:00,The information requested will be used for my undergraduate research,SUCCESSFUL,https://www.foi.gov.ph/en/agencies/psa/the-number-of-households-and-total-population-of-barangay-485-and-486-sampaloc-manila/,NGA,Q4,successful,3945,97,40.670103092783506
DA-215242537922,"List of ADABOOST Biofertilizer Recipients from DA RFO I, II, III, IV-B, V, VI, and XII",Department of Agriculture(DA),da,2025-11-04 11:05:00,Research and Development,DENIED,https://www.foi.gov.ph/agencies/da/list-of-adaboost-biofertilizer-recipients-from-da-rfo-i-ii-iii-iv-b-v-vi-and-xii/,NGA,Q4,unsuccessful,3945,97,40.670103092783506
DOH-230720121632,"List of Pharmaceutical Enterprises: MSMEs, Large-Scale, and Franchises",Department of Health(DOH),doh,2025-11-04 12:09:00,For research purposes,REFERRED,https://www.foi.gov.ph/agencies/doh/list-of-pharmaceutical-enterprises-msmes-large-scale-and-franchises/,NGA,Q4,referred,3945,97,40.670103092783506
DILG-753073236030,LGU 2023 PBB LIST,Department of the Interior and Local Government(DILG),dilg,2025-11-04 13:32:00,for reference only,PARTIALLY SUCCESSFUL,https://www.foi.gov.ph/agencies/dilg/lgu-2023-pbb-list/,NGA,Q4,partially successful,3945,97,40.670103092783506
UPPGH-152728662254,Financial Statements of Philippine General Hospital,University of the Philippines - Philippine General Hospital(UPPGH),uppgh,2025-11-04 15:31:00,Research (STRAMA),SUCCESSFUL,https://www.foi.gov.ph/agencies/uppgh/financial-statements-of-philippine-general-hospital/,SUC,Q4,successful,81,71,1.1408450704225352
PCA-639458187635,Data for Major Coconut Pests in the PH,Philippine Coconut Authority(PCA),pca,2025-11-04 16:57:00,"The research information will be used solely for academic and research purposes in the completion of our undergraduate thesis. The data will support the development, training and validation of an AI-Based mobile app aimed to assist Filipino coconut farmers in the identification, monitoring and managment of major coconut pests. This research seeks to enchance pest detection accuracy, provide localized advisories, and contribute to sustainable agricultural practices through data driven technology.",PENDING,https://www.foi.gov.ph/agencies/pca/data-for-major-coconut-pests-in-the-ph/,GOCC,Q4,open,459,107,4.289719626168225
CAAP-447935324250,Request for Copy of Laguindingan Airport Organizational Structure,Civil Aviation Authority of the Philippines(CAAP),caap,2025-11-04 17:53:00,Airport Feasibility Study,DENIED,https://www.foi.gov.ph/agencies/caap/request-for-copy-of-laguindingan-airport-organizational-structure/,GOCC,Q4,unsuccessful,459,107,4.289719626168225
UPOU-302857687545,Typhoon Deaths and Damages,University of the Philippines Open University(UPOU),upou,2025-11-04 22:31:00,Research Paper,REFERRED,https://www.foi.gov.ph/agencies/upou/typhoon-deaths-and-damages-upou-302857687545/,SUC,Q4,referred,81,71,1.1408450704225352
COB-985759213179,"Data Request of Road Networks and Barangay Boundaries of Balanga City, Bataan.",City Government of Balanga(COB),cob,2025-11-05 00:15:00,Research [Undergraduate Study],DENIED,https://www.foi.gov.ph/agencies/cob/data-request-of-road-networks-and-barangay-boundaries-of-balanga-city-bataan/,LGU,Q4,unsuccessful,59,59,1.0
PNP-569694135163,Number of Reported Cases of Gender Based Violence in the Philippines from 2020-2025,Philippine National Police(PNP),pnp,2025-11-05 11:21:00,For Academic Discussion,SUCCESSFUL,https://www.foi.gov.ph/agencies/pnp/number-of-reported-cases-of-gender-based-violence-in-the-philippines-from-2020-2025/,LEA,Q4,successful,109,91,1.1978021978021978
PNP-811115050162,Incident Report,Philippine National Police(PNP),pnp,2025-11-05 11:28:00,Record purposes,SUCCESSFUL,https://www.foi.gov.ph/agencies/pnp/incident-report-pnp-811115050162/,LEA,Q4,successful,109,91,1.1978021978021978
PGLU-775824435749,"Soil Map, Geological Map, Municipal Base Map, Contour Map, Groundwater CDP and Map, Elevation Map, Geologic Map, and Slope Map of Bauang, La Union","Province of La Union, Region I(PGLU)",pglu,2025-11-05 14:56:00,For research purposes only,PENDING,https://www.foi.gov.ph/agencies/pglu/soil-map-geological-map-municipal-base-map-contour-map-groundwater-cdp-and-map-elevation-map-geologic-map-and-slope-map-of-bauang-la-union/,LGU,Q4,open,59,59,1.0
LRTA-404605888039,PWD/PRM (Commuters using mobility aids) rideability and accessibility data.,Light Rail Transit Authority(LRTA),lrta,2025-11-05 16:56:00,Capstone Research for Accessibility and Inclusivity,SUCCESSFUL,https://www.foi.gov.ph/agencies/lrta/pwdprm-commuters-using-mobility-aids-rideability-and-accessibility-data/,GOCC,Q4,successful,459,107,4.289719626168225
PEZA-550245997472,Mutual Cooperation Agreement,Philippine Economic Zone Authority(PEZA),peza,2025-11-05 18:27:00,Research and Development,PENDING,https://www.foi.gov.ph/agencies/peza/mutual-cooperation-agreement/,GOCC,Q4,open,459,107,4.289719626168225
LRA-322390139850,Helen C. Bensurto,Land Registration Authority(LRA),lra,2025-11-05 22:47:00,Will be use for a portion of land bought from her.,SUCCESSFUL,https://www.foi.gov.ph/agencies/lra/helen-c-bensurto-lra-322390139850/,NGA,Q4,successful,3945,97,40.670103092783506
USAP-793232361328,Diabetes Mellitus Census,"City of Pasig, NCR(USAP)",usap,2025-11-06 00:06:00,Research and Development,SUCCESSFUL,https://www.foi.gov.ph/agencies/usap/diabetes-mellitus-census/,LGU,Q4,successful,59,59,1.0
NAPOCOR-297477007748,Energy and Supply Data for UPLB,National Power Corporation(NAPOCOR),napocor,2025-11-06 10:58:00,For research and development,DENIED,https://www.foi.gov.ph/agencies/napocor/energy-and-supply-data-for-uplb/,GOCC,Q4,unsuccessful,459,107,4.289719626168225
UPLB-391074136886,Energy Supply and Demand Data,University of the Philippines Los Banos(UPLB),uplb,2025-11-06 11:08:00,Research and development,ACCEPTED,https://www.foi.gov.ph/agencies/uplb/energy-supply-and-demand-data/,SUC,Q4,open,81,71,1.1408450704225352
SANWAD-979232480591,Santiago City Water District Employee Names and Designation as of November 2025,Santiago Water District(SANWAD),sanwad,2025-11-06 17:41:00,For general public information,PENDING,https://www.foi.gov.ph/agencies/sanwad/santiago-city-water-district-employee-names-and-designation-as-of-november-2025/,WATER-DISTRICT,Q4,open,88,88,1.0
CAAP-225222995003,Mactan Cebu Building Height Limits,Civil Aviation Authority of the Philippines(CAAP),caap,2025-11-06 17:55:00,Undergraduate thesis,SUCCESSFUL,https://www.foi.gov.ph/agencies/caap/mactan-cebu-building-height-limits/,GOCC,Q4,successful,459,107,4.289719626168225
USAP-990383596097,NUMBER OF BPO EMPLOYEES,"City of Pasig, NCR(USAP)",usap,2025-11-07 02:00:00,Thesis Project,SUCCESSFUL,https://www.foi.gov.ph/agencies/usap/number-of-bpo-employees-usap-990383596097/,LGU,Q4,successful,59,59,1.0
PALWD-499297326427,Request for Information on PALWD,Palayan City Water District(PALWD),palwd,2025-11-07 13:51:00,Research and Development,PENDING,https://www.foi.gov.ph/agencies/palwd/request-for-information-on-palwd/,WATER-DISTRICT,Q4,open,88,88,1.0
PSA-477436765997,Population and energy demand data in Quezon City,Philippine Statistics Authority(PSA),psa,2025-11-07 17:57:00,Research to support a baseline assessment on Quezon city and its energy demand and cooling requirement.,SUCCESSFUL,https://www.foi.gov.ph/agencies/psa/population-and-energy-demand-data-in-quezon-city/,NGA,Q4,successful,3945,97,40.670103092783506
CGA-196748912108,Planning Documents of Antipolo City,"City of Antipolo, Region IV-A(CGA)",cga,2025-11-08 09:16:00,Capstone Project,SUCCESSFUL,https://www.foi.gov.ph/agencies/cga/planning-documents-of-antipolo-city/,LGU,Q4,successful,59,59,1.0
CGA-320166982664,Antipolo Site Maps,"City of Antipolo, Region IV-A(CGA)",cga,2025-11-08 12:49:00,Architectural Thesis Purpose,SUCCESSFUL,https://www.foi.gov.ph/agencies/cga/antipolo-site-maps/,LGU,Q4,successful,59,59,1.0
CLSU-917214704220,Letter,Central Luzon State University(CLSU),clsu,2025-11-09 02:43:00,Maka hingi ng tulong,DENIED,https://www.foi.gov.ph/agencies/clsu/letter-clsu-917214704220/,SUC,Q4,unsuccessful,81,71,1.1408450704225352
PGB-678465762391,"Request of Data (CLWUP of Balanga City, Bataan, years before 2012)",Provincial Government of Bataan(PGB),pgb,2025-11-09 12:00:00,Research (Undergraduate Thesis),SUCCESSFUL,https://www.foi.gov.ph/agencies/pgb/request-of-data-clwup-of-balanga-city-bataan-years-before-2012-pgb-678465762391/,LGU,Q4,successful,59,59,1.0
CIAC-695361329655,Data Gathering for Undergraduate Thesis,Clark International Airport Corporation(CIAC),ciac,2025-11-09 20:18:00,"Site Location for my Thesis ""Salin- Lahi: A Heritage Conservation and Innovation Facility for the Revitalization of the Filipino Culture""",SUCCESSFUL,https://www.foi.gov.ph/agencies/ciac/data-gathering-for-undergraduate-thesis-ciac-695361329655/,GOCC,Q4,successful,459,107,4.289719626168225
URS-461645165718,Total Number of Classrooms in URS - Taytay Campus,University of Rizal System(URS),urs,2025-11-10 14:34:00,Architectural Thesis,SUCCESSFUL,https://www.foi.gov.ph/agencies/urs/total-number-of-classrooms-in-urs-taytay-campus/,SUC,Q4,successful,81,71,1.1408450704225352
SBMA-819930278476,Data Request on Dwell Times (The Total Number of Hours a Vessel Spends within the Port) in the Port of Subic for the Years 2014-2023,Subic Bay Metropolitan Authority(SBMA),sbma,2025-11-10 18:47:00,Educational Research,SUCCESSFUL,https://www.foi.gov.ph/agencies/sbma/data-request-on-dwell-times-the-total-number-of-hours-a-vessel-spends-within-the-port-in-the-port-of-subic-for-the-years-2014-2023/,GOCC,Q4,successful,459,107,4.289719626168225
USAP-150950909850,Pasig City Comprehensive Development Map,"City of Pasig, NCR(USAP)",usap,2025-11-10 20:59:00,For an Undergraduate Thesis,SUCCESSFUL,https://www.foi.gov.ph/agencies/usap/pasig-city-comprehensive-development-map/,LGU,Q4,successful,59,59,1.0
PGBukidnon-389319749139,Death Rate in Bukidon,Provincial Government of Bukidnon(PGBukidnon),pgbukidnon,2025-11-11 11:06:00,Academic purposes: Demography,SUCCESSFUL,https://www.foi.gov.ph/agencies/pgbukidnon/death-rate-in-bukidon/,LGU,Q4,successful,59,59,1.0
PCA-326051233930,Market Statistics for Coconut oil products,Philippine Coconut Authority(PCA),pca,2025-11-11 11:56:00,Research: Plant Design School Project,PENDING,https://www.foi.gov.ph/agencies/pca/market-statistics-for-coconut-oil-products/,GOCC,Q4,open,459,107,4.289719626168225
LLFC-223405051510,Request Certification of AMLC,LBP Leasing and Finance Corporation(LLFC),llfc,2025-11-11 13:47:00,Bank Requirements.,DENIED,https://www.foi.gov.ph/agencies/llfc/request-certification-of-amlc/,GOCC,Q4,unsuccessful,459,107,4.289719626168225
PSA-318893617825,Number of registered MSME,Philippine Statistics Authority(PSA),psa,2025-11-11 13:54:00,Academic and Research Purposes,SUCCESSFUL,https://www.foi.gov.ph/agencies/psa/number-of-registered-msme-psa-318893617825/,NGA,Q4,successful,3945,97,40.670103092783506
PNP-804450622161,PNP Annual Report 2024 for the specific cases,Philippine National Police(PNP),pnp,2025-11-11 13:59:00,Risk Assessment for AML Compliance Testing,SUCCESSFUL,https://www.foi.gov.ph/agencies/pnp/pnp-annual-report-2024-for-the-specific-cases/,LEA,Q4,successful,109,91,1.1978021978021978
UPPGH-934019405245,Diabetes Dataset,University of the Philippines - Philippine General Hospital(UPPGH),uppgh,2025-11-11 22:03:00,Research and Development,CLOSED,https://www.foi.gov.ph/agencies/uppgh/diabetes-dataset-uppgh-934019405245/,SUC,Q4,unsuccessful,81,71,1.1408450704225352
CAAP-410575846558,monthly flight sched,Civil Aviation Authority of the Philippines(CAAP),caap,2025-11-12 09:45:00,architecture thesis,SUCCESSFUL,https://www.foi.gov.ph/agencies/caap/monthly-flight-sched/,GOCC,Q4,successful,459,107,4.289719626168225
USAP-959381712817,City of Pasig - CLUP,"City of Pasig, NCR(USAP)",usap,2025-11-12 14:00:00,Undergraduate Thesis,SUCCESSFUL,https://www.foi.gov.ph/agencies/usap/city-of-pasig-clup/,LGU,Q4,successful,59,59,1.0
CPA-373485308954,Data Request on Dwell Times (The Total Number of Hours a Vessel Spends within the Port) in the Port of Cebu for the Years 2014-2023,Cebu Port Authority(CPA),cpa,2025-11-12 18:43:00,Educational Research,SUCCESSFUL,https://www.foi.gov.ph/agencies/cpa/data-request-on-dwell-times-the-total-number-of-hours-a-vessel-spends-within-the-port-in-the-port-of-cebu-for-the-years-2014-2023/,GOCC,Q4,successful,459,107,4.289719626168225
PhilSCA-493688434242,PhilSCA facilities and other data,Philippine State College of Aeronautics(PhilSCA),philsca,2025-11-13 03:26:00,Architectural thesis,PENDING,https://www.foi.gov.ph/agencies/philsca/philsca-facilities-and-other-data/,SUC,Q4,open,81,71,1.1408450704225352
MLWD-105583533084,"Information and Records of Water Quality in Lipa City, Batangas",Metro Lipa Water District(MLWD),mlwd,2025-11-13 10:38:00,Undergraduate Architectural Thesis,PENDING,https://www.foi.gov.ph/agencies/mlwd/information-and-records-of-water-quality-in-lipa-city-batangas/,WATER-DISTRICT,Q4,open,88,88,1.0
SSS-830868755948,E SIGNATURE,Social Security System(SSS),sss,2025-11-13 11:57:00,FOR SSS UNEMPLOYMENT BENEFITS,CLOSED,https://www.foi.gov.ph/agencies/sss/e-signature-sss-830868755948/,GOCC,Q4,unsuccessful,459,107,4.289719626168225
PNP-705690853282,"PNP ACG Santiago City, Isabela Annual Accomplishments of 2024",Philippine National Police(PNP),pnp,2025-11-13 12:50:00,For general public reference,DENIED,https://www.foi.gov.ph/agencies/pnp/pnp-acg-santiago-city-isabela-annual-accomplishments-of-2024-pnp-705690853282/,LEA,Q4,unsuccessful,109,91,1.1978021978021978
PNR-827411853430,Monthly Ridership Data of the PNR Metro Commuter Line form 2015-2025,Philippine National Railways(PNR),pnr,2025-11-13 13:46:00,Academic Research,SUCCESSFUL,https://www.foi.gov.ph/agencies/pnr/monthly-ridership-data-of-the-pnr-metro-commuter-line-form-2015-2025/,GOCC,Q4,successful,459,107,4.289719626168225
LRTA-169827232798,Requesting for the Ridership Data of LRT1 and LRT2,Light Rail Transit Authority(LRTA),lrta,2025-11-13 13:51:00,Academic Research,SUCCESSFUL,https://www.foi.gov.ph/agencies/lrta/requesting-for-the-ridership-data-of-lrt1-and-lrt2/,GOCC,Q4,successful,459,107,4.289719626168225
UPPGH-015886434649,PGH flow charts and organizational charts,University of the Philippines - Philippine General Hospital(UPPGH),uppgh,2025-11-13 14:27:00,Architectural Thesis,SUCCESSFUL,https://www.foi.gov.ph/agencies/uppgh/pgh-flow-charts-and-organizational-charts/,SUC,Q4,successful,81,71,1.1408450704225352
JHMC-829191424598,Tree Inventory,John Hay Management Corporation(JHMC),jhmc,2025-11-13 15:39:00,"Research, Thesis Capstone",SUCCESSFUL,https://www.foi.gov.ph/agencies/jhmc/tree-inventory/,GOCC,Q4,successful,459,107,4.289719626168225
PNP-876008866367,"Statistics of CWUDs, CAR, Drug Abusers from 2024-Present",Philippine National Police(PNP),pnp,2025-11-13 15:43:00,Research and development,DENIED,https://www.foi.gov.ph/agencies/pnp/statistics-of-cwuds-car-drug-abusers-from-2024-present/,LEA,Q4,unsuccessful,109,91,1.1978021978021978
NBI-968946535533,Request for Investigation for Stolen Laptop,National Bureau of Investigation(NBI),nbi,2025-11-13 21:02:00,Investigation and trying to get my laptop back if possible,DENIED,https://www.foi.gov.ph/agencies/nbi/request-for-investigation-for-stolen-laptop/,NGA,Q4,unsuccessful,3945,97,40.670103092783506
CIC-816226410133,karen fabriga,Credit Information Corporation(CIC),cic,2025-11-13 21:33:00,To clear explanation of my credit,CLOSED,https://www.foi.gov.ph/agencies/cic/karen-fabriga/,GOCC,Q4,unsuccessful,459,107,4.289719626168225
USAP-505081929303,Diabetes Mellitus Census in Pasig City,"City of Pasig, NCR(USAP)",usap,2025-11-14 08:37:00,Academic Research Study,PARTIALLY SUCCESSFUL,https://www.foi.gov.ph/agencies/usap/diabetes-mellitus-census-in-pasig-city/,LGU,Q4,partially successful,59,59,1.0
ACWD-205514400495,Water District Information Request,Alaminos City Water District(ACWD),acwd,2025-11-14 11:28:00,For Master's Thesis,CLOSED,https://www.foi.gov.ph/agencies/acwd/water-district-information-request/,WATER-DISTRICT,Q4,unsuccessful,88,88,1.0
UPLB-357805942865,list,University of the Philippines Los Banos(UPLB),uplb,2025-11-14 12:53:00,Sampling procedure for a thesis,DENIED,https://www.foi.gov.ph/agencies/uplb/list-uplb-357805942865/,SUC,Q4,unsuccessful,81,71,1.1408450704225352
DOH-562325476859,Weekly number of dengue cases per region/NCR from 2010-2024,Department of Health(DOH),doh,2025-11-14 14:59:00,Thesis / Research,SUCCESSFUL,https://www.foi.gov.ph/agencies/doh/weekly-number-of-dengue-cases-per-regionncr-from-2010-2024/,NGA,Q4,successful,3945,97,40.670103092783506
DENREMB-239716518643,Groundwater Level Forecasting Parameters,Environmental Management Bureau(DENREMB),denremb,2025-11-14 16:08:00,Will be used as historical data in my thesis about groundwater level forecasting.,DENIED,https://www.foi.gov.ph/agencies/denremb/groundwater-level-forecasting-parameters-denremb-239716518643/,NGA,Q4,unsuccessful,3945,97,40.670103092783506
BAI-245779443837,"Request for List of Broiler Farms Operating in Porac, Pampanga",Bureau of Animal Industry(BAI),bai,2025-11-14 16:44:00,"Research, thesis",PENDING,https://www.foi.gov.ph/agencies/bai/request-for-list-of-broiler-farms-operating-in-porac-pampanga/,NGA,Q4,open,3945,97,40.670103092783506
METCEBWD-639733172200,Buhisan DAM data,Metropolitan Cebu Water District(METCEBWD),metcebwd,2025-11-15 05:44:00,Undergraduate thesis,ACCEPTED,https://www.foi.gov.ph/agencies/metcebwd/buhisan-dam-data/,WATER-DISTRICT,Q4,open,88,88,1.0
UPD-550447423287,UP-owned lots,University of the Philippines Diliman(UPD),upd,2025-11-15 22:22:00,for my architectural thesis (bachelor's),CLOSED,https://www.foi.gov.ph/agencies/upd/up-owned-lots/,SUC,Q4,unsuccessful,81,71,1.1408450704225352
PRC-207666762981,TOTAL NUMBER OF LICENSED MENTAL HEALTH PROFESSIONALS IN CAVITE AND PHILIPPINES,Professional Regulation Commission(PRC),prc,2025-11-16 21:07:00,The requested data will be used solely for academic research purposes as part of our undergraduate thesis.,SUCCESSFUL,https://www.foi.gov.ph/agencies/prc/total-number-of-licensed-mental-health-professionals-in-cavite-and-philippines/,NGA,Q4,successful,3945,97,40.670103092783506
METCEBWD-528629939180,Buhisan Dam silt waterlevel operation,Metropolitan Cebu Water District(METCEBWD),metcebwd,2025-11-16 22:08:00,Thesis research,ACCEPTED,https://www.foi.gov.ph/agencies/metcebwd/buhisan-dam-silt-waterlevel-operation/,WATER-DISTRICT,Q4,open,88,88,1.0
DENRLMB-124804828087,Hydrologic Soil Group Map of Metro Cebu,Land Management Bureau(DENRLMB),denrlmb,2025-11-16 22:47:00,Undergraduate Thesis,SUCCESSFUL,https://www.foi.gov.ph/agencies/denrlmb/hydrologic-soil-group-map-of-metro-cebu/,NGA,Q4,successful,3945,97,40.670103092783506
DOH-308575707313,POC Floor Plans,Department of Health(DOH),doh,2025-11-17 01:40:00,Architectural Thesis,DENIED,https://www.foi.gov.ph/agencies/doh/poc-floor-plans/,NGA,Q4,unsuccessful,3945,97,40.670103092783506
PNP-253706337086,Anti-drug Enforcement Data from 2000-2024,Philippine National Police(PNP),pnp,2025-11-17 01:54:00,Undergraduate Thesis,SUCCESSFUL,https://www.foi.gov.ph/agencies/pnp/anti-drug-enforcement-data-from-2000-2024/,LEA,Q4,successful,109,91,1.1978021978021978
PICC-299962931325,Floorplan of PICC,Philippine International Convention Center(PICC),picc,2025-11-17 09:54:00,Architectural thesis,PENDING,https://www.foi.gov.ph/agencies/picc/floorplan-of-picc/,GOCC,Q4,open,459,107,4.289719626168225
EARIST-082161550174,Total Number of Students in Manila,Eulogio Amang Rodriguez Institute of Science and Technology(EARIST),earist,2025-11-17 10:25:00,The requested data will be used as part of our thesis studying about college students' behavior in Manila. The information will served as a basis for computing the required sample size and ensuring the validity and reliability of the study's sampling process.,SUCCESSFUL,https://www.foi.gov.ph/agencies/earist/total-number-of-students-in-manila-earist-082161550174/,SUC,Q4,successful,81,71,1.1408450704225352
PNP-782326666344,Accomplishment on the Campaign Agianst Illegal Drugs,Philippine National Police(PNP),pnp,2025-11-17 11:40:00,The purpose of this data is to highlight the Occidental Mindoro PNP's fight against illegal drugs.,SUCCESSFUL,https://www.foi.gov.ph/agencies/pnp/accomplishment-on-the-campaign-agianst-illegal-drugs/,LEA,Q4,successful,109,91,1.1978021978021978
MVWD-979320469478,Request for Information on MVWD,METRO VIGAN WATER DISTRICT(MVWD),mvwd,2025-11-17 14:02:00,For use in Master's Thesis,PENDING,https://www.foi.gov.ph/agencies/mvwd/request-for-information-on-mvwd/,WATER-DISTRICT,Q4,open,88,88,1.0
SRA-674843531170,Importation of Molasses,Sugar Regulatory Administration(SRA),sra,2025-11-17 16:20:00,Research and Literature Review,SUCCESSFUL,https://www.foi.gov.ph/agencies/sra/importation-of-molasses/,GOCC,Q4,successful,459,107,4.289719626168225
CAAP-369089065111,Sayak (Siargao) Airport,Civil Aviation Authority of the Philippines(CAAP),caap,2025-11-17 16:41:00,Architectural Research,SUCCESSFUL,https://www.foi.gov.ph/agencies/caap/sayak-siargao-airport/,GOCC,Q4,successful,459,107,4.289719626168225
BCDA-915851779311,Hi! I would like to request for information regarding on my ongoing projects and completed projects under BCDA Projects. Thank you,Bases Conversion and Development Authority(BCDA),bcda,2025-11-17 20:39:00,Request for information on my ongoing projects and completed projects under Bcda projects,SUCCESSFUL,https://www.foi.gov.ph/agencies/bcda/hi-i-would-like-to-request-for-information-regarding-on-my-ongoing-projects-and-completed-projects-under-bcda-projects-thank-you/,GOCC,Q4,successful,459,107,4.289719626168225
CARSU-402591979126,data of enrolled students for A.Y 2024-2025,Caraga State University(CARSU),carsu,2025-11-17 20:45:00,data gathering for thesis,SUCCESSFUL,https://www.foi.gov.ph/agencies/carsu/data-of-enrolled-students-for-ay-2024-2025/,SUC,Q4,successful,81,71,1.1408450704225352
UPLB-074631365064,Data Request for Thesis,University of the Philippines Los Banos(UPLB),uplb,2025-11-17 22:02:00,Data for my Thesis,ACCEPTED,https://www.foi.gov.ph/agencies/uplb/data-request-for-thesis-uplb-074631365064/,SUC,Q4,open,81,71,1.1408450704225352
UPD-537699740983,UP Diliman LUPID,University of the Philippines Diliman(UPD),upd,2025-11-18 07:10:00,Undergraduate Thesis,DENIED,https://www.foi.gov.ph/agencies/upd/up-diliman-lupid/,SUC,Q4,unsuccessful,81,71,1.1408450704225352
PSA-687743912918,Market Data for Ethylene Vinyl Acetate,Philippine Statistics Authority(PSA),psa,2025-11-18 09:29:00,Research and Development,PARTIALLY SUCCESSFUL,https://www.foi.gov.ph/agencies/psa/market-data-for-ethylene-vinyl-acetate/,NGA,Q4,partially successful,3945,97,40.670103092783506
CARSU-165296291827,"request for student, faculty and staff email, ID number, and program",Caraga State University(CARSU),carsu,2025-11-18 09:54:00,Architecture undergraduate thesis,DENIED,https://www.foi.gov.ph/agencies/carsu/request-for-student-faculty-and-staff-email-id-number-and-program/,SUC,Q4,unsuccessful,81,71,1.1408450704225352
DOT-975236570338,Request for Latest Data on Tourist Arrivals and Tourism Receipts in Mindanao Regions,Department of Tourism(DOT),dot,2025-11-18 11:10:00,Senate Budget Hearing,PARTIALLY SUCCESSFUL,https://www.foi.gov.ph/agencies/dot/request-for-latest-data-on-tourist-arrivals-and-tourism-receipts-in-mindanao-regions/,NGA,Q4,partially successful,3945,97,40.670103092783506
DENRNAMRIA-003730361241,Request for GIS Spatial Data for Academic Research,National Mapping and Resource Information Authority(DENRNAMRIA),denrnamria,2025-11-18 13:45:00,For Master's Degree Thesis Purposes.,DENIED,https://www.foi.gov.ph/agencies/denrnamria/request-for-gis-spatial-data-for-academic-research-denrnamria-003730361241/,NGA,Q4,unsuccessful,3945,97,40.670103092783506
PNP-244214606581,Top cities with highest crime in the Philippines over years.,Philippine National Police(PNP),pnp,2025-11-18 14:24:00,Research Development for Masters Degree,SUCCESSFUL,https://www.foi.gov.ph/agencies/pnp/top-cities-with-highest-crime-in-the-philippines-over-years/,LEA,Q4,successful,109,91,1.1978021978021978
PNP-131886460569,Crime rate around NCR,Philippine National Police(PNP),pnp,2025-11-18 16:30:00,Research and Analysis,DENIED,https://www.foi.gov.ph/agencies/pnp/crime-rate-around-ncr/,LEA,Q4,unsuccessful,109,91,1.1978021978021978
NHA-764260168730,Updated Building Cost of NHA Standard Housing Models,National Housing Authority(NHA),nha,2025-11-18 23:03:00,For undergraduate thesis research.,SUCCESSFUL,https://www.foi.gov.ph/agencies/nha/updated-building-cost-of-nha-standard-housing-models/,GOCC,Q4,successful,459,107,4.289719626168225
CAAP-728559984759,Request for Public Records - Sayak Airport,Civil Aviation Authority of the Philippines(CAAP),caap,2025-11-19 00:05:00,"Request for Public Records - Sayak Airport (Land, Environmental, Survey, and Other Related Documents)",SUCCESSFUL,https://www.foi.gov.ph/agencies/caap/request-for-public-records-sayak-airport/,GOCC,Q4,successful,459,107,4.289719626168225
CAAP-653471356914,Siargao Sayak Airport Data,Civil Aviation Authority of the Philippines(CAAP),caap,2025-11-19 00:12:00,"Request for Public Records - Siargao Sayak Airport (Land, Environmental, Survey, and Other Related Documents)",SUCCESSFUL,https://www.foi.gov.ph/agencies/caap/siargao-sayak-airport-data/,GOCC,Q4,successful,459,107,4.289719626168225
MANGWD-894079216313,"TOTAL WATER SUPPLY (Mangaldan, Pangasinan)",Mangaldan Water District(MANGWD),mangwd,2025-11-19 02:31:00,Undergraduate Thesis - BS Civil Engineering,SUCCESSFUL,https://www.foi.gov.ph/agencies/mangwd/total-water-supply-mangaldan-pangasinan/,WATER-DISTRICT,Q4,successful,88,88,1.0
BFP-713019458188,Total number of fire incidents and fire investigators,Bureau of Fire Protection(BFP),bfp,2025-11-19 08:41:00,Research purposes,PARTIALLY SUCCESSFUL,https://www.foi.gov.ph/agencies/bfp/total-number-of-fire-incidents-and-fire-investigators/,NGA,Q4,partially successful,3945,97,40.670103092783506
MLWD-149944732075,Request for Groundwater well data,Metro Lipa Water District(MLWD),mlwd,2025-11-19 13:21:00,Groundwater resource assessment,PENDING,https://www.foi.gov.ph/agencies/mlwd/request-for-groundwater-well-data/,WATER-DISTRICT,Q4,open,88,88,1.0
DENREMB-036336909759,ECC and EIS Summary Request for Dredging of Agno River,Environmental Management Bureau(DENREMB),denremb,2025-11-19 15:06:00,Research and article,PENDING,https://www.foi.gov.ph/agencies/denremb/ecc-and-eis-summary-request-for-dredging-of-agno-river/,NGA,Q4,open,3945,97,40.670103092783506
PHLPost-321109927463,"Postcode list complete with Barangay, City, and Province",Philippine Postal Corporation(PHLPost),phlpost,2025-11-19 18:01:00,Research and Development,SUCCESSFUL,https://www.foi.gov.ph/agencies/phlpost/postcode-list-complete-with-barangay-city-and-province/,GOCC,Q4,successful,459,107,4.289719626168225
MGB-161541821867,Geo Hazard Map for Brgy Quilo Quilo South Padre Garcia Batangas City,Mines and Geosciences Bureau(MGB),mgb,2025-11-19 21:33:00,Research and Design Consideration of Proposed subdivision,PARTIALLY SUCCESSFUL,https://www.foi.gov.ph/agencies/mgb/geo-hazard-map-for-brgy-quilo-quilo-south-padre-garcia-batangas-city/,NGA,Q4,partially successful,3945,97,40.670103092783506
PNP-600444768070,Data Request,Philippine National Police(PNP),pnp,2025-11-19 22:12:00,"Our team is currently conducting a research study about cybercrime or digital scams, and this data set. is essential for our analysis. Thank you!",DENIED,https://www.foi.gov.ph/agencies/pnp/data-request-pnp-600444768070/,LEA,Q4,unsuccessful,109,91,1.1978021978021978
NIA-986596427740,Irrigation map,National Irrigation Administration(NIA),nia,2025-11-20 07:06:00,Undergraduate research,SUCCESSFUL,https://www.foi.gov.ph/agencies/nia/irrigation-map-nia-986596427740/,GOCC,Q4,successful,459,107,4.289719626168225
SJOMWD-425476919881,Water resources map and data,San Jose (Occidental Mindoro) Water District(SJOMWD),sjomwd,2025-11-20 07:13:00,Undergraduate research,PENDING,https://www.foi.gov.ph/agencies/sjomwd/water-resources-map-and-data/,WATER-DISTRICT,Q4,open,88,88,1.0
MANGWD-525573550356,MANGALDAN 2024 WATER SUPPLY AND CONSUMPTION,Mangaldan Water District(MANGWD),mangwd,2025-11-20 08:59:00,Thesis - Bs Civil Engineering,SUCCESSFUL,https://www.foi.gov.ph/agencies/mangwd/mangaldan-2024-water-supply-and-consumption/,WATER-DISTRICT,Q4,successful,88,88,1.0
PIWAD-404056827487,Request for Waterline Layout of Pililla Rizal,Pililla Water District(PIWAD),piwad,2025-11-20 10:17:00,Data is for research purposes only and will be used as reference for a requirement in our Architectural Design 5 subject.,SUCCESSFUL,https://www.foi.gov.ph/agencies/piwad/request-for-waterline-layout-of-pililla-rizal/,WATER-DISTRICT,Q4,successful,88,88,1.0
PNP-036843524032,illegal drugs,Philippine National Police(PNP),pnp,2025-11-20 18:52:00,To my requirment to my thesis,PARTIALLY SUCCESSFUL,https://www.foi.gov.ph/agencies/pnp/illegal-drugs/,LEA,Q4,partially successful,109,91,1.1978021978021978
PHRA-294274208780,the ratio of foreign retiree's over local retiree's in Tagaytay,Philippine Retirement Authority(PHRA),phra,2025-11-21 01:17:00,Architectural Thesis,PARTIALLY SUCCESSFUL,https://www.foi.gov.ph/agencies/phra/the-ratio-of-foreign-retirees-over-local-retirees-in-tagaytay/,GOCC,Q4,partially successful,459,107,4.289719626168225
BCDA-192538929387,Map of New Clark CIty,Bases Conversion and Development Authority(BCDA),bcda,2025-11-21 09:25:00,Undergraduate Thesis,CLOSED,https://www.foi.gov.ph/agencies/bcda/map-of-new-clark-city/,GOCC,Q4,unsuccessful,459,107,4.289719626168225
PRC-490315567228,Template and Sample Format of the Three-Year Annual Plan of Proposed CPD Programs,Professional Regulation Commission(PRC),prc,2025-11-21 09:56:00,Application as a CPD Program Provider,SUCCESSFUL,https://www.foi.gov.ph/agencies/prc/template-and-sample-format-of-the-three-year-annual-plan-of-proposed-cpd-programs/,NGA,Q4,successful,3945,97,40.670103092783506
ESCWD-886014304266,Data Request on Operational and Financial Performance,Escalante Water District(ESCWD),escwd,2025-11-21 16:12:00,For use in Mater's Thesis,PENDING,https://www.foi.gov.ph/agencies/escwd/data-request-on-operational-and-financial-performance/,WATER-DISTRICT,Q4,open,88,88,1.0
PSA-554794620114,number of households,Philippine Statistics Authority(PSA),psa,2025-11-21 23:51:00,techno-economic analysis thesis,SUCCESSFUL,https://www.foi.gov.ph/agencies/psa/number-of-households/,NGA,Q4,successful,3945,97,40.670103092783506
PSA-397721154568,REQUEST FOR MY NATIONAL ID TRACKING NUMBER,Philippine Statistics Authority(PSA),psa,2025-11-22 01:39:00,For my Government Valid Id process,PARTIALLY SUCCESSFUL,https://www.foi.gov.ph/agencies/psa/request-for-my-national-id-tracking-number/,NGA,Q4,partially successful,3945,97,40.670103092783506
PNP-182921859545,"Road Accident Data in Brgy. Mayamot, Antipolo City",Philippine National Police(PNP),pnp,2025-11-23 01:12:00,Academic paper,SUCCESSFUL,https://www.foi.gov.ph/agencies/pnp/road-accident-data-in-brgy-mayamot-antipolo-city/,LEA,Q4,successful,109,91,1.1978021978021978
PFDA-394884109153,fishport facilities sizes and allocations,Philippine Fisheries Development Authority(PFDA),pfda,2025-11-23 10:17:00,Thesis Purposes,SUCCESSFUL,https://www.foi.gov.ph/agencies/pfda/fishport-facilities-sizes-and-allocations/,GOCC,Q4,successful,459,107,4.289719626168225
PNP-683071017179,Road Accidents in Pangasinan,Philippine National Police(PNP),pnp,2025-11-23 12:14:00,for my Research in Doctor of Information Technology Journey.,SUCCESSFUL,https://www.foi.gov.ph/agencies/pnp/road-accidents-in-pangasinan/,LEA,Q4,successful,109,91,1.1978021978021978
PhilRice-354416463557,"Farming data of San Jose, Occidental Mindoro",Philippine Rice Research Institute(PhilRice),philrice,2025-11-24 06:24:00,Undergraduate research,PARTIALLY SUCCESSFUL,https://www.foi.gov.ph/agencies/philrice/farming-data-of-san-jose-occidental-mindoro/,GOCC,Q4,partially successful,459,107,4.289719626168225
CGA-295636655761,Number of Registered Medical Technology,"City of Antipolo, Region IV-A(CGA)",cga,2025-11-24 08:12:00,Research purposes for Medical Technology Students in Our Lady of Fatima University,PENDING,https://www.foi.gov.ph/agencies/cga/number-of-registered-medical-technology/,LGU,Q4,open,59,59,1.0
CGA-425196462592,Land Use And Development Plans of Antipolo City,"City of Antipolo, Region IV-A(CGA)",cga,2025-11-24 09:04:00,Academic Research,PENDING,https://www.foi.gov.ph/agencies/cga/land-use-and-development-plans-of-antipolo-city/,LGU,Q4,open,59,59,1.0
SSS-830290352805,Certificate of Involuntary Separation for SSS,Social Security System(SSS),sss,2025-11-24 14:25:00,to received my sss unemployment benefit,REFERRED,https://www.foi.gov.ph/agencies/sss/certificate-of-involuntary-separation-for-sss-sss-830290352805/,GOCC,Q4,referred,459,107,4.289719626168225
USEP-679728169307,Usep graduates,University of Southeastern Philippines(USEP),usep,2025-11-24 19:09:00,Research and education,SUCCESSFUL,https://www.foi.gov.ph/agencies/usep/usep-graduates/,SUC,Q4,successful,81,71,1.1408450704225352
USEP-377557336202,Number of graduates,University of Southeastern Philippines(USEP),usep,2025-11-24 20:20:00,Research and development,SUCCESSFUL,https://www.foi.gov.ph/agencies/usep/number-of-graduates-usep-377557336202/,SUC,Q4,successful,81,71,1.1408450704225352
MLWD-772664240761,Unit Cost per Consumption in Cubic Meters,Metro Lipa Water District(MLWD),mlwd,2025-11-25 01:04:00,Undergraduate Thesis,PENDING,https://www.foi.gov.ph/agencies/mlwd/unit-cost-per-consumption-in-cubic-meters/,WATER-DISTRICT,Q4,open,88,88,1.0
PNP-366000400894,Available Anti-Drug Enforcement Data (2002-2024),Philippine National Police(PNP),pnp,2025-11-25 02:31:00,Undergraduate Thesis,SUCCESSFUL,https://www.foi.gov.ph/agencies/pnp/available-anti-drug-enforcement-data-2002-2024/,LEA,Q4,successful,109,91,1.1978021978021978
MLWD-040431575280,Groundwater Point Source Data Request,Metro Lipa Water District(MLWD),mlwd,2025-11-25 02:54:00,Suitability Analysis for Landfill Site Locations,PENDING,https://www.foi.gov.ph/agencies/mlwd/groundwater-point-source-data-request/,WATER-DISTRICT,Q4,open,88,88,1.0
DOH-635056389803,Data of Maternal Mortality Rate in Trece Martires Cavite from 2021-2025,Department of Health(DOH),doh,2025-11-25 09:51:00,Research about Level of Awareness and Utilization of NSMP in Cavite.,SUCCESSFUL,https://www.foi.gov.ph/agencies/doh/data-of-maternal-mortality-rate-in-trece-martires-cavite-from-2021-2025/,NGA,Q4,successful,3945,97,40.670103092783506
TARCWD-379865522987,Demand for Immediate Action on Pending Water Installation,Tarlac City Water District(TARCWD),tarcwd,2025-11-25 10:03:00,TO FOLLOW-UP DELAYED WATER INSTALLATION,DENIED,https://www.foi.gov.ph/agencies/tarcwd/demand-for-immediate-action-on-pending-water-installation/,WATER-DISTRICT,Q4,unsuccessful,88,88,1.0
USEP-222673891158,Copy of Special Orders,University of Southeastern Philippines(USEP),usep,2025-11-25 10:24:00,For the Course Catalogue,SUCCESSFUL,https://www.foi.gov.ph/agencies/usep/copy-of-special-orders/,SUC,Q4,successful,81,71,1.1408450704225352
PSC-069221639713,Design Standard for Sports Facilities,Philippine Sports Commission(PSC),psc,2025-11-25 12:23:00,Research and Development,SUCCESSFUL,https://www.foi.gov.ph/agencies/psc/design-standard-for-sports-facilities/,NGA,Q4,successful,3945,97,40.670103092783506
CARWD-176762976868,Operational and Financial Performance of CARWD,Carmona Water District(CARWD),carwd,2025-11-25 13:29:00,For use in Master's Thesis,SUCCESSFUL,https://www.foi.gov.ph/agencies/carwd/operational-and-financial-performance-of-carwd/,WATER-DISTRICT,Q4,successful,88,88,1.0
USAP-871123482154,Structural Plan of Concepcion Mansion (Pasig Museum),"City of Pasig, NCR(USAP)",usap,2025-11-25 20:48:00,Capstone Design Project,PARTIALLY SUCCESSFUL,https://www.foi.gov.ph/agencies/usap/structural-plan-of-concepcion-mansion-pasig-museum-usap-871123482154/,LGU,Q4,partially successful,59,59,1.0
METCEBWD-090833300084,FOI Request for Documents on the Implementation of the Cebu Provincial Water Code (Ordinance No. 2021-01),Metropolitan Cebu Water District(METCEBWD),metcebwd,2025-11-26 13:32:00,Research for a plicy paper,DENIED,https://www.foi.gov.ph/agencies/metcebwd/foi-request-for-documents-on-the-implementation-of-the-cebu-provincial-water-code-ordinance-no-2021-01/,WATER-DISTRICT,Q4,unsuccessful,88,88,1.0
PSA-478248667579,certfication,Philippine Statistics Authority(PSA),psa,2025-11-26 15:01:00,To know if there is a certificate of no marriage,PARTIALLY SUCCESSFUL,https://www.foi.gov.ph/agencies/psa/certfication/,NGA,Q4,partially successful,3945,97,40.670103092783506
NIA-694496379296,Irrigation Infrastucture Distribution of the Municipality of San Ildefonso Bulacan,National Irrigation Administration(NIA),nia,2025-11-26 20:03:00,Research & Development,SUCCESSFUL,https://www.foi.gov.ph/agencies/nia/irrigation-infrastucture-distribution-of-the-municipality-of-san-ildefonso-bulacan/,GOCC,Q4,successful,459,107,4.289719626168225
PSA-519789932623,8 Index Crime 2004-2024 in North Cotabato,Philippine Statistics Authority(PSA),psa,2025-11-26 23:50:00,Thesis Purposes,SUCCESSFUL,https://www.foi.gov.ph/agencies/psa/8-index-crime-2004-2024-in-north-cotabato/,NGA,Q4,successful,3945,97,40.670103092783506
EARIST-325769410640,"Mabalacat City, Pampanga CLUP, CDP, and Zoning Map etc.",Eulogio Amang Rodriguez Institute of Science and Technology(EARIST),earist,2025-11-27 03:22:00,for research purpose,REFERRED,https://www.foi.gov.ph/agencies/earist/mabalacat-city-pampanga-clup-cdp-and-zoning-map-etc-earist-325769410640/,SUC,Q4,referred,81,71,1.1408450704225352
EARIST-697790802651,Clark Freeport Zone Development,Eulogio Amang Rodriguez Institute of Science and Technology(EARIST),earist,2025-11-27 03:41:00,for research purposes,REFERRED,https://www.foi.gov.ph/agencies/earist/clark-freeport-zone-development/,SUC,Q4,referred,81,71,1.1408450704225352
USAP-748338605186,"Tahanan ng Pagmamahal Children’s Home, Inc. Floor Plan","City of Pasig, NCR(USAP)",usap,2025-11-27 04:36:00,Interior Design Thesis,SUCCESSFUL,https://www.foi.gov.ph/agencies/usap/tahanan-ng-pagmamahal-childrens-home-inc-floor-plan-usap-748338605186/,LGU,Q4,successful,59,59,1.0
MANGWD-690434124311,2024 MANGALDAN WATER SUPPLY,Mangaldan Water District(MANGWD),mangwd,2025-11-27 11:02:00,Thesis - Civil Engineering,SUCCESSFUL,https://www.foi.gov.ph/agencies/mangwd/2024-mangaldan-water-supply/,WATER-DISTRICT,Q4,successful,88,88,1.0
BCWD-279037481639,Taguibo watershed water quality data,Butuan City Water District(BCWD),bcwd,2025-11-27 11:23:00,This is needed for our graduate studies research.,SUCCESSFUL,https://www.foi.gov.ph/agencies/bcwd/taguibo-watershed-water-quality-data/,WATER-DISTRICT,Q4,successful,88,88,1.0
PANIWD-189688191552,The Water Runs Dry: Local Water Districts’ Termination of Joint Ventures with PrimeWater,Paniqui Water District(PANIWD),paniwd,2025-11-27 11:46:00,"Data story as part of our final requirement for our course, Data Journalism",CLOSED,https://www.foi.gov.ph/agencies/paniwd/the-water-runs-dry-local-water-districts-termination-of-joint-ventures-with-primewater/,WATER-DISTRICT,Q4,unsuccessful,88,88,1.0
OSHC-138320662219,BOSH SO2 CERTIFICATE,Occupational Safety And Health Center(OSHC),oshc,2025-11-27 17:44:00,Use as a proof to be appointed as a Safety Officer to our company.,SUCCESSFUL,https://www.foi.gov.ph/agencies/oshc/bosh-so2-certificate/,GOCC,Q4,successful,459,107,4.289719626168225
PNP-498946457877,freedom of information.,Philippine National Police(PNP),pnp,2025-11-27 21:52:00,Personal use.,SUCCESSFUL,https://www.foi.gov.ph/agencies/pnp/freedom-of-information-pnp-498946457877/,LEA,Q4,successful,109,91,1.1978021978021978
PNP-322627677858,FOI request #PNP-648551868999,Philippine National Police(PNP),pnp,2025-11-27 22:04:00,Personal use.,SUCCESSFUL,https://www.foi.gov.ph/agencies/pnp/foi-request-pnp-648551868999/,LEA,Q4,successful,109,91,1.1978021978021978
TIEZA-032950011613,Architectural documents for research,Tourism Infrastructure and Enterprise Zone Authority(TIEZA),tieza,2025-11-28 09:06:00,These data will be utilized as part of research for architectural thesis regarding MICE venues,ACCEPTED,https://www.foi.gov.ph/agencies/tieza/architectural-documents-for-research/,GOCC,Q4,open,459,107,4.289719626168225
PNP-414570852372,Chronological records of all road accidents involving Public Utility Bus (PUB) in North Luzon from the year 2000 to 2025.,Philippine National Police(PNP),pnp,2025-11-28 11:10:00,Academic Requirement,SUCCESSFUL,https://www.foi.gov.ph/agencies/pnp/chronological-records-of-all-road-accidents-involving-public-utility-bus-pub-in-north-luzon-from-the-year-2000-to-2025-pnp-414570852372/,LEA,Q4,successful,109,91,1.1978021978021978
HDMF-144146952973,MSC CODE PAG-IBIG FUND,Home Development Mutual Fund/Pag-IBIG Fund(HDMF),hdmf,2025-11-28 15:25:00,Pag-IBIG MSB CODE,CLOSED,https://www.foi.gov.ph/agencies/hdmf/msc-code-pag-ibig-fund/,GOCC,Q4,unsuccessful,459,107,4.289719626168225
PNP-807587144349,8 Index Crime Trends in North Cotabato 2004-2024,Philippine National Police(PNP),pnp,2025-11-29 10:30:00,Thesis Purposes,SUCCESSFUL,https://www.foi.gov.ph/agencies/pnp/8-index-crime-trends-in-north-cotabato-2004-2024/,LEA,Q4,successful,109,91,1.1978021978021978
BATSU-195324150515,Marine Biologists and Scientists,Batangas State University(BATSU),batsu,2025-11-30 07:40:00,Thesis Research,REFERRED,https://www.foi.gov.ph/agencies/batsu/marine-biologists-and-scientists/,SUC,Q4,referred,81,71,1.1408450704225352
USAP-900751824792,"Current CLUP, LDIP, CDP of Pasig City","City of Pasig, NCR(USAP)",usap,2025-12-01 09:39:00,capstone project,SUCCESSFUL,https://www.foi.gov.ph/agencies/usap/current-clup-ldip-cdp-of-pasig-city/,LGU,Q4,successful,59,59,1.0
TSU-132716172430,tarlac state university certificate of program compliance,Tarlac State University(TSU),tsu,2025-12-01 11:07:00,Pre-requisite of claiming for Notice of Admission (NOA) for board exam,CLOSED,https://www.foi.gov.ph/agencies/tsu/tarlac-state-university-certificate-of-program-compliance/,SUC,Q4,unsuccessful,81,71,1.1408450704225352
HDMF-517108530094,ESAV REQUEST,Home Development Mutual Fund/Pag-IBIG Fund(HDMF),hdmf,2025-12-01 12:55:00,for Housing Loan,DENIED,https://www.foi.gov.ph/agencies/hdmf/esav-request-hdmf-517108530094/,GOCC,Q4,unsuccessful,459,107,4.289719626168225
DOH-258070113235,"Data and Number of Lying-in Clinics in Dasmarinas City, Cavite from 2021-2025",Department of Health(DOH),doh,2025-12-01 19:07:00,research about perceived effectiveness of non-pharmacological pain management techniques during labor among multiparous mothers in Lying-in Clinics in Dasmarinas Cavite,SUCCESSFUL,https://www.foi.gov.ph/agencies/doh/data-and-number-of-lying-in-clinics-in-dasmarinas-city-cavite-from-2021-2025/,NGA,Q4,successful,3945,97,40.670103092783506
CGA-746258180294,Voter's certificate,"City of Antipolo, Region IV-A(CGA)",cga,2025-12-02 00:33:00,Voters ID needs replacement due to my ID are accidentally soaked in water.,SUCCESSFUL,https://www.foi.gov.ph/agencies/cga/voters-certificate-cga-746258180294/,LGU,Q4,successful,59,59,1.0
DMW-198822504916,total number of health care workers that migrated per year from 2020 to 2024,Department of Migrant Workers(DMW),dmw,2025-12-03 13:55:00,Research ad Development,SUCCESSFUL,https://www.foi.gov.ph/agencies/dmw/total-number-of-health-care-workers-that-migrated-per-year-from-2020-to-2024/,NGA,Q4,successful,3945,97,40.670103092783506
UPPGH-366013712555,PGH facts/figures 2019-2023,University of the Philippines - Philippine General Hospital(UPPGH),uppgh,2025-12-03 15:30:00,Architectural thesis,CLOSED,https://www.foi.gov.ph/agencies/uppgh/pgh-factsfigures-2019-2023/,SUC,Q4,unsuccessful,81,71,1.1408450704225352
UPM-936141449951,College of Medicine Building Floor Plans,University of the Philippines Manila(UPM),upm,2025-12-03 18:39:00,Architectural Thesis,SUCCESSFUL,https://www.foi.gov.ph/agencies/upm/college-of-medicine-building-floor-plans/,SUC,Q4,successful,81,71,1.1408450704225352
PPA-742220286363,Data Request on Berth Utilization (The Ratio of a Vessel's Occupancy Time to the Total Time Alloted) for the Years 2014-2023,Philippine Ports Authority(PPA),ppa,2025-12-03 20:07:00,Research and Development,SUCCESSFUL,https://www.foi.gov.ph/agencies/ppa/data-request-on-berth-utilization-the-ratio-of-a-vessels-occupancy-time-to-the-total-time-alloted-for-the-years-2014-2023/,GOCC,Q4,successful,459,107,4.289719626168225
LGUTAYTAY-918554600882,Taytay Municipal College,Municipality Government of Taytay Province of Rizal(LGUTAYTAY),lgutaytay,2025-12-04 00:04:00,Architectural Thesis,PENDING,https://www.foi.gov.ph/agencies/lgutaytay/taytay-municipal-college/,LGU,Q4,open,59,59,1.0
NEA-588834674532,Monthly Interruption Reports for Year 2023 - Present,National Electrification Administration(NEA),nea,2025-12-04 11:58:00,Research and Development,SUCCESSFUL,https://www.foi.gov.ph/agencies/nea/monthly-interruption-reports-for-year-2023-present/,GOCC,Q4,successful,459,107,4.289719626168225
USAP-541691413029,"Request for CDP, LDIP, LDIS and maps for Architectural Thesis","City of Pasig, NCR(USAP)",usap,2025-12-04 16:35:00,Architectural Thesis,CLOSED,https://www.foi.gov.ph/agencies/usap/request-for-cdp-ldip-ldis-and-maps-for-architectural-thesis/,LGU,Q4,unsuccessful,59,59,1.0
NTC-202077391587,Affidavit of lost sim card,National Telecommunications Commission(NTC),ntc,2025-12-04 22:29:00,i have valuable accounts binded on the sim card i lost,DENIED,https://www.foi.gov.ph/agencies/ntc/affidavit-of-lost-sim-card-ntc-202077391587/,NGA,Q4,unsuccessful,3945,97,40.670103092783506
METCEBWD-126971416319,Barangay Service Area Per City/Municipality,Metropolitan Cebu Water District(METCEBWD),metcebwd,2025-12-05 13:34:00,For use in Master's Thesis,DENIED,https://www.foi.gov.ph/agencies/metcebwd/barangay-service-area-per-citymunicipality/,WATER-DISTRICT,Q4,unsuccessful,88,88,1.0
PNP-870732543137,Scammer Alert,Philippine National Police(PNP),pnp,2025-12-05 14:36:00,I want to punish the scammers,DENIED,https://www.foi.gov.ph/agencies/pnp/scammer-alert-pnp-870732543137/,LEA,Q4,unsuccessful,109,91,1.1978021978021978
NIA-127915033774,"Daily Discharge Measurements for Sta. Maria River Irrigation System (Sta. Maria, Laguna) – 1994 to 2025",National Irrigation Administration(NIA),nia,2025-12-06 03:49:00,Undergraduate Thesis,SUCCESSFUL,https://www.foi.gov.ph/agencies/nia/daily-discharge-measurements-for-sta-maria-river-irrigation-system-sta-maria-laguna-1994-to-2025-nia-127915033774/,GOCC,Q4,successful,459,107,4.289719626168225
CAAP-362891502161,Airport Data,Civil Aviation Authority of the Philippines(CAAP),caap,2025-12-06 21:14:00,Research and development,SUCCESSFUL,https://www.foi.gov.ph/en/agencies/caap/airport-data-caap-362891502161/,GOCC,Q4,successful,459,107,4.289719626168225
LIBI-280292053794,FLCD,"LBP (Land Bank of the Phil.) Insurance Brokerage, Inc. (LIBI)",libi,2025-12-07 06:33:00,Claim AKING karapatan ayon SA nabanggit SA batas,CLOSED,https://www.foi.gov.ph/agencies/libi/flcd-libi-280292053794/,GOCC,Q4,unsuccessful,459,107,4.289719626168225
CABCWD-487070251156,Request for Data on Operation and Financial Performance,Cabanatuan City Water District(CABCWD),cabcwd,2025-12-07 18:00:00,For use in Master's Thesis,SUCCESSFUL,https://www.foi.gov.ph/agencies/cabcwd/request-for-data-on-operation-and-financial-performance/,WATER-DISTRICT,Q4,successful,88,88,1.0
CGB-133786627181,Operational and Financial Performance of Batangas City Water District,CITY GOVERNMENT OF BATANGAS(CGB),cgb,2025-12-07 18:09:00,For use in master's thesis,SUCCESSFUL,https://www.foi.gov.ph/agencies/cgb/operational-and-financial-performance-of-batangas-city-water-district/,LGU,Q4,successful,59,59,1.0
MIWD-814119632974,Operational and Financial Performance Data,Metro Iloilo Water District(MIWD),miwd,2025-12-07 18:17:00,For use in Master's Thesis,CLOSED,https://www.foi.gov.ph/agencies/miwd/operational-and-financial-performance-data/,WATER-DISTRICT,Q4,unsuccessful,88,88,1.0
TARCWD-626403348279,Operational and Financial Performance Data,Tarlac City Water District(TARCWD),tarcwd,2025-12-07 18:25:00,For use in master's thesis,CLOSED,https://www.foi.gov.ph/agencies/tarcwd/operational-and-financial-performance-data-tarcwd-626403348279/,WATER-DISTRICT,Q4,unsuccessful,88,88,1.0
SPWD-792589804532,Operational and Financial Performance Data,SAN PEDRO WATER DISTRICT(SPWD),spwd,2025-12-07 18:49:00,For use in Master's Thesis,PENDING,https://www.foi.gov.ph/agencies/spwd/operational-and-financial-performance-data-spwd-792589804532/,WATER-DISTRICT,Q4,open,88,88,1.0
CMWD-110655578800,Operational and Financial Performance Data,City of Malolos Water District(CMWD),cmwd,2025-12-07 19:06:00,For use in Master's Thesis,PARTIALLY SUCCESSFUL,https://www.foi.gov.ph/agencies/cmwd/operational-and-financial-performance-data-cmwd-110655578800/,WATER-DISTRICT,Q4,partially successful,88,88,1.0
INWD-251994411461,Operational and Financial Performance Data,Ilocos Norte Water District(INWD),inwd,2025-12-07 19:23:00,For use in Master's thesis,PENDING,https://www.foi.gov.ph/agencies/inwd/operational-and-financial-performance-data-inwd-251994411461/,WATER-DISTRICT,Q4,open,88,88,1.0
USAP-729431858632,"City of Pasig, NCR(USAP)","City of Pasig, NCR(USAP)",usap,2025-12-07 19:30:00,Research for architectural design subject,SUCCESSFUL,https://www.foi.gov.ph/agencies/usap/city-of-pasig-ncrusap/,LGU,Q4,successful,59,59,1.0
TMCWD-848716853416,Operational and Financial Performance Data of TMCWD,Trece Martires City Water District(TMCWD),tmcwd,2025-12-07 19:37:00,For use in Master's Thesis,PENDING,https://www.foi.gov.ph/agencies/tmcwd/operational-and-financial-performance-data-of-tmcwd/,WATER-DISTRICT,Q4,open,88,88,1.0
ICWD-174147455046,Request for Data on Operational and Financial Performance of ICWD,Iriga City Water District(ICWD),irwd,2025-12-07 19:44:00,For use in master's thesis,SUCCESSFUL,https://www.foi.gov.ph/agencies/irwd/request-for-data-on-operational-and-financial-performance-of-icwd/,WATER-DISTRICT,Q4,successful,88,88,1.0
QMWD-718399568749,Request for Data on Operational and Financial Performance of QMWD,Quezon Metropolitan Water District(QMWD),qmwd,2025-12-07 21:24:00,For use in mater's thesis,PENDING,https://www.foi.gov.ph/agencies/qmwd/request-for-data-on-operational-and-financial-performance-of-qmwd/,WATER-DISTRICT,Q4,open,88,88,1.0
GAPWD-701638854007,Data Request on Operational and Financial Performance,Gapan City Water District(GAPWD),gapwd,2025-12-07 21:35:00,For use in master's thesis,PENDING,https://www.foi.gov.ph/agencies/gapwd/data-request-on-operational-and-financial-performance-gapwd-701638854007/,WATER-DISTRICT,Q4,open,88,88,1.0
BATWD-465599543703,Data Request on Operational and Financial Performance,Batac Water District(BATWD),batwd,2025-12-07 21:42:00,For use in master's thesis,SUCCESSFUL,https://www.foi.gov.ph/agencies/batwd/data-request-on-operational-and-financial-performance-batwd-465599543703/,WATER-DISTRICT,Q4,successful,88,88,1.0
DOH-594945146943,NCMH BUDGET,Department of Health(DOH),doh,2025-12-07 22:18:00,economic research,SUCCESSFUL,https://www.foi.gov.ph/agencies/doh/ncmh-budget/,NGA,Q4,successful,3945,97,40.670103092783506
PNP-285340130616,Annual number of Reported Illegal Drugs Cases in Pangasinan by Municipality/City from January 2010 to December 2024,Philippine National Police(PNP),pnp,2025-12-08 03:28:00,Data Request for Thesis,SUCCESSFUL,https://www.foi.gov.ph/agencies/pnp/annual-number-of-reported-illegal-drugs-cases-in-pangasinan-by-municipalitycity-from-january-2010-to-december-2024/,LEA,Q4,successful,109,91,1.1978021978021978
PNP-986962776856,Number of Crime Incidence in Manila City,Philippine National Police(PNP),pnp,2025-12-08 10:19:00,Research Purposes,SUCCESSFUL,https://www.foi.gov.ph/agencies/pnp/number-of-crime-incidence-in-manila-city/,LEA,Q4,successful,109,91,1.1978021978021978
MUNWD-258936467735,Data Request on Operational and Financial Performance of MUNWD,Muñoz Water District(MUNWD),munwd,2025-12-08 11:10:00,For use in master's thesis,SUCCESSFUL,https://www.foi.gov.ph/agencies/munwd/data-request-on-operational-and-financial-performance-of-munwd/,WATER-DISTRICT,Q4,successful,88,88,1.0
MABWD-519427817176,Data Request on Operational and Financial Performance of MABWD,Mabalacat City Water District(MABWD),mabwd,2025-12-08 11:18:00,For use in master's thesis,SUCCESSFUL,https://www.foi.gov.ph/agencies/mabwd/data-request-on-operational-and-financial-performance-of-mabwd/,WATER-DISTRICT,Q4,successful,88,88,1.0
TANWD-648511331525,Data Request on Operational and Financial Performance of TANWD,Tanauan Water District(TANWD),tanwd,2025-12-08 11:25:00,For use in master's thesis,PENDING,https://www.foi.gov.ph/agencies/tanwd/data-request-on-operational-and-financial-performance-of-tanwd/,WATER-DISTRICT,Q4,open,88,88,1.0
TAGCWD-588971115709,Data Request on Operational and Financial Performance of TAGCWD,Tagaytay City Water District(TAGCWD),tagcwd,2025-12-08 11:38:00,For use in master's thesis,DENIED,https://www.foi.gov.ph/agencies/tagcwd/data-request-on-operational-and-financial-performance-of-tagcwd/,WATER-DISTRICT,Q4,unsuccessful,88,88,1.0
DUMCWD-427880582115,Data Request on Operational and Financial Performance of DUMCWD,DUMAGUETE CITY WATER DISTRICT(DUMCWD),dumcwd,2025-12-08 11:48:00,For use in master's thesis,CLOSED,https://www.foi.gov.ph/agencies/dumcwd/data-request-on-operational-and-financial-performance-of-dumcwd/,WATER-DISTRICT,Q4,unsuccessful,88,88,1.0
CALCWD-775312691375,Data Request on Operational and Financial Performance of CALCWD,CALBAYOG CITY WATER DISTRICT(CALCWD),calcwd,2025-12-08 12:01:00,For use in master's thesis,PENDING,https://www.foi.gov.ph/agencies/calcwd/data-request-on-operational-and-financial-performance-of-calcwd/,WATER-DISTRICT,Q4,open,88,88,1.0
CatbWD-715080424450,Data Request on Operational and Financial Performance of CatbWD,Catbalogan Water District(CatbWD),catwd,2025-12-08 12:12:00,For use in master's thesis,SUCCESSFUL,https://www.foi.gov.ph/agencies/catwd/data-request-on-operational-and-financial-performance-of-catbwd/,WATER-DISTRICT,Q4,successful,88,88,1.0
LMWD-149010049031,Data Request on Operational and Financial Performance of LMWD,Leyte Metropolitan Water District(LMWD),lmwd,2025-12-08 12:22:00,For use in master's thesis,PENDING,https://www.foi.gov.ph/agencies/lmwd/data-request-on-operational-and-financial-performance-of-lmwd/,WATER-DISTRICT,Q4,open,88,88,1.0
CANDONWD-047908433462,Data Request on Operational and Financial Performance of CANDONWD,Candon City Water District(CANDONWD),candonwd,2025-12-08 13:33:00,For use in Master's Thesis,PENDING,https://www.foi.gov.ph/agencies/candonwd/data-request-on-operational-and-financial-performance-of-candonwd/,WATER-DISTRICT,Q4,open,88,88,1.0
CCWD-872260712974,Data Request on Operational and Financial Performance,Cauayan City Water District(CCWD),ccwd,2025-12-08 13:46:00,For use in master's thesis,ACCEPTED,https://www.foi.gov.ph/agencies/ccwd/data-request-on-operational-and-financial-performance-ccwd-872260712974/,WATER-DISTRICT,Q4,open,88,88,1.0
CIWD-593252275892,Data Request on Operational and Financial Performance of CIWD,City of Ilagan Water District(CIWD),ciwd,2025-12-08 13:53:00,For use in master's thesis,SUCCESSFUL,https://www.foi.gov.ph/agencies/ciwd/data-request-on-operational-and-financial-performance-of-ciwd/,WATER-DISTRICT,Q4,successful,88,88,1.0
SANWAD-204046790412,Data Request on Operational and Financial Performance of SANWAD,Santiago Water District(SANWAD),sanwad,2025-12-08 13:59:00,For use in master's thesis,PENDING,https://www.foi.gov.ph/agencies/sanwad/data-request-on-operational-and-financial-performance-of-sanwad/,WATER-DISTRICT,Q4,open,88,88,1.0
BagWD-970522458544,Data Request on Operational and Financial Performance of BagWD,Baguio Water District(BagWD),bagwd,2025-12-08 18:32:00,For use in master's thesis,DENIED,https://www.foi.gov.ph/agencies/bagwd/data-request-on-operational-and-financial-performance-of-bagwd/,WATER-DISTRICT,Q4,unsuccessful,88,88,1.0
BLWD-771749508928,Data Request on Operational and Financial Performance of BLWD,Balanga Water District(BLWD),blwd,2025-12-08 18:43:00,For use in master's thesis,SUCCESSFUL,https://www.foi.gov.ph/agencies/blwd/data-request-on-operational-and-financial-performance-of-blwd/,WATER-DISTRICT,Q4,successful,88,88,1.0
PALWD-903590289787,Data Request of Operational and Financial Performance of PALWD,Palayan City Water District(PALWD),palwd,2025-12-08 18:49:00,For use in master's thesis,PENDING,https://www.foi.gov.ph/agencies/palwd/data-request-of-operational-and-financial-performance-of-palwd/,WATER-DISTRICT,Q4,open,88,88,1.0
CABUWD-121448630677,Data Request on the Operational and Financial Performance of CABUWD,Cabuyao Water District(CABUWD),cabuwd,2025-12-08 18:55:00,For use in master's thesis,SUCCESSFUL,https://www.foi.gov.ph/agencies/cabuwd/data-request-on-the-operational-and-financial-performance-of-cabuwd/,WATER-DISTRICT,Q4,successful,88,88,1.0
LIGAOWD-969788648691,Data Request on Operational and Financial Performance of LIGAOWD,Ligao City Water District(LIGAOWD),ligaowd,2025-12-08 19:46:00,For use in master's thesis,SUCCESSFUL,https://www.foi.gov.ph/agencies/ligaowd/data-request-on-operational-and-financial-performance-of-ligaowd/,WATER-DISTRICT,Q4,successful,88,88,1.0
TAWAD-038437501288,Data Request on Operational and Financial Performance of TAWAD,Tabaco City Water District(TAWAD),tawad,2025-12-08 20:03:00,For use in master's thesis,CLOSED,https://www.foi.gov.ph/agencies/tawad/data-request-on-operational-and-financial-performance-of-tawad/,WATER-DISTRICT,Q4,unsuccessful,88,88,1.0
MRWD-616751015811,Data Request on Operational and Financial Performance of MRWD,Metro Roxas Water District(MRWD),mrwd,2025-12-08 20:14:00,For use master's thesis,CLOSED,https://www.foi.gov.ph/agencies/mrwd/data-request-on-operational-and-financial-performance-of-mrwd/,WATER-DISTRICT,Q4,unsuccessful,88,88,1.0
KCWD-897857475028,Data Request on Operational and Financial Performance,Kabankalan City Water District(KCWD),kcwd,2025-12-08 20:23:00,For use in Master's Thesis,SUCCESSFUL,https://www.foi.gov.ph/agencies/kcwd/data-request-on-operational-and-financial-performance-kcwd-897857475028/,WATER-DISTRICT,Q4,successful,88,88,1.0
SAGWD-073025471206,Data Request on Operational and Financial Performance of SAGWD,Sagay Water District(SAGWD),sagwd,2025-12-08 20:33:00,For use in master's thesis,PARTIALLY SUCCESSFUL,https://www.foi.gov.ph/agencies/sagwd/data-request-on-operational-and-financial-performance-of-sagwd/,WATER-DISTRICT,Q4,partially successful,88,88,1.0
SICIWA-304661404755,Data Request on Operational and Financial Performance of SICIWA,Silay City Water District(SICIWA),siciwa,2025-12-08 20:43:00,For use in master's thesis,SUCCESSFUL,https://www.foi.gov.ph/agencies/siciwa/data-request-on-operational-and-financial-performance-of-siciwa/,WATER-DISTRICT,Q4,successful,88,88,1.0
SIPWD-029342616601,Data Request on Operational and Financial Performance of SIPWD,Sipalay Water District(SIPWD),sipwd,2025-12-08 20:49:00,For use in master's thesis,PENDING,https://www.foi.gov.ph/agencies/sipwd/data-request-on-operational-and-financial-performance-of-sipwd/,WATER-DISTRICT,Q4,open,88,88,1.0
VCWD-317333263839,Data Request on Operational and Financial Performance,Victorias City Water District(VCWD),vcwd,2025-12-08 20:55:00,For use in master's thesis,CLOSED,https://www.foi.gov.ph/agencies/vcwd/data-request-on-operational-and-financial-performance-vcwd-317333263839/,WATER-DISTRICT,Q4,unsuccessful,88,88,1.0
TALWD-848189177479,Data Request on Operational and Financial Performance of TALWD,TALISAY WATER DISTRICT(TALWD),talwd,2025-12-08 21:00:00,For use in Master's Thesis,PENDING,https://www.foi.gov.ph/agencies/talwd/data-request-on-operational-and-financial-performance-of-talwd/,WATER-DISTRICT,Q4,open,88,88,1.0
CARCARWD-283443051472,Data Request on Operational and Financial Performance,Carcar Water District(CARCARWD),carcarwd,2025-12-08 21:07:00,For use in master's thesis,SUCCESSFUL,https://www.foi.gov.ph/agencies/carcarwd/data-request-on-operational-and-financial-performance-carcarwd-283443051472/,WATER-DISTRICT,Q4,successful,88,88,1.0
TOLWD-127705610847,Data Request on Operational and Financial Performance,Toledo City Water District(TOLWD),tolwd,2025-12-08 21:39:00,For use in Master's Research,PENDING,https://www.foi.gov.ph/agencies/tolwd/data-request-on-operational-and-financial-performance-tolwd-127705610847/,WATER-DISTRICT,Q4,open,88,88,1.0
BORWD-814518865893,Data Request on Operational and Financial Performance of BORWD,Borongan Water District(BORWD),borwd,2025-12-09 11:54:00,For use as data in econometric approach for Master's Thesis,SUCCESSFUL,https://www.foi.gov.ph/agencies/borwd/data-request-on-operational-and-financial-performance-of-borwd/,WATER-DISTRICT,Q4,successful,88,88,1.0
BAYCWD-198188187107,Data Request on Operational and Financial Performance,Baybay City Water District(BAYCWD),baycwd,2025-12-09 12:34:00,For use in econometric analysis for master's thesis,PARTIALLY SUCCESSFUL,https://www.foi.gov.ph/agencies/baycwd/data-request-on-operational-and-financial-performance-baycwd-198188187107/,WATER-DISTRICT,Q4,partially successful,88,88,1.0
ISAWAD-210357535594,Data Request on Operational and Financial Performance of ISAWAD,ISABELA CITY WATER DISTRICT(ISAWAD),isawad,2025-12-09 13:36:00,For use as data for econometric analysis for master's thesis,CLOSED,https://www.foi.gov.ph/agencies/isawad/data-request-on-operational-and-financial-performance-of-isawad/,WATER-DISTRICT,Q4,unsuccessful,88,88,1.0
LGUTAYTAY-287980799542,"Traffic Condition at Tikling, Taytay from year 2020-2025",Municipality Government of Taytay Province of Rizal(LGUTAYTAY),lgutaytay,2025-12-09 13:42:00,Research and Development (College Thesis),PENDING,https://www.foi.gov.ph/agencies/lgutaytay/traffic-condition-at-tikling-taytay-from-year-2020-2025/,LGU,Q4,open,59,59,1.0
DAPWD-393110950284,Data Request on Operational and Financial Performance of DAPWD,Dapitan City Water District(DAPWD),dapwd,2025-12-09 13:45:00,For use as data in econometric analysis for master's thesis,PENDING,https://www.foi.gov.ph/agencies/dapwd/data-request-on-operational-and-financial-performance-of-dapwd/,WATER-DISTRICT,Q4,open,88,88,1.0
DIPWD-990732153537,Data Request on Operational and Financial Performance of DIPWD,Dipolog City Water District(DIPWD),dipwd,2025-12-09 13:58:00,For use in econometric analysis for master's thesis,ACCEPTED,https://www.foi.gov.ph/agencies/dipwd/data-request-on-operational-and-financial-performance-of-dipwd/,WATER-DISTRICT,Q4,open,88,88,1.0
VALCWD-962901562910,Data Request on Operational and Financial Performance of VALCWD,Valencia City Water District(VALCWD),valcwd,2025-12-09 14:13:00,For use as data in econometric analysis for mater's thesis,SUCCESSFUL,https://www.foi.gov.ph/agencies/valcwd/data-request-on-operational-and-financial-performance-of-valcwd/,WATER-DISTRICT,Q4,successful,88,88,1.0
OCWD-333975506959,Data Request on Operational and Financial Performance of OCWD,Oroquieta City Water District(OCWD),ocwd,2025-12-09 14:33:00,For use in econometric analysis for master's thesis,PENDING,https://www.foi.gov.ph/agencies/ocwd/data-request-on-operational-and-financial-performance-of-ocwd/,WATER-DISTRICT,Q4,open,88,88,1.0
PNP-377493849972,Population of Police Officers Aged 21–28 (or 22–28) Assigned in Manila,Philippine National Police(PNP),pnp,2025-12-09 14:40:00,Academic research,CLOSED,https://www.foi.gov.ph/agencies/pnp/population-of-police-officers-aged-2128-or-2228-assigned-in-manila/,LEA,Q4,unsuccessful,109,91,1.1978021978021978
COWD-024074448668,Data Request on Operational and Financial Performance of COWD,Cagayan de Oro City Water District(COWD),cowd,2025-12-09 18:02:00,For use as data in econometric analysis for master's thesis,SUCCESSFUL,https://www.foi.gov.ph/agencies/cowd/data-request-on-operational-and-financial-performance-of-cowd/,WATER-DISTRICT,Q4,successful,88,88,1.0
GINGWAD-721363311041,Data Request on Operational and Financial Performance of GINGWAD,Gingoog City Water District(GINGWAD),gingwad,2025-12-09 18:08:00,For use as data for econometric analysis for master's thesis,SUCCESSFUL,https://www.foi.gov.ph/agencies/gingwad/data-request-on-operational-and-financial-performance-of-gingwad/,WATER-DISTRICT,Q4,successful,88,88,1.0
CKWD-666590423141,Data Request on Operational and Financial Performance of CKWD,City of Koronadal Water District(CKWD),ckwd,2025-12-09 18:33:00,For use as data for econometric analysis for master's thesis,CLOSED,https://www.foi.gov.ph/agencies/ckwd/data-request-on-operational-and-financial-performance-of-ckwd/,WATER-DISTRICT,Q4,unsuccessful,88,88,1.0
SKWD-129923242970,Data Request on Operational and Financial Performance of SKWD,Sultan Kudarat Water District(SKWD),skwd,2025-12-09 19:07:00,For use as data for econometric analysis for master's thesis,SUCCESSFUL,https://www.foi.gov.ph/agencies/skwd/data-request-on-operational-and-financial-performance-of-skwd/,WATER-DISTRICT,Q4,successful,88,88,1.0
MCIAA-426543955532,"Flight, Passenger, and Cargo movement data.",Mactan-Cebu International Airport Authority(MCIAA),mciaa,2025-12-09 23:52:00,Graduate level academic research,SUCCESSFUL,https://www.foi.gov.ph/agencies/mciaa/flight-passenger-and-cargo-movement-data/,GOCC,Q4,successful,459,107,4.289719626168225
BCWD-936926927911,Data Request on Operational and Financial Performance of BCWD,Butuan City Water District(BCWD),bcwd,2025-12-10 11:19:00,For use as data for econometric analysis for my Master's Thesis,SUCCESSFUL,https://www.foi.gov.ph/agencies/bcwd/data-request-on-operational-and-financial-performance-of-bcwd/,WATER-DISTRICT,Q4,successful,88,88,1.0
BWD-046276778924,Data Request on Operational and Financial Performance of BWD,Bayugan Water District(BWD),bwd,2025-12-10 11:28:00,For use as data in econometric analysis for my Master's Thesis,SUCCESSFUL,https://www.foi.gov.ph/agencies/bwd/data-request-on-operational-and-financial-performance-of-bwd/,WATER-DISTRICT,Q4,successful,88,88,1.0
BCWD1-490710456204,Data Request on Operational and Financial Performance of BCWD,Bislig City Water District(BCWD1),bcwd1,2025-12-10 11:35:00,For use as data in econometric analysis for Master's Thesis,PENDING,https://www.foi.gov.ph/agencies/bcwd1/data-request-on-operational-and-financial-performance-of-bcwd-bcwd1-490710456204/,WATER-DISTRICT,Q4,open,88,88,1.0
PNP-150939873072,Gender-Based Violence in Benguet,Philippine National Police(PNP),pnp,2025-12-10 11:35:00,Policy Crafting,SUCCESSFUL,https://www.foi.gov.ph/agencies/pnp/gender-based-violence-in-benguet/,LEA,Q4,successful,109,91,1.1978021978021978
TCWD-140131088129,Data Request on Operational and Financial Performance of TCWD,Tandag City Water District(TCWD),tcwd,2025-12-10 11:40:00,For use as data in econometric analys for Master's Thesis,SUCCESSFUL,https://www.foi.gov.ph/agencies/tcwd/data-request-on-operational-and-financial-performance-of-tcwd/,WATER-DISTRICT,Q4,successful,88,88,1.0
METCWD-065994648086,Data Request on Operational and Financial Performance of METCWD,Metro Cotabato Water District(METCWD),metcwd,2025-12-10 11:52:00,For use as data in econometric analysis for Master's Thesis,SUCCESSFUL,https://www.foi.gov.ph/agencies/metcwd/data-request-on-operational-and-financial-performance-of-metcwd/,WATER-DISTRICT,Q4,successful,88,88,1.0
MKWD-903853899519,Data Request on Operational and Financial Performance of MKWD,Metro Kidapawan Water District(MKWD),mkwd,2025-12-10 11:59:00,For use as data in econometric analysis for Master's Thesis,PENDING,https://www.foi.gov.ph/agencies/mkwd/data-request-on-operational-and-financial-performance-of-mkwd/,WATER-DISTRICT,Q4,open,88,88,1.0
CLSU-836824034214,bp number,Central Luzon State University(CLSU),clsu,2025-12-10 13:23:00,loan in GSIS,REFERRED,https://www.foi.gov.ph/agencies/clsu/bp-number-clsu-836824034214/,SUC,Q4,referred,81,71,1.1408450704225352
SANJOSEWD-238214742175,BP NUMBER,San Jose Water District(SANJOSEWD),sanjosewd,2025-12-10 13:26:00,To Loan in the GSIS,PENDING,https://www.foi.gov.ph/agencies/sanjosewd/bp-number-sanjosewd-238214742175/,WATER-DISTRICT,Q4,open,88,88,1.0
LSPU-037838265876,Diploma,Laguna State Polytechnic University(LSPU),lspu,2025-12-10 13:40:00,For Employment,SUCCESSFUL,https://www.foi.gov.ph/agencies/lspu/diploma-lspu-037838265876/,SUC,Q4,successful,81,71,1.1408450704225352
PNOCEC-644569582427,Organizational Structure,PNOC Exploration Corporation(PNOCEC),pnocec,2025-12-10 17:03:00,Academic Purposes,ACCEPTED,https://www.foi.gov.ph/agencies/pnocec/organizational-structure-pnocec-644569582427/,GOCC,Q4,open,459,107,4.289719626168225
CAAP-333975815568,Busuanga Airport Research,Civil Aviation Authority of the Philippines(CAAP),caap,2025-12-11 01:55:00,Thesis Title Proposal,SUCCESSFUL,https://www.foi.gov.ph/agencies/caap/busuanga-airport-research/,GOCC,Q4,successful,459,107,4.289719626168225
PNPDO-999725050516,mohamidin sema musa budget 2026,Philippine National Police - Directorate for Operations(PNPDO),pnpdo,2025-12-11 07:31:00,Security for MY LIFE,DENIED,https://www.foi.gov.ph/agencies/pnpdo/mohamidin-sema-musa-budget-2026-pnpdo-999725050516/,LEA,Q4,unsuccessful,109,91,1.1978021978021978
UPPGH-522860353246,PGH functional chart,University of the Philippines - Philippine General Hospital(UPPGH),uppgh,2025-12-11 10:26:00,Architectural Thesis,SUCCESSFUL,https://www.foi.gov.ph/agencies/uppgh/pgh-functional-chart/,SUC,Q4,successful,81,71,1.1408450704225352
PIDS-132527861113,"Dataset - Strengthening Health Information Systems: Policies, Gaps, and a Framework for Reform",Philippine Institute for Development Studies(PIDS),pids,2025-12-11 10:53:00,Academic Research,SUCCESSFUL,https://www.foi.gov.ph/agencies/pids/dataset-strengthening-health-information-systems-policies-gaps-and-a-framework-for-reform/,GOCC,Q4,successful,459,107,4.289719626168225
PH-561039924653,Dataset - Health Insurance Claims,PhilHealth(PH),ph,2025-12-11 14:07:00,Academic Research/Paper,SUCCESSFUL,https://www.foi.gov.ph/agencies/ph/dataset-health-insurance-claims/,GOCC,Q4,successful,459,107,4.289719626168225
USAP-010331423262,Structural and Architectural Plan of Sta. Lucia High School,"City of Pasig, NCR(USAP)",usap,2025-12-11 14:56:00,Thesis Paper,SUCCESSFUL,https://www.foi.gov.ph/agencies/usap/structural-and-architectural-plan-of-sta-lucia-high-school/,LGU,Q4,successful,59,59,1.0
PNP-112053827299,Crime Rate per Cities and Municipalities,Philippine National Police(PNP),pnp,2025-12-11 17:08:00,Research for Location Assessment,SUCCESSFUL,https://www.foi.gov.ph/agencies/pnp/crime-rate-per-cities-and-municipalities/,LEA,Q4,successful,109,91,1.1978021978021978
DOH-470943210406,Annual Hospital Statistica Report,Department of Health(DOH),doh,2025-12-11 17:21:00,Undergrad Thesis,PARTIALLY SUCCESSFUL,https://www.foi.gov.ph/agencies/doh/annual-hospital-statistica-report/,NGA,Q4,partially successful,3945,97,40.670103092783506
DOTr-840885528204,MRT-3 DATA INFORMATION,Department of Transportation(DOTr),dotr,2025-12-11 19:03:00,Research purposes,SUCCESSFUL,https://www.foi.gov.ph/agencies/dotr/mrt-3-data-information/,NGA,Q4,successful,3945,97,40.670103092783506
UPM-890489637435,number of dentistry students enrolled,University of the Philippines Manila(UPM),upm,2025-12-12 07:46:00,Architectural Thesis,SUCCESSFUL,https://www.foi.gov.ph/agencies/upm/number-of-dentistry-students-enrolled/,SUC,Q4,successful,81,71,1.1408450704225352
UPPGH-678063746750,CALABARZON ANNUAL REPORT,University of the Philippines - Philippine General Hospital(UPPGH),uppgh,2025-12-12 10:44:00,Architectural thesis,SUCCESSFUL,https://www.foi.gov.ph/agencies/uppgh/calabarzon-annual-report/,SUC,Q4,successful,81,71,1.1408450704225352
UPPGH-696808160921,CALABARZON annual report of patients,University of the Philippines - Philippine General Hospital(UPPGH),uppgh,2025-12-12 11:14:00,Architectural thesis,SUCCESSFUL,https://www.foi.gov.ph/agencies/uppgh/calabarzon-annual-report-of-patients/,SUC,Q4,successful,81,71,1.1408450704225352
COB-869993059409,List of Organizations in Balanga City,City Government of Balanga(COB),cob,2025-12-12 14:36:00,Project Development,DENIED,https://www.foi.gov.ph/agencies/cob/list-of-organizations-in-balanga-city/,LGU,Q4,unsuccessful,59,59,1.0
CGI-978463065730,List of Organizations in Isabela City,"City Government of Isabela, Basilan(CGI)",cgi,2025-12-12 14:40:00,Project Development,SUCCESSFUL,https://www.foi.gov.ph/agencies/cgi/list-of-organizations-in-isabela-city/,LGU,Q4,successful,59,59,1.0
DTI-786762453255,Customer Complaint for Unprofessional Company,Department of Trade and Industry(DTI),dti,2025-12-12 17:40:00,Government Intervention,DENIED,https://www.foi.gov.ph/agencies/dti/customer-complaint-for-unprofessional-company/,NGA,Q4,unsuccessful,3945,97,40.670103092783506
PUP-399094135954,"Request for Number of Enrollees in Tourism Management, A.Y. 2025–2026",Polytechnic University of the Philippines(PUP),pup,2025-12-12 19:33:00,For Research 1,SUCCESSFUL,https://www.foi.gov.ph/agencies/pup/request-for-number-of-enrollees-in-tourism-management-ay-20252026/,SUC,Q4,successful,81,71,1.1408450704225352
LIMWD-501097957647,Water Recharge Data in Limay Bataan,Limay Water District(LIMWD),limwd,2025-12-13 16:40:00,Academic and Research,CLOSED,https://www.foi.gov.ph/agencies/limwd/water-recharge-data-in-limay-bataan-limwd-501097957647/,WATER-DISTRICT,Q4,unsuccessful,88,88,1.0
PNP-503791115312,Crime rate request,Philippine National Police(PNP),pnp,2025-12-13 18:38:00,Research and development,SUCCESSFUL,https://www.foi.gov.ph/agencies/pnp/crime-rate-request/,LEA,Q4,successful,109,91,1.1978021978021978
PUP-763977818549,"Number of Enrollees in Tourism Management, A.Y. 2025–2026",Polytechnic University of the Philippines(PUP),pup,2025-12-13 21:45:00,For Research Study,SUCCESSFUL,https://www.foi.gov.ph/agencies/pup/number-of-enrollees-in-tourism-management-ay-20252026/,SUC,Q4,successful,81,71,1.1408450704225352
DENRNWRB-094439724986,Water Rights in Maasin Watershed Iloilo,National Water Resources Board(DENRNWRB),denrnwrb,2025-12-14 11:23:00,Research/ Thesis,SUCCESSFUL,https://www.foi.gov.ph/agencies/denrnwrb/water-rights-in-maasin-watershed-iloilo/,NGA,Q4,successful,3945,97,40.670103092783506
PNP-756830052991,Drug Cases Rizal,Philippine National Police(PNP),pnp,2025-12-14 15:10:00,Architectural Thesis,SUCCESSFUL,https://www.foi.gov.ph/agencies/pnp/drug-cases-rizal/,LEA,Q4,successful,109,91,1.1978021978021978
PPA-005181249884,Data on Cargo Statististic for Dalahican Port,Philippine Ports Authority(PPA),ppa,2025-12-14 17:40:00,Architectural Thesis,PARTIALLY SUCCESSFUL,https://www.foi.gov.ph/agencies/ppa/data-on-cargo-statististic-for-dalahican-port/,GOCC,Q4,partially successful,459,107,4.289719626168225
PPA-063499583562,Cargo Handling Guideline,Philippine Ports Authority(PPA),ppa,2025-12-14 18:06:00,Architectural Thesis,SUCCESSFUL,https://www.foi.gov.ph/agencies/ppa/cargo-handling-guideline/,GOCC,Q4,successful,459,107,4.289719626168225
DOH-125578090610,vax certification e-copy,Department of Health(DOH),doh,2025-12-14 18:27:00,For job application abroad,SUCCESSFUL,https://www.foi.gov.ph/agencies/doh/vax-certification-e-copy/,NGA,Q4,successful,3945,97,40.670103092783506
ECC-506649410127,Workers,Employees Compensation Commission(ECC),ecc,2025-12-14 20:55:00,Research and Development,SUCCESSFUL,https://www.foi.gov.ph/agencies/ecc/workers/,GOCC,Q4,successful,459,107,4.289719626168225
DOH-578242278118,RA 12208 ( Calamba City General Hospital ),Department of Health(DOH),doh,2025-12-15 14:28:00,Architectural Thesis study,DENIED,https://www.foi.gov.ph/agencies/doh/ra-12208-calamba-city-general-hospital/,NGA,Q4,unsuccessful,3945,97,40.670103092783506
PSA-297458395002,cademic Request: Historical Adhesive Tape Sales Data (2019–2025),Philippine Statistics Authority(PSA),psa,2025-12-15 15:23:00,Academic Purpose Research and Development,SUCCESSFUL,https://www.foi.gov.ph/agencies/psa/cademic-request-historical-adhesive-tape-sales-data-20192025/,NGA,Q4,successful,3945,97,40.670103092783506
PNP-785884823192,Clearance,Philippine National Police(PNP),pnp,2025-12-15 15:57:00,For my On the Job Training,SUCCESSFUL,https://www.foi.gov.ph/agencies/pnp/clearance-pnp-785884823192/,LEA,Q4,successful,109,91,1.1978021978021978
CAAP-509822142579,CNSSO Basic course,Civil Aviation Authority of the Philippines(CAAP),caap,2025-12-16 00:20:00,Research and personal references,SUCCESSFUL,https://www.foi.gov.ph/agencies/caap/cnsso-basic-course/,GOCC,Q4,successful,459,107,4.289719626168225
PH-058461684573,PROBLEM REGISTERING/ACTIVATING HCP PORTAL,PhilHealth(PH),ph,2025-12-16 08:37:00,TO ACTIVATE HCP PORTAL AND CHECK CLAIMS STATUS,SUCCESSFUL,https://www.foi.gov.ph/agencies/ph/problem-registeringactivating-hcp-portal/,GOCC,Q4,successful,459,107,4.289719626168225
NIA-400920304506,List of Irrigation Projects in Laguna and Rizal.,National Irrigation Administration(NIA),nia,2025-12-16 09:40:00,The purpose of gathering the data and the document is for my masteral class requirement. My study entitled: Development of Predictive Analytics Framework for Project Cost Estimation and Financial Planning in NIA - LARIMO.,SUCCESSFUL,https://www.foi.gov.ph/agencies/nia/list-of-irrigation-projects-in-laguna-and-rizal/,GOCC,Q4,successful,459,107,4.289719626168225
DSWD-581485819191,Request for List of Refuge and Shelter Facilities for Survivors of Domestic and Sexual Abuse,Department of Social Welfare and Development(DSWD),dswd,2025-12-16 14:06:00,Research and academe,PARTIALLY SUCCESSFUL,https://www.foi.gov.ph/agencies/dswd/request-for-list-of-refuge-and-shelter-facilities-for-survivors-of-domestic-and-sexual-abuse/,NGA,Q4,partially successful,3945,97,40.670103092783506
PNP-278898397399,Request for VAWC Statistics by Region and Province (luzon),Philippine National Police(PNP),pnp,2025-12-16 14:10:00,Research and academe,SUCCESSFUL,https://www.foi.gov.ph/agencies/pnp/request-for-vawc-statistics-by-region-and-province-luzon/,LEA,Q4,successful,109,91,1.1978021978021978
DOH-801792294888,Updated BPR,Department of Health(DOH),doh,2025-12-16 16:15:00,BSArchitecture Capstone (Renal-Specialized Hospital),SUCCESSFUL,https://www.foi.gov.ph/agencies/doh/updated-bpr/,NGA,Q4,successful,3945,97,40.670103092783506
DepEd-606442274034,SPED teachers in the Philippines,Department of Education(DepEd),deped,2025-12-16 21:08:00,Research purposes,CLOSED,https://www.foi.gov.ph/agencies/deped/sped-teachers-in-the-philippines/,NGA,Q4,unsuccessful,3945,97,40.670103092783506
PNU-137266117593,Findings of the Task Force on University History regarding PNU's Founding Anniversary,Philippine Normal University(PNU),pnu,2025-12-17 09:47:00,Educational purposes,SUCCESSFUL,https://www.foi.gov.ph/agencies/pnu/findings-of-the-task-force-on-university-history-regarding-pnus-founding-anniversary/,SUC,Q4,successful,81,71,1.1408450704225352
MSUGS-249062465786,crime rate report,Mindanao State University-General Santos(MSUGS),msugs,2025-12-17 11:51:00,Research purposes.,PENDING,https://www.foi.gov.ph/agencies/msugs/crime-rate-report/,SUC,Q4,open,81,71,1.1408450704225352
BJMP-305130364891,Request of Data for Women PDL in Cavite,Bureau of Jail Management and Penology(BJMP),bjmp,2025-12-17 16:51:00,Architecture Undergraduate Thesis,PARTIALLY SUCCESSFUL,https://www.foi.gov.ph/agencies/bjmp/request-of-data-for-women-pdl-in-cavite/,NGA,Q4,partially successful,3945,97,40.670103092783506
PNP-745952292092,"Carreta, Cebu City Crime Rate",Philippine National Police(PNP),pnp,2025-12-17 22:03:00,Architectural Thesis Capstone,DENIED,https://www.foi.gov.ph/agencies/pnp/carreta-cebu-city-crime-rate/,LEA,Q4,unsuccessful,109,91,1.1978021978021978
BSWM-675936035599,Hydrologic Soil Group for Davao Region,Bureau of Soils and Water Management(BSWM),bswm,2025-12-18 19:18:00,For Thesis purposes,REFERRED,https://www.foi.gov.ph/agencies/bswm/hydrologic-soil-group-for-davao-region/,NGA,Q4,referred,3945,97,40.670103092783506
SSS-094127020534,Manual Verification of My Retirement Benefit,Social Security System(SSS),sss,2025-12-19 10:49:00,To process my Retirement Benefits,DENIED,https://www.foi.gov.ph/agencies/sss/manual-verification-of-my-retirement-benefit/,GOCC,Q4,unsuccessful,459,107,4.289719626168225
PNP-457927171728,Cybercrime Data from 2016-2025,Philippine National Police(PNP),pnp,2025-12-19 13:08:00,Purpose: Reference for an article and presentation.,DENIED,https://www.foi.gov.ph/agencies/pnp/cybercrime-data-from-2016-2025/,LEA,Q4,unsuccessful,109,91,1.1978021978021978
BIR-720416968801,BIR FORM 2316 for Calendar Year 2025,Bureau of Internal Revenue(BIR),bir,2025-12-19 15:24:00,Employment,DENIED,https://www.foi.gov.ph/agencies/bir/bir-form-2316-for-calendar-year-2025/,NGA,Q4,unsuccessful,3945,97,40.670103092783506
DBP-372455942604,TES Student Loan Program,Development Bank of the Philippines(DBP),dbp,2025-12-20 08:29:00,"1. Understanding eligibility and application requirements – so you or other students can know who qualifies and what documents are needed. 2. Clarifying loan terms – such as whether the TES loan is indeed no-interest, repayment schedules, and other conditions. 3. Accessing policies and guidelines – official documents, circulars, or manuals that govern the program. 4. Obtaining data on loan implementation – such as disbursement statistics, how many students have benefited, or historical trends. 5. Ensuring transparency and accountability – confirming that the program is being implemented according to law and regulations.",REFERRED,https://www.foi.gov.ph/agencies/dbp/tes-student-loan-program/,GOCC,Q4,referred,459,107,4.289719626168225
PPA-641200296693,Data Request on Custom Clearance (The Average Ton of Cargo and Containers Approved in Clearance) for the Years 2014-2023,Philippine Ports Authority(PPA),ppa,2025-12-22 05:42:00,Research and Development,SUCCESSFUL,https://www.foi.gov.ph/agencies/ppa/data-request-on-custom-clearance-the-average-ton-of-cargo-and-containers-approved-in-clearance-for-the-years-2014-2023/,GOCC,Q4,successful,459,107,4.289719626168225
NHA-810280512861,relocation of informal settlers,National Housing Authority(NHA),nha,2025-12-22 10:13:00,Research and academe,SUCCESSFUL,https://www.foi.gov.ph/agencies/nha/relocation-of-informal-settlers/,GOCC,Q4,successful,459,107,4.289719626168225
USAP-355435876025,No. of Small Merchandise Enterprises in District 1 Pasig,"City of Pasig, NCR(USAP)",usap,2025-12-22 10:21:00,For research purposes,SUCCESSFUL,https://www.foi.gov.ph/agencies/usap/no-of-small-merchandise-enterprises-in-district-1-pasig/,LGU,Q4,successful,59,59,1.0
DPWH-969698309922,Architectural and Structural Plan of any (at least 4 storey) building (at least 1000 sqm),Department of Public Works and Highways(DPWH),dpwh,2025-12-22 11:06:00,Educational purposes,PROCESSING,https://www.foi.gov.ph/agencies/dpwh/architectural-and-structural-plan-of-any-at-least-4-storey-building-at-least-1000-sqm/,NGA,Q4,open,3945,97,40.670103092783506
NAP-445118188799,Copy of Deed of Absolute Sale,National Archives of the Philippines(NAP),nap,2025-12-22 12:28:00,Verification purposes,PARTIALLY SUCCESSFUL,https://www.foi.gov.ph/agencies/nap/copy-of-deed-of-absolute-sale-nap-445118188799/,NGA,Q4,partially successful,3945,97,40.670103092783506
NCDA-337141258159,PWD Categorization,National Council on Disability Affairs(NCDA),ncda,2025-12-22 14:40:00,Academic Thesis,PENDING,https://www.foi.gov.ph/agencies/ncda/pwd-categorization/,NGA,Q4,open,3945,97,40.670103092783506
NTC-256352603888,The Number of Mobile Cellular Subscription (Per 100 people) by region,National Telecommunications Commission(NTC),ntc,2025-12-22 14:45:00,Research and Development,SUCCESSFUL,https://www.foi.gov.ph/agencies/ntc/the-number-of-mobile-cellular-subscription-per-100-people-by-region/,NGA,Q4,successful,3945,97,40.670103092783506
PCMC-613056223564,PCMC Architectural Data,Philippine Children's Medical Center(PCMC),pcmc,2025-12-22 19:38:00,Architectural thesis,PARTIALLY SUCCESSFUL,https://www.foi.gov.ph/agencies/pcmc/pcmc-architectural-data/,GOCC,Q4,partially successful,459,107,4.289719626168225
BATSU-816417602977,Latest Batangas State University LUDIP,Batangas State University(BATSU),batsu,2025-12-22 22:45:00,Research Purposes,DENIED,https://www.foi.gov.ph/agencies/batsu/latest-batangas-state-university-ludip/,SUC,Q4,unsuccessful,81,71,1.1408450704225352
DOLE-160596386266,i need an assistance,Department of Labor and Employment(DOLE),dole,2025-12-23 11:49:00,what should i do to get my last pay?,SUCCESSFUL,https://www.foi.gov.ph/agencies/dole/i-need-an-assistance/,NGA,Q4,successful,3945,97,40.670103092783506
PNP-808354173282,Request for Data on Missing and At-Risk Senior Citizens in CAR (2020–2025),Philippine National Police(PNP),pnp,2025-12-23 12:29:00,Undergraduate thesis,DENIED,https://www.foi.gov.ph/agencies/pnp/request-for-data-on-missing-and-at-risk-senior-citizens-in-car-20202025/,LEA,Q4,unsuccessful,109,91,1.1978021978021978
PNP-745472292141,PNP hospital data,Philippine National Police(PNP),pnp,2025-12-23 13:01:00,data gathering for data journalism,SUCCESSFUL,https://www.foi.gov.ph/agencies/pnp/pnp-hospital-data/,LEA,Q4,successful,109,91,1.1978021978021978
UPM-084516072388,UP-PGH Data,University of the Philippines Manila(UPM),upm,2025-12-23 13:03:00,data gathering for data journalism,DENIED,https://www.foi.gov.ph/agencies/upm/up-pgh-data/,SUC,Q4,unsuccessful,81,71,1.1408450704225352
USM-724262534462,USM Hospital Data,University of Southern Mindanao(USM),usm,2025-12-23 13:05:00,data gathering for data journalism,PENDING,https://www.foi.gov.ph/agencies/usm/usm-hospital-data/,SUC,Q4,open,81,71,1.1408450704225352
WVSU-377023243357,WVSU hospital data,West Visayas State University(WVSU),wvsu,2025-12-23 13:10:00,data gathering for data article,SUCCESSFUL,https://www.foi.gov.ph/agencies/wvsu/wvsu-hospital-data/,SUC,Q4,successful,81,71,1.1408450704225352
CTU-284118298523,College Medium of Instruction,Cebu Technological University(CTU),ctu,2025-12-23 15:51:00,To process student visa for Canada,CLOSED,https://www.foi.gov.ph/agencies/ctu/college-medium-of-instruction-ctu-284118298523/,SUC,Q4,unsuccessful,81,71,1.1408450704225352
PNP-562946167845,"Total Number of Drug Cases in Dasmarinas City, Cavite",Philippine National Police(PNP),pnp,2025-12-24 19:05:00,Research Paper,DENIED,https://www.foi.gov.ph/agencies/pnp/total-number-of-drug-cases-in-dasmarinas-city-cavite/,LEA,Q4,unsuccessful,109,91,1.1978021978021978
CAAP-604035299268,Aircraft Movement and Flight Operations Data for Academic Research,Civil Aviation Authority of the Philippines(CAAP),caap,2025-12-25 14:46:00,Academic research,SUCCESSFUL,https://www.foi.gov.ph/agencies/caap/aircraft-movement-and-flight-operations-data-for-academic-research/,GOCC,Q4,successful,459,107,4.289719626168225
NIA-640336210121,Request for GIS Datasets,National Irrigation Administration(NIA),nia,2025-12-25 21:38:00,Undergraduate Thesis,SUCCESSFUL,https://www.foi.gov.ph/agencies/nia/request-for-gis-datasets/,GOCC,Q4,successful,459,107,4.289719626168225
DOST-449746235093,Organizational Structure,Department of Science and Technology(DOST),dost,2025-12-26 09:54:00,Research and Development,CLOSED,https://www.foi.gov.ph/agencies/dost/organizational-structure-dost-449746235093/,NGA,Q4,unsuccessful,3945,97,40.670103092783506
DOE-480534248327,Organizational Structure,Department of Energy(DOE),doe,2025-12-26 13:17:00,Research and Development,SUCCESSFUL,https://www.foi.gov.ph/agencies/doe/organizational-structure-doe-480534248327/,NGA,Q4,successful,3945,97,40.670103092783506
QMWD-644739932397,Citizen's Charter,Quezon Metropolitan Water District(QMWD),qmwd,2025-12-26 18:24:00,To determine number of days to anwer my complaint/ query,PENDING,https://www.foi.gov.ph/agencies/qmwd/citizens-charter-qmwd-644739932397/,WATER-DISTRICT,Q4,open,88,88,1.0
DENR-089578277046,Documents and Records,Department of Environment and Natural Resources(DENR),denr,2025-12-27 04:20:00,Research for Dissertation,DENIED,https://www.foi.gov.ph/agencies/denr/documents-and-records/,NGA,Q4,unsuccessful,3945,97,40.670103092783506
PNP-778903195162,Road Accidents in Quezon City,Philippine National Police(PNP),pnp,2025-12-29 00:54:00,Research Purposes,DENIED,https://www.foi.gov.ph/agencies/pnp/road-accidents-in-quezon-city/,LEA,Q4,unsuccessful,109,91,1.1978021978021978
PNP-112884878187,crimes and statistic 2024,Philippine National Police(PNP),pnp,2025-12-29 16:16:00,The purpose of the request is reference to our Annual Institutional Risk Assessment of our Company.,SUCCESSFUL,https://www.foi.gov.ph/agencies/pnp/crimes-and-statistic-2024/,LEA,Q4,successful,109,91,1.1978021978021978
HDMF-569125874755,Request Copy of MDF,Home Development Mutual Fund/Pag-IBIG Fund(HDMF),hdmf,2025-12-31 14:28:00,Employment,CLOSED,https://www.foi.gov.ph/agencies/hdmf/request-copy-of-mdf/,GOCC,Q4,unsuccessful,459,107,4.289719626168225
