tracking_number,agency_name,agency_code,agency_group,filed_at,filing_quarter,purpose,status,outcome,is_final,is_successful,has_agency_reply,first_agency_reply_at,first_response_days,last_agency_reply_at,processing_at,final_status_at,days_to_final_status,n_agency_messages,n_requester_messages,flag_reply_before_filing,stratum_population,stratum_sample,sampling_weight,scraped_at
PNP-148498336285,Philippine National Police(PNP),pnp,LEA,2025-01-01 14:51:00,Q1,Research and Development,CLOSED,unsuccessful,True,False,True,2025-01-02 10:12:00,0.806,2025-08-26 09:46:00,2025-01-02 10:12:28,,,6,2,False,124,104,1.1923076923076923,2026-09-29 17:04:48
CAAP-552914423328,Civil Aviation Authority of the Philippines(CAAP),caap,GOCC,2025-01-02 13:09:00,Q1,Architectural Research/ Thesis,SUCCESSFUL,successful,True,True,True,2025-01-06 15:25:00,4.094,2025-01-06 15:25:00,,2025-01-06 15:25:39,4.095,1,1,False,410,96,4.270833333333333,2026-09-29 17:04:50
SSS-884808457318,Social Security System(SSS),sss,GOCC,2025-01-02 15:48:00,Q1,To resest my password,DENIED,unsuccessful,True,False,True,2025-01-03 11:31:00,0.822,2025-01-03 11:31:00,,2025-01-03 11:31:09,0.822,1,1,False,410,96,4.270833333333333,2026-09-29 17:04:52
USAP-181771171984,"City of Pasig, NCR(USAP)",usap,LGU,2025-01-02 18:00:00,Q1,Research and Development,SUCCESSFUL,successful,True,True,True,2025-01-07 10:21:00,4.681,2025-02-10 10:06:00,2025-01-07 10:21:17,2025-02-10 10:06:12,38.671,3,1,False,44,44,1.0,2026-09-29 17:04:54
USAP-706685758618,"City of Pasig, NCR(USAP)",usap,LGU,2025-01-03 09:04:00,Q1,I will use this for my Thesis research purposes in Architecture.,SUCCESSFUL,successful,True,True,True,2025-01-07 10:45:00,4.07,2025-01-07 10:58:00,2025-01-07 10:45:35,2025-01-07 10:58:34,4.08,3,1,False,44,44,1.0,2026-09-29 17:04:55
PNP-621853315460,Philippine National Police(PNP),pnp,LEA,2025-01-03 12:52:00,Q1,Undergraduate Thesis,SUCCESSFUL,successful,True,True,True,2025-01-03 12:58:00,0.004,2025-01-20 15:40:00,2025-01-03 12:58:40,2025-01-20 15:40:06,17.117,6,4,False,124,104,1.1923076923076923,2026-09-29 17:04:57
UPLB-939272259815,University of the Philippines Los Banos(UPLB),uplb,SUC,2025-01-03 13:10:00,Q1,University Recruitment,DENIED,unsuccessful,True,False,True,2025-03-12 11:50:00,67.944,2025-03-19 09:00:00,2025-03-12 12:29:53,2025-03-19 09:00:00,74.826,4,1,False,150,131,1.1450381679389312,2026-09-29 17:04:59
UPD-427344480572,University of the Philippines Diliman(UPD),upd,SUC,2025-01-03 13:27:00,Q1,University Recruitment,ACCEPTED,open,False,False,True,2025-01-09 11:03:00,5.9,2025-01-09 11:03:00,2025-01-09 11:03:09,,,1,1,False,150,131,1.1450381679389312,2026-09-29 17:05:01
UPM-561218199990,University of the Philippines Manila(UPM),upm,SUC,2025-01-03 13:30:00,Q1,University Reruitment,SUCCESSFUL,successful,True,True,True,2025-01-03 14:14:00,0.031,2025-01-27 16:35:00,2025-01-03 14:14:02,2025-01-27 16:35:44,24.129,3,1,False,150,131,1.1450381679389312,2026-09-29 17:05:03
UPB-347189310923,University of the Philippines Baguio(UPB),upb,SUC,2025-01-03 13:33:00,Q1,University Recruitment,SUCCESSFUL,successful,True,True,True,2025-02-28 15:29:00,56.081,2025-02-28 15:29:00,,2025-02-28 15:29:47,56.081,1,1,False,150,131,1.1450381679389312,2026-09-29 17:05:05
UPMIN-392143290766,University of the Philippines Mindanao(UPMIN),upmin,SUC,2025-01-03 13:35:00,Q1,University Recruitment,ACCEPTED,open,False,False,True,2025-06-27 09:07:00,174.814,2025-07-14 07:52:00,2025-06-27 09:07:23,,,2,1,False,150,131,1.1450381679389312,2026-09-29 17:05:07
PUP-422679440047,Polytechnic University of the Philippines(PUP),pup,SUC,2025-01-03 13:42:00,Q1,University Recruitment,SUCCESSFUL,successful,True,True,True,2025-01-06 15:16:00,3.065,2025-01-06 15:16:00,,2025-01-06 15:16:44,3.066,1,1,False,150,131,1.1450381679389312,2026-09-29 17:05:09
USEP-954569808717,University of Southeastern Philippines(USEP),usep,SUC,2025-01-03 13:49:00,Q1,University Recruitment,SUCCESSFUL,successful,True,True,True,2025-01-03 14:31:00,0.029,2025-01-14 13:39:00,2025-01-03 14:31:04,2025-01-14 13:39:47,10.994,2,1,False,150,131,1.1450381679389312,2026-09-29 17:05:11
MMSU-788688632738,Mariano Marcos State University(MMSU),mmsu,SUC,2025-01-03 13:59:00,Q1,University Recruitment,PENDING,open,False,False,False,,,,,,,0,1,False,150,131,1.1450381679389312,2026-09-29 17:05:13
DMMMSU-199389868864,Don Mariano Marcos Memorial State University(DMMMSU),dmmmsu,SUC,2025-01-03 14:42:00,Q1,University Recruitment,SUCCESSFUL,successful,True,True,True,2025-07-11 14:47:00,189.003,2025-07-11 14:47:00,,2025-07-11 14:47:08,189.004,1,1,False,150,131,1.1450381679389312,2026-09-29 17:05:15
PH-674963250459,PhilHealth(PH),ph,GOCC,2025-01-03 14:43:00,Q1,Information gathering to understand the patient journey and economic burden of disease in acute ischemic stroke,SUCCESSFUL,successful,True,True,True,2025-01-06 11:04:00,2.848,2025-02-11 15:07:00,2025-01-06 11:04:47,2025-02-11 15:07:27,39.017,2,1,False,410,96,4.270833333333333,2026-09-29 17:05:17
BSU-037822829072,Benguet State University(BSU),bsu,SUC,2025-01-03 14:51:00,Q1,University Recruitment,SUCCESSFUL,successful,True,True,True,2025-01-31 14:32:00,27.987,2025-01-31 14:32:00,,2025-01-31 14:32:54,27.987,1,1,False,150,131,1.1450381679389312,2026-09-29 17:05:18
UPC-551836392639,University of the Philippines Cebu(UPC),upc,SUC,2025-01-03 14:56:00,Q1,University Recruitment,SUCCESSFUL,successful,True,True,True,2025-01-06 11:07:00,2.841,2025-01-06 11:07:00,,2025-01-06 11:07:17,2.841,1,1,False,150,131,1.1450381679389312,2026-09-29 17:05:20
UPTC-162321389047,University of the Philippines Tacloban College(UPTC),uptc,SUC,2025-01-03 15:02:00,Q1,University Recruitment,SUCCESSFUL,successful,True,True,True,2025-01-28 11:38:00,24.858,2025-01-30 11:10:00,2025-01-28 11:38:44,2025-01-30 11:10:30,26.839,2,1,False,150,131,1.1450381679389312,2026-09-29 17:05:23
TUP-251021567946,Technological University of the Philippines(TUP),tup,SUC,2025-01-03 15:32:00,Q1,University Recruitment,ACCEPTED,open,False,False,True,2026-02-16 23:14:00,409.321,2026-02-16 23:20:00,2026-02-16 23:14:35,,,2,1,False,150,131,1.1450381679389312,2026-09-29 17:05:25
PangSU-477303199727,Pangasinan State University(PangSU),pangsu,SUC,2025-01-03 15:44:00,Q1,University Recruitment,SUCCESSFUL,successful,True,True,True,2026-01-26 14:12:00,387.936,2026-01-26 14:12:00,,2026-01-26 14:12:47,387.937,1,1,False,150,131,1.1450381679389312,2026-09-29 17:05:41
ISPSC-041923158023,Ilocos Sur Polytechnic State College(ISPSC),ispsc,SUC,2025-01-03 15:49:00,Q1,University Recruitment,PENDING,open,False,False,False,,,,,,,0,1,False,150,131,1.1450381679389312,2026-09-29 17:05:43
ASIST-328060587767,Abra State Institute of Science and Technology(ASIST),asist,SUC,2025-01-04 22:04:00,Q1,research and study,CLOSED,unsuccessful,True,False,True,2025-07-07 09:31:00,183.477,2025-07-07 09:31:00,2025-07-07 09:31:28,,,1,1,False,150,131,1.1450381679389312,2026-09-29 17:05:45
ASSCAT-640072249398,Agusan del Sur University(ASSCAT),asscat,SUC,2025-01-04 22:05:00,Q1,research and study,SUCCESSFUL,successful,True,True,True,2025-01-07 15:41:00,2.733,2026-01-19 13:43:00,2025-01-07 15:41:49,2026-01-19 13:43:58,379.652,4,1,False,150,131,1.1450381679389312,2026-09-29 17:05:47
ASC-316000344327,Apayao State College(ASC),asc,SUC,2025-01-04 22:08:00,Q1,research and study,SUCCESSFUL,successful,True,True,True,2026-02-16 11:53:00,407.573,2026-02-16 11:53:00,,2026-02-16 11:53:23,407.573,1,1,False,150,131,1.1450381679389312,2026-09-29 17:05:50
ASCOT-894038889416,Aurora State College of Technology(ASCOT),ascot,SUC,2025-01-04 22:11:00,Q1,research and study,SUCCESSFUL,successful,True,True,True,2025-01-07 11:27:00,2.553,2025-01-13 14:04:00,,2025-01-13 14:04:31,8.662,2,1,False,150,131,1.1450381679389312,2026-09-29 17:05:52
BASSC-519134575509,Basilan State College(BASSC),bassc,SUC,2025-01-04 22:12:00,Q1,research and study,PENDING,open,False,False,False,,,,,,,0,1,False,150,131,1.1450381679389312,2026-09-29 17:05:54
BSC-962849064641,Batanes State College(BSC),bsc,SUC,2025-01-04 22:13:00,Q1,research and study,SUCCESSFUL,successful,True,True,True,2025-01-16 13:41:00,11.644,2025-01-20 13:30:00,,2025-01-20 13:30:24,15.637,2,1,False,150,131,1.1450381679389312,2026-09-29 17:05:55
BATSU-206113674926,Batangas State University(BATSU),batsu,SUC,2025-01-04 22:15:00,Q1,research and study,SUCCESSFUL,successful,True,True,True,2025-01-07 08:44:00,2.437,2025-01-20 16:43:00,2025-01-07 08:44:02,2025-01-20 16:43:38,15.77,2,2,False,150,131,1.1450381679389312,2026-09-29 17:05:57
BSU-734239148762,Benguet State University(BSU),bsu,SUC,2025-01-04 22:16:00,Q1,research and study,SUCCESSFUL,successful,True,True,True,2025-01-31 14:32:00,26.678,2025-01-31 14:32:00,,2025-01-31 14:32:12,26.678,1,1,False,150,131,1.1450381679389312,2026-09-29 17:05:59
BISCAST-025208256975,Bicol State College of Applied Sciences and Technology(BISCAST),biscast,SUC,2025-01-04 22:18:00,Q1,research and study,PENDING,open,False,False,False,,,,,,,0,1,False,150,131,1.1450381679389312,2026-09-29 17:06:02
CNSC-311280840709,Camarines Norte State College(CNSC),cnsc,SUC,2025-01-04 22:19:00,Q1,research and study,ACCEPTED,open,False,False,True,2025-01-06 15:13:00,1.704,2025-01-27 15:26:00,2025-01-06 15:13:14,,,3,1,False,150,131,1.1450381679389312,2026-09-29 17:06:04
CSPC-766365677720,Camarines Sur Polytechnic Colleges(CSPC),cspc,SUC,2025-01-04 22:21:00,Q1,research and study,SUCCESSFUL,successful,True,True,True,2025-01-15 09:35:00,10.468,2025-01-15 09:42:00,,2025-01-15 09:35:37,10.468,2,1,False,150,131,1.1450381679389312,2026-09-29 17:06:06
CARSU-283645916878,Caraga State University(CARSU),carsu,SUC,2025-01-04 22:22:00,Q1,research and study,SUCCESSFUL,successful,True,True,True,2025-01-07 08:53:00,2.438,2025-01-21 09:27:00,2025-01-07 08:53:11,2025-01-21 09:27:48,16.462,2,1,False,150,131,1.1450381679389312,2026-09-29 17:06:07
CSU-564107715541,Catanduanes State University(CSU),csu,SUC,2025-01-04 22:24:00,Q1,research and study,PENDING,open,False,False,False,,,,,,,0,1,False,150,131,1.1450381679389312,2026-09-29 17:06:09
CVSU-690636310184,Cavite State University(CVSU),cvsu,SUC,2025-01-04 22:26:00,Q1,research and study,SUCCESSFUL,successful,True,True,True,2025-01-07 08:17:00,2.41,2025-01-20 09:06:00,2025-01-07 08:17:32,2025-01-20 09:06:24,15.445,2,1,False,150,131,1.1450381679389312,2026-09-29 17:06:11
CPSU-621717339461,Central Philippines State University(CPSU),cpsu,SUC,2025-01-04 22:27:00,Q1,research and study,SUCCESSFUL,successful,True,True,True,2025-02-11 15:28:00,37.709,2025-02-11 16:21:00,2025-02-11 15:28:37,2025-02-11 16:21:48,37.746,5,1,False,150,131,1.1450381679389312,2026-09-29 17:06:13
CFCST-560186360968,Cotabato Foundation College of Science and Technology(CFCST),cfcst,SUC,2025-01-04 22:30:00,Q1,research and study,PENDING,open,False,False,False,,,,,,,0,1,False,150,131,1.1450381679389312,2026-09-29 17:06:15
DDOSC-928861588678,Davao de Oro State College(DDOSC),ddosc,SUC,2025-01-04 22:31:00,Q1,research and study,SUCCESSFUL,successful,True,True,True,2025-06-26 09:11:00,172.444,2025-06-26 09:11:00,,2025-06-26 09:11:30,172.445,1,1,False,150,131,1.1450381679389312,2026-09-29 17:06:17
DDNSC-698932627541,Davao Del Norte State College(DDNSC),ddnsc,SUC,2025-01-04 22:33:00,Q1,research and study,PENDING,open,False,False,False,,,,,,,0,1,False,150,131,1.1450381679389312,2026-09-29 17:06:19
DSSC-726496872393,Davao del Sur State College(DSSC),dssc,SUC,2025-01-04 22:34:00,Q1,research and study,SUCCESSFUL,successful,True,True,True,2025-01-27 17:03:00,22.77,2025-01-28 10:05:00,2025-01-27 17:03:07,2025-01-28 10:05:55,23.48,2,1,False,150,131,1.1450381679389312,2026-09-29 17:06:21
DOSCST-827464219247,Davao Oriental State University(DOSCST),doscst,SUC,2025-01-04 22:35:00,Q1,research and study,SUCCESSFUL,successful,True,True,True,2025-08-12 10:54:00,219.513,2025-08-12 10:54:00,,2025-08-12 10:54:57,219.514,1,1,False,150,131,1.1450381679389312,2026-09-29 17:06:23
DEBESMSCAT-581217793464,"Dr. Emilio B. Espinosa Sr., Memorial State College of Agriculture and Technology(DEBESMSCAT)",debesmscat,SUC,2025-01-04 22:37:00,Q1,research and study,SUCCESSFUL,successful,True,True,True,2026-01-14 10:33:00,374.497,2026-01-14 10:33:00,,2026-01-14 10:33:17,374.497,1,1,False,150,131,1.1450381679389312,2026-09-29 17:06:25
ESSU-955888284995,Eastern Samar State University(ESSU),essu,SUC,2025-01-04 22:38:00,Q1,research and study,SUCCESSFUL,successful,True,True,True,2025-03-14 16:11:00,68.731,2025-03-14 16:11:00,,2025-03-14 16:11:00,68.731,1,1,False,150,131,1.1450381679389312,2026-09-29 17:06:28
GSU-302318543785,Guimaras State University(GSU),gsu,SUC,2025-01-04 22:39:00,Q1,research and study,DENIED,unsuccessful,True,False,True,2025-01-22 15:26:00,17.699,2025-01-22 15:28:00,,2025-01-22 15:28:28,17.701,2,1,False,150,131,1.1450381679389312,2026-09-29 17:06:29
ISPSC-800082306968,Ilocos Sur Polytechnic State College(ISPSC),ispsc,SUC,2025-01-04 22:42:00,Q1,research and study,PENDING,open,False,False,False,,,,,,,0,1,False,150,131,1.1450381679389312,2026-09-29 17:06:31
JHCSC-347957005526,J. H. Cerilles State College(JHCSC),jhcsc,SUC,2025-01-04 22:43:00,Q1,research and study,SUCCESSFUL,successful,True,True,True,2025-07-02 11:00:00,178.512,2025-07-02 11:00:00,,2025-07-02 11:00:39,178.512,1,1,False,150,131,1.1450381679389312,2026-09-29 17:06:34
JRMSU-696088186147,Jose Rizal Memorial State University(JRMSU),jrmsu,SUC,2025-01-04 22:45:00,Q1,research and study,SUCCESSFUL,successful,True,True,True,2025-06-24 16:50:00,170.753,2025-08-08 10:30:00,2025-06-24 16:50:55,2025-08-08 10:30:34,215.49,2,1,False,150,131,1.1450381679389312,2026-09-29 17:06:36
KSU-310428840947,Kalinga State University(KSU),ksu,SUC,2025-01-04 22:46:00,Q1,research and study,PENDING,open,False,False,False,,,,,,,0,1,False,150,131,1.1450381679389312,2026-09-29 17:06:38
MSUGS-703167470803,Mindanao State University-General Santos(MSUGS),msugs,SUC,2025-01-04 22:50:00,Q1,research and study,PENDING,open,False,False,False,,,,,,,0,1,False,150,131,1.1450381679389312,2026-09-29 17:06:40
MPSPC-008803058476,Mountain Province State University(MPSU),mpspc,SUC,2025-01-04 22:51:00,Q1,research and study,CLOSED,unsuccessful,True,False,True,2025-01-27 14:07:00,22.636,2025-01-27 14:10:00,2025-01-27 14:10:46,,,2,1,False,150,131,1.1450381679389312,2026-09-29 17:06:42
NEMSU-661122023403,NORTH EASTERN MINDANAO STATE UNIVERSITY(NEMSU),nemsu,SUC,2025-01-04 22:53:00,Q1,research and study,DENIED,unsuccessful,True,False,True,2025-01-06 16:23:00,1.729,2025-01-14 08:53:00,2025-01-06 16:23:02,2025-01-14 08:53:34,9.417,2,1,False,150,131,1.1450381679389312,2026-09-29 17:06:44
NISU-763878284591,Northern Iloilo State University(NISU),nisu,SUC,2025-01-04 22:54:00,Q1,researach and study,CLOSED,unsuccessful,True,False,True,2025-03-04 08:20:00,58.393,2025-07-15 13:25:00,2025-03-04 08:20:14,,,2,1,False,150,131,1.1450381679389312,2026-09-29 17:06:46
NWSSU-308045882013,Northwest Samar State University(NWSSU),nwssu,SUC,2025-01-04 22:57:00,Q1,research and study,SUCCESSFUL,successful,True,True,True,2025-02-24 09:59:00,50.46,2025-03-05 14:15:00,,2025-03-05 14:15:48,59.638,3,1,False,150,131,1.1450381679389312,2026-09-29 17:06:48
PARSU-204118011720,Partido State University(PARSU),parsu,SUC,2025-01-04 23:00:00,Q1,research and study,SUCCESSFUL,successful,True,True,True,2025-01-14 21:09:00,9.923,2025-02-01 12:10:00,,2025-02-01 12:10:50,27.549,2,1,False,150,131,1.1450381679389312,2026-09-29 17:06:49
QSU-642583840565,Quirino State University(QSU),qsu,SUC,2025-01-04 23:01:00,Q1,research and study,SUCCESSFUL,successful,True,True,True,2025-01-06 13:16:00,1.594,2025-01-08 18:11:00,2025-01-06 13:16:12,2025-01-08 18:11:48,3.799,4,1,False,150,131,1.1450381679389312,2026-09-29 17:06:51
SSU-087926596227,Samar State University(SSU),ssu,SUC,2025-01-04 23:02:00,Q1,research and study,PENDING,open,False,False,False,,,,,,,0,1,False,150,131,1.1450381679389312,2026-09-29 17:06:53
SrSC-519121596719,Sorsogon State University(SrSC),srsc,SUC,2025-01-04 23:04:00,Q1,research and study,ACCEPTED,open,False,False,True,2025-01-16 16:00:00,11.706,2025-01-16 16:09:00,2025-01-16 16:09:41,,,2,1,False,150,131,1.1450381679389312,2026-09-29 17:06:56
SUSC-547366347103,Sulu State College(SUSC),susc,SUC,2025-01-04 23:05:00,Q1,research and study,ACCEPTED,open,False,False,True,2025-01-05 17:12:00,0.755,2025-01-31 17:41:00,2025-01-05 17:12:53,,,4,1,False,150,131,1.1450381679389312,2026-09-29 17:06:58
SSCT-047289366263,Surigao Del Norte State University(SSCT),ssct,SUC,2025-01-04 23:06:00,Q1,research and study,SUCCESSFUL,successful,True,True,True,2025-01-27 14:23:00,22.637,2025-01-27 14:23:00,,2025-01-27 14:23:17,22.637,1,1,False,150,131,1.1450381679389312,2026-09-29 17:07:00
WMSU-838828206927,Western Mindanao State University(WMSU),wmsu,SUC,2025-01-04 23:07:00,Q1,research and study,PENDING,open,False,False,False,,,,,,,0,1,False,150,131,1.1450381679389312,2026-09-29 17:07:02
ZCSPC-214606257658,Zamboanga Peninsula Polytechnic State University(ZCSPC),zcspc,SUC,2025-01-04 23:09:00,Q1,research and study,PENDING,open,False,False,False,,,,,,,0,1,False,150,131,1.1450381679389312,2026-09-29 17:07:05
PNP-193640545654,Philippine National Police(PNP),pnp,LEA,2025-01-05 13:46:00,Q1,This will be use for my architectural thesis study,SUCCESSFUL,successful,True,True,True,2025-01-06 09:20:00,0.815,2025-01-17 09:15:00,2025-01-06 09:20:15,2025-01-17 09:15:46,11.812,2,1,False,124,104,1.1923076923076923,2026-09-29 17:07:07
PNP-923161779887,Philippine National Police(PNP),pnp,LEA,2025-01-05 13:53:00,Q1,This will be use for my architectural thesis stduy,SUCCESSFUL,successful,True,True,True,2025-01-06 09:20:00,0.81,2025-01-17 09:15:00,2025-01-06 09:20:39,2025-01-17 09:15:21,11.807,2,1,False,124,104,1.1923076923076923,2026-09-29 17:07:09
PNP-194013959169,Philippine National Police(PNP),pnp,LEA,2025-01-05 20:49:00,Q1,"The information is intended to be used in finalizing the guidelines for underwriting politically exposed persons before, during, and after the elections.",DENIED,unsuccessful,True,False,True,2025-01-06 15:07:00,0.762,2025-06-20 12:42:00,2025-01-06 15:07:33,2025-06-20 12:42:49,165.662,4,1,False,124,104,1.1923076923076923,2026-09-29 17:07:10
PSAU-081275619668,Pampanga State Agricultural University(PSAU),psau,SUC,2025-01-05 21:51:00,Q1,Undergraduate Thesis,SUCCESSFUL,successful,True,True,True,2025-01-06 11:06:00,0.552,2025-01-08 14:55:00,2025-01-06 11:06:46,2025-01-08 14:55:40,2.712,2,1,False,150,131,1.1450381679389312,2026-09-29 17:07:12
DOH-161244329264,Department of Health(DOH),doh,NGA,2025-01-05 23:43:00,Q1,benchmarking for my healthcare institution ],DENIED,unsuccessful,True,False,True,2025-01-06 13:38:00,0.58,2025-01-15 11:34:00,2025-01-06 13:38:31,2025-01-15 11:34:12,9.494,2,1,False,3956,97,40.78350515463917,2026-09-29 17:07:14
PAGCOR-931977840489,Philippine Amusement and Gaming Corporation(PAGCOR),pagcor,GOCC,2025-01-06 08:25:00,Q1,Research and reference,DENIED,unsuccessful,True,False,True,2025-01-27 11:29:00,21.128,2025-01-27 14:23:00,2025-01-27 11:29:29,2025-01-27 14:23:41,21.249,2,1,False,410,96,4.270833333333333,2026-09-29 17:07:16
PUP-775335086278,Polytechnic University of the Philippines(PUP),pup,SUC,2025-01-06 19:07:00,Q1,Reset my Online Account,SUCCESSFUL,successful,True,True,True,2025-01-08 18:47:00,1.986,2025-01-08 18:47:00,,2025-01-08 18:47:28,1.986,1,1,False,150,131,1.1450381679389312,2026-09-29 17:07:18
DENRFMB-421008751267,Forest Management Bureau(DENRFMB),denrfmb,NGA,2025-01-06 22:42:00,Q1,For Academic Research,SUCCESSFUL,successful,True,True,True,2025-01-10 16:54:00,3.758,2025-02-18 15:25:00,2025-01-10 16:54:20,2025-02-18 15:25:02,42.697,2,1,False,3956,97,40.78350515463917,2026-09-29 17:07:20
PNP-677112408273,Philippine National Police(PNP),pnp,LEA,2025-01-07 11:44:00,Q1,"Academics, Physical Fitness and Health.",DENIED,unsuccessful,True,False,True,2025-01-07 15:24:00,0.153,2025-02-05 14:27:00,2025-01-07 15:24:28,2025-02-05 14:27:17,29.113,8,1,False,124,104,1.1923076923076923,2026-09-29 17:07:23
DOH-958324611199,Department of Health(DOH),doh,NGA,2025-01-07 14:53:00,Q1,Employment,SUCCESSFUL,successful,True,True,True,2025-01-07 16:30:00,0.067,2025-01-07 16:30:00,,2025-01-07 16:30:06,0.067,1,1,False,3956,97,40.78350515463917,2026-09-29 17:07:25
PUP-547771855714,Polytechnic University of the Philippines(PUP),pup,SUC,2025-01-07 15:05:00,Q1,University Recruitment,SUCCESSFUL,successful,True,True,True,2025-02-05 16:27:00,29.057,2025-02-05 16:27:00,,2025-02-05 16:27:06,29.057,1,1,False,150,131,1.1450381679389312,2026-09-29 17:07:26
SBMA-693703939152,Subic Bay Metropolitan Authority(SBMA),sbma,GOCC,2025-01-08 09:27:00,Q1,Evidence in Court,SUCCESSFUL,successful,True,True,True,2025-01-22 10:33:00,14.046,2025-01-22 10:33:00,,2025-01-22 10:33:22,14.046,1,1,False,410,96,4.270833333333333,2026-09-29 17:07:28
NLRCom-860843660497,National Labor Relations Commission(NLRCom),nlrcom,NGA,2025-01-08 10:01:00,Q1,For request of NLRC Certificate of No Pending Case,SUCCESSFUL,successful,True,True,True,2025-01-10 08:18:00,1.928,2025-01-14 11:36:00,2025-01-10 08:18:16,2025-01-14 11:36:44,6.066,2,1,False,3956,97,40.78350515463917,2026-09-29 17:07:29
ASTI-267870926537,Advanced Science and Technology Institute(ASTI),asti,NGA,2025-01-08 13:56:00,Q1,Undergraduate Thesis,SUCCESSFUL,successful,True,True,True,2025-01-08 14:01:00,0.003,2025-01-21 17:34:00,2025-01-08 14:01:17,2025-01-21 17:34:13,13.152,2,1,False,3956,97,40.78350515463917,2026-09-29 17:07:47
DPWH-834098939706,Department of Public Works and Highways(DPWH),dpwh,NGA,2025-01-08 14:07:00,Q1,For teem project in Reinforced Concrete Design,DENIED,unsuccessful,True,False,True,2025-01-08 14:34:00,0.019,2025-01-08 14:34:00,,2025-01-08 14:34:23,0.019,1,1,False,3956,97,40.78350515463917,2026-09-29 17:07:49
PNP-728008560527,Philippine National Police(PNP),pnp,LEA,2025-01-08 15:45:00,Q1,Research and Development,PARTIALLY SUCCESSFUL,partially successful,True,True,True,2025-01-08 16:27:00,0.029,2025-01-28 17:14:00,2025-01-08 16:27:46,2025-01-28 17:14:56,20.062,2,1,False,124,104,1.1923076923076923,2026-09-29 17:07:51
DSWD-699653991822,Department of Social Welfare and Development(DSWD),dswd,NGA,2025-01-09 00:10:00,Q1,Research for Academe and Capacity Building project,SUCCESSFUL,successful,True,True,True,2025-01-09 09:07:00,0.373,2025-01-09 09:07:00,,2025-01-09 09:07:08,0.373,1,1,False,3956,97,40.78350515463917,2026-09-29 17:07:52
BAI-583691720615,Bureau of Animal Industry(BAI),bai,NGA,2025-01-09 15:37:00,Q1,Personal Reference,PENDING,open,False,False,False,,,,,,,0,1,False,3956,97,40.78350515463917,2026-09-29 17:07:54
PICC-965876203636,Philippine International Convention Center(PICC),picc,GOCC,2025-01-11 14:59:00,Q1,Academic Purposes only,PENDING,open,False,False,False,,,,,,,0,1,False,410,96,4.270833333333333,2026-09-29 17:08:08
DENRLMB-637549047088,Land Management Bureau(DENRLMB),denrlmb,NGA,2025-01-11 22:26:00,Q1,Research Purposes,SUCCESSFUL,successful,True,True,True,2025-01-15 12:28:00,3.585,2025-02-18 12:24:00,2025-01-15 12:28:54,2025-02-18 12:24:54,37.583,2,1,False,3956,97,40.78350515463917,2026-09-29 17:08:10
DOH-404998008467,Department of Health(DOH),doh,NGA,2025-01-11 22:27:00,Q1,Undergraduate Thesis,SUCCESSFUL,successful,True,True,True,2025-01-15 10:02:00,3.483,2025-01-30 18:32:00,2025-01-15 10:02:48,2025-01-30 18:32:53,18.837,2,1,False,3956,97,40.78350515463917,2026-09-29 17:08:13
MIAA-349362422973,Manila International Airport Authority(MIAA),miaa,GOCC,2025-01-11 23:53:00,Q1,Research and documentation for Wikipedia,SUCCESSFUL,successful,True,True,True,2025-01-23 14:19:00,11.601,2025-01-31 15:12:00,2025-01-23 14:19:28,2025-01-31 15:12:50,19.639,2,1,False,410,96,4.270833333333333,2026-09-29 17:08:14
USAP-787959807036,"City of Pasig, NCR(USAP)",usap,LGU,2025-01-13 00:45:00,Q1,Architectural Thesis,SUCCESSFUL,successful,True,True,True,2025-01-20 12:05:00,7.472,2025-02-10 10:01:00,2025-01-20 12:05:37,2025-02-10 10:01:50,28.387,3,1,False,44,44,1.0,2026-09-29 17:08:17
DOE-456067953525,Department of Energy(DOE),doe,NGA,2025-01-13 08:24:00,Q1,Research and development,CLOSED,unsuccessful,True,False,True,2025-01-15 09:44:00,2.056,2025-01-15 09:44:00,2025-01-15 09:44:26,,,1,1,False,3956,97,40.78350515463917,2026-09-29 17:08:19
BATSU-835479083031,Batangas State University(BATSU),batsu,SUC,2025-01-13 10:35:00,Q1,research and study,SUCCESSFUL,successful,True,True,True,2025-01-13 11:29:00,0.038,2025-01-13 11:51:00,2025-01-13 11:29:31,2025-01-13 11:51:41,0.053,2,1,False,150,131,1.1450381679389312,2026-09-29 17:08:20
BATSU-758346031476,Batangas State University(BATSU),batsu,SUC,2025-01-13 10:35:00,Q1,Research and study,SUCCESSFUL,successful,True,True,True,2025-01-13 11:20:00,0.031,2025-01-23 10:56:00,2025-01-13 11:20:42,2025-01-23 10:56:09,10.015,2,1,False,150,131,1.1450381679389312,2026-09-29 17:08:22
BATSU-415381142842,Batangas State University(BATSU),batsu,SUC,2025-01-13 10:36:00,Q1,research and study,SUCCESSFUL,successful,True,True,True,2025-01-13 15:41:00,0.212,2025-01-17 08:34:00,2025-01-13 15:41:56,2025-01-17 08:34:58,3.916,2,1,False,150,131,1.1450381679389312,2026-09-29 17:08:27
BATSU-525397729107,Batangas State University(BATSU),batsu,SUC,2025-01-13 10:37:00,Q1,research and study,SUCCESSFUL,successful,True,True,True,2025-01-13 11:31:00,0.038,2025-01-22 09:47:00,2025-01-13 11:31:02,2025-01-22 09:47:15,8.965,2,1,False,150,131,1.1450381679389312,2026-09-29 17:08:30
TPB-912157968371,Tourism Promotions Board Philippines(TPB),tpb,GOCC,2025-01-13 10:52:00,Q1,Market Study,PENDING,open,False,False,False,,,,,,,0,2,False,410,96,4.270833333333333,2026-09-29 17:08:32
CCP-191736856936,Cultural Center of the Philippines(CCP),ccp,GOCC,2025-01-13 11:00:00,Q1,Market Study,SUCCESSFUL,successful,True,True,True,2025-02-07 15:56:00,25.206,2025-02-07 15:56:00,,2025-02-07 15:56:03,25.206,1,1,False,410,96,4.270833333333333,2026-09-29 17:08:34
NEA-341236340264,National Electrification Administration(NEA),nea,GOCC,2025-01-13 11:43:00,Q1,For market research,SUCCESSFUL,successful,True,True,True,2025-01-14 13:29:00,1.074,2025-01-30 17:13:00,2025-01-14 13:29:03,2025-01-30 17:13:11,17.229,4,1,False,410,96,4.270833333333333,2026-09-29 17:08:35
SJWD-816716268814,San Juan Water District(SJWD),sjwd,WATER-DISTRICT,2025-01-13 12:21:00,Q1,Architectural Thesis,SUCCESSFUL,successful,True,True,True,2025-08-08 10:12:00,206.91,2025-08-08 10:19:00,2025-08-08 10:18:15,2025-08-08 10:19:38,206.916,3,1,False,17,17,1.0,2026-09-29 17:08:38
USEP-587143186265,University of Southeastern Philippines(USEP),usep,SUC,2025-01-13 13:20:00,Q1,For my reference.,SUCCESSFUL,successful,True,True,True,2025-01-13 13:27:00,0.005,2025-01-16 08:48:00,2025-01-13 13:27:19,2025-01-16 08:48:16,2.811,2,1,False,150,131,1.1450381679389312,2026-09-29 17:08:40
SSS-493323602763,Social Security System(SSS),sss,GOCC,2025-01-14 08:50:00,Q1,employment,DENIED,unsuccessful,True,False,True,2025-01-14 11:47:00,0.123,2025-01-14 11:47:00,,2025-01-14 11:47:25,0.123,1,1,False,410,96,4.270833333333333,2026-09-29 17:08:42
PNP-248604871750,Philippine National Police(PNP),pnp,LEA,2025-01-14 10:41:00,Q1,2024 ANNUAL REGIONAL CRIME ASSESSMENT REPORT,SUCCESSFUL,successful,True,True,True,2025-01-14 13:31:00,0.118,2025-02-05 13:40:00,2025-01-14 13:31:44,2025-02-05 13:40:11,22.124,2,1,False,124,104,1.1923076923076923,2026-09-29 17:08:43
LTFRB-604032460182,Land Transportation Franchising and Regulatory Board(LTFRB),ltfrb,NGA,2025-01-14 11:51:00,Q1,Renewal of registration of a truck for hire unit,SUCCESSFUL,successful,True,True,True,2025-02-12 16:05:00,29.176,2025-02-12 16:05:00,,2025-02-12 16:05:45,29.177,1,1,False,3956,97,40.78350515463917,2026-09-29 17:08:45
DAR-038542676577,Department of Agrarian Reform(DAR),dar,NGA,2025-01-14 13:16:00,Q1,For personal use locating my grandparents rice land,CLOSED,unsuccessful,True,False,True,2025-01-23 23:27:00,9.424,2025-08-09 21:56:00,2025-01-23 23:27:06,,,2,1,False,3956,97,40.78350515463917,2026-09-29 17:08:47
PNP-433261374364,Philippine National Police(PNP),pnp,LEA,2025-01-14 16:01:00,Q1,Research and Development,SUCCESSFUL,successful,True,True,True,2025-01-15 09:29:00,0.728,2025-01-16 11:01:00,2025-01-15 09:29:22,2025-01-16 11:01:06,1.792,3,1,False,124,104,1.1923076923076923,2026-09-29 17:08:49
DPWH-057908018540,Department of Public Works and Highways(DPWH),dpwh,NGA,2025-01-14 18:53:00,Q1,For Academic Research/Thesis,SUCCESSFUL,successful,True,True,True,2025-01-15 07:46:00,0.537,2025-02-14 08:58:00,2025-01-15 07:46:02,2025-02-14 08:58:06,30.587,2,1,False,3956,97,40.78350515463917,2026-09-29 17:08:50
GSIS-101239564214,Government Service Insurance System(GSIS),gsis,GOCC,2025-01-14 21:37:00,Q1,for a Visa Application to be submitted to match my Income Tax Record.,SUCCESSFUL,successful,True,True,True,2025-01-20 13:52:00,5.677,2025-01-20 13:52:00,,2025-01-20 13:52:35,5.677,1,1,False,410,96,4.270833333333333,2026-09-29 17:08:53
USEP-449584803972,University of Southeastern Philippines(USEP),usep,SUC,2025-01-15 08:15:00,Q1,University Recruitment,SUCCESSFUL,successful,True,True,True,2025-01-15 08:32:00,0.012,2025-01-16 13:23:00,2025-01-15 08:32:41,2025-01-16 13:23:46,1.214,2,1,False,150,131,1.1450381679389312,2026-09-29 17:08:55
DENRBMB-470212654131,Biodiversity Management Bureau(DENRBMB),denrbmb,NGA,2025-01-15 08:52:00,Q1,data gathering for architectural thesis,DENIED,unsuccessful,True,False,True,2025-07-03 22:14:00,169.557,2025-07-03 22:14:00,,2025-07-03 22:14:01,169.557,1,2,False,3956,97,40.78350515463917,2026-09-29 17:08:57
DOH-404655155152,Department of Health(DOH),doh,NGA,2025-01-15 15:08:00,Q1,Undergraduate thesis data,SUCCESSFUL,successful,True,True,True,2025-01-17 14:43:00,1.983,2025-02-14 15:03:00,2025-01-17 14:43:31,2025-02-14 15:03:07,29.997,2,1,False,3956,97,40.78350515463917,2026-09-29 17:08:58
PEZA-245169579141,Philippine Economic Zone Authority(PEZA),peza,GOCC,2025-01-15 18:43:00,Q1,Architectural Capstone,PENDING,open,False,False,False,,,,,,,0,1,False,410,96,4.270833333333333,2026-09-29 17:09:00
DSWD-051426636192,Department of Social Welfare and Development(DSWD),dswd,NGA,2025-01-15 19:22:00,Q1,Research / Thesis Writing,SUCCESSFUL,successful,True,True,True,2025-01-16 14:06:00,0.781,2025-02-04 11:01:00,2025-01-16 14:06:20,2025-02-04 11:01:05,19.652,4,2,False,3956,97,40.78350515463917,2026-09-29 17:09:02
DepEd-707313290402,Department of Education(DepEd),deped,NGA,2025-01-16 01:38:00,Q1,We are using this student enrollment data for an internal research study.,SUCCESSFUL,successful,True,True,True,2025-01-16 10:07:00,0.353,2025-08-08 07:53:00,2025-01-16 10:07:28,2025-08-08 07:53:23,204.261,4,1,False,3956,97,40.78350515463917,2026-09-29 17:09:03
PNP-563305059095,Philippine National Police(PNP),pnp,LEA,2025-01-16 11:55:00,Q1,Research Paper Data,DENIED,unsuccessful,True,False,True,2025-01-17 10:00:00,0.92,2025-06-20 14:56:00,2025-01-17 10:00:36,2025-06-20 14:56:00,155.126,4,1,False,124,104,1.1923076923076923,2026-09-29 17:09:07
PEZA-128605543393,Philippine Economic Zone Authority(PEZA),peza,GOCC,2025-01-16 15:30:00,Q1,Research and development,PENDING,open,False,False,False,,,,,,,0,3,False,410,96,4.270833333333333,2026-09-29 17:09:09
PNP-422924705506,Philippine National Police(PNP),pnp,LEA,2025-01-17 16:15:00,Q1,Research and Development,DENIED,unsuccessful,True,False,True,2025-01-19 21:39:00,2.225,2025-06-20 15:31:00,2025-01-19 21:39:52,2025-06-20 15:31:02,153.969,3,1,False,124,104,1.1923076923076923,2026-09-29 17:09:13
MARINA-300640360937,Maritime Industry Authority(MARINA),marina,NGA,2025-01-17 16:42:00,Q1,background check,DENIED,unsuccessful,True,False,True,2025-01-20 10:41:00,2.749,2025-02-03 08:57:00,,2025-02-03 08:57:32,16.677,2,1,False,3956,97,40.78350515463917,2026-09-29 17:09:15
PCA-190034643353,Philippine Coconut Authority(PCA),pca,GOCC,2025-01-18 12:45:00,Q1,Research and Development,PROCESSING,open,False,False,True,2025-01-21 15:41:00,3.122,2025-01-23 16:30:00,2025-01-23 16:30:46,,,2,1,False,410,96,4.270833333333333,2026-09-29 17:09:16
DOH-951280750929,Department of Health(DOH),doh,NGA,2025-01-19 20:20:00,Q1,Defense presentation,DENIED,unsuccessful,True,False,True,2025-01-20 15:25:00,0.795,2025-01-28 10:28:00,2025-01-20 15:25:05,2025-01-28 10:28:51,8.589,2,1,False,3956,97,40.78350515463917,2026-09-29 17:09:19
USAP-490123844055,"City of Pasig, NCR(USAP)",usap,LGU,2025-01-20 10:31:00,Q1,"As resident adjacent to the said building, we deserve to know if the construction of the said building has been compliant and have legal papers as we are taxpayers and directly affected by this.",SUCCESSFUL,successful,True,True,True,2025-01-20 12:06:00,0.066,2025-02-13 10:02:00,2025-01-20 12:06:07,2025-02-13 10:02:31,23.98,3,1,False,44,44,1.0,2026-09-29 17:09:21
MGB-100954712561,Mines and Geosciences Bureau(MGB),mgb,NGA,2025-01-20 11:28:00,Q1,"For updating the Climate and Disaster Risk Assessment of San Narciso, Zambales",SUCCESSFUL,successful,True,True,True,2025-01-20 13:32:00,0.086,2025-01-24 10:43:00,2025-01-20 13:32:12,2025-01-24 10:43:51,3.969,2,1,False,3956,97,40.78350515463917,2026-09-29 17:09:22
PNP-853355153390,Philippine National Police(PNP),pnp,LEA,2025-01-21 08:44:00,Q1,Undergraduate Thesis,SUCCESSFUL,successful,True,True,True,2025-01-21 10:16:00,0.064,2025-01-30 09:52:00,2025-01-21 10:16:41,2025-01-30 09:52:44,9.048,3,2,False,124,104,1.1923076923076923,2026-09-29 17:09:26
GSIS-633795844294,Government Service Insurance System(GSIS),gsis,GOCC,2025-01-21 13:23:00,Q1,for signing in a gsis touch app,SUCCESSFUL,successful,True,True,True,2025-02-11 14:46:00,21.058,2025-02-11 14:46:00,,2025-02-11 14:46:17,21.058,1,1,False,410,96,4.270833333333333,2026-09-29 17:09:28
SSS-156841705338,Social Security System(SSS),sss,GOCC,2025-01-22 09:46:00,Q1,Resetting Account,CLOSED,unsuccessful,True,False,True,2025-01-22 13:31:00,0.156,2025-01-22 13:31:00,2025-01-22 13:31:11,,,1,1,False,410,96,4.270833333333333,2026-09-29 17:09:30
PUP-102790655408,Polytechnic University of the Philippines(PUP),pup,SUC,2025-01-22 10:55:00,Q1,Masters Thesis,SUCCESSFUL,successful,True,True,True,2025-02-05 18:26:00,14.313,2025-02-05 18:26:00,,2025-02-05 18:26:12,14.313,1,1,False,150,131,1.1450381679389312,2026-09-29 17:09:32
PPA-689798605447,Philippine Ports Authority(PPA),ppa,GOCC,2025-01-22 13:22:00,Q1,Market research,REFERRED,referred,False,False,False,,,,,,,0,1,False,410,96,4.270833333333333,2026-09-29 17:09:34
PLGUB-762320368387,"Province of Benguet, CAR(PLGUB)",plgub,LGU,2025-01-22 14:10:00,Q1,Research and Development,DENIED,unsuccessful,True,False,True,2025-02-11 08:16:00,19.754,2025-02-11 08:16:00,,2025-02-11 08:16:29,19.755,1,1,False,44,44,1.0,2026-09-29 17:09:36
PNP-549366482380,Philippine National Police(PNP),pnp,LEA,2025-01-22 15:37:00,Q1,Insurace claim,SUCCESSFUL,successful,True,True,True,2025-01-22 20:49:00,0.217,2025-01-31 08:55:00,2025-01-22 20:49:26,2025-01-31 08:55:02,8.721,3,1,False,124,104,1.1923076923076923,2026-09-29 17:09:38
NFA-402626319970,National Food Authority(NFA),nfa,GOCC,2025-01-22 16:00:00,Q1,For validation purposes,SUCCESSFUL,successful,True,True,True,2025-03-06 09:17:00,42.72,2025-03-06 09:17:00,,2025-03-06 09:17:37,42.721,1,2,False,410,96,4.270833333333333,2026-09-29 17:09:40
PCA-245186257695,Philippine Coconut Authority(PCA),pca,GOCC,2025-01-22 17:54:00,Q1,Plant Design,PROCESSING,open,False,False,True,2025-01-23 16:41:00,0.949,2025-01-23 16:50:00,2025-01-23 16:41:46,,,2,1,False,410,96,4.270833333333333,2026-09-29 17:09:41
DOH-852160498371,Department of Health(DOH),doh,NGA,2025-01-22 18:35:00,Q1,I need it for my work employment,SUCCESSFUL,successful,True,True,True,2025-01-23 11:40:00,0.712,2025-01-23 11:40:00,,2025-01-23 11:40:40,0.712,1,1,False,3956,97,40.78350515463917,2026-09-29 17:10:52
DOH-739782456543,Department of Health(DOH),doh,NGA,2025-01-22 19:05:00,Q1,Thesis proposal,CLOSED,unsuccessful,True,False,True,2025-01-23 13:44:00,0.777,2025-07-31 15:33:00,2025-01-23 13:44:10,,,2,1,False,3956,97,40.78350515463917,2026-09-29 17:10:55
PSA-460583548027,Philippine Statistics Authority(PSA),psa,NGA,2025-01-22 20:37:00,Q1,Market Study for Plant Design,PARTIALLY SUCCESSFUL,partially successful,True,True,True,2025-01-24 12:52:00,1.677,2025-01-24 12:52:00,,2025-01-24 12:52:39,1.678,1,1,False,3956,97,40.78350515463917,2026-09-29 17:10:57
CAAP-675629677895,Civil Aviation Authority of the Philippines(CAAP),caap,GOCC,2025-01-23 07:04:00,Q1,Architectural Design Research,SUCCESSFUL,successful,True,True,True,2025-01-24 16:52:00,1.408,2025-01-24 16:52:00,,2025-01-24 16:52:57,1.409,1,1,False,410,96,4.270833333333333,2026-09-29 17:10:59
PNP-583227625788,Philippine National Police(PNP),pnp,LEA,2025-01-23 10:47:00,Q1,To be informed and for research,DENIED,unsuccessful,True,False,True,2025-01-23 14:14:00,0.144,2025-01-28 14:49:00,2025-01-23 14:14:36,2025-01-28 14:49:40,5.169,5,1,False,124,104,1.1923076923076923,2026-09-29 17:11:01
GSIS-447706359841,Government Service Insurance System(GSIS),gsis,GOCC,2025-01-23 11:24:00,Q1,gsis touch app signing in requirements,SUCCESSFUL,successful,True,True,True,2025-02-11 14:45:00,19.14,2025-02-11 14:45:00,,2025-02-11 14:45:38,19.14,1,1,False,410,96,4.270833333333333,2026-09-29 17:11:03
NTC-061970403306,National Telecommunications Commission(NTC),ntc,NGA,2025-01-23 13:56:00,Q1,Tracking location of my Lost device,SUCCESSFUL,successful,True,True,True,2025-01-28 09:46:00,4.826,2025-01-28 09:46:00,,2025-01-28 09:46:20,4.827,1,1,False,3956,97,40.78350515463917,2026-09-29 17:11:06
BATSU-287428644013,Batangas State University(BATSU),batsu,SUC,2025-01-23 15:47:00,Q1,This study aims to create a framework design for GEDSI that is aligned with the higher education context.,SUCCESSFUL,successful,True,True,True,2025-01-23 16:12:00,0.017,2025-01-27 15:25:00,2025-01-23 16:12:45,2025-01-27 15:25:50,3.985,2,1,False,150,131,1.1450381679389312,2026-09-29 17:11:07
UPD-159270800480,University of the Philippines Diliman(UPD),upd,SUC,2025-01-23 15:55:00,Q1,This study aims to revisit GEDSI issues to propose a GEDSI framework aligned with the context of higher education.,DENIED,unsuccessful,True,False,True,2025-01-27 09:15:00,3.722,2025-02-13 12:11:00,2025-01-27 09:15:36,2025-02-13 12:11:50,20.845,2,1,False,150,131,1.1450381679389312,2026-09-29 17:11:09
TSU-993566176637,Tarlac State University(TSU),tsu,SUC,2025-01-23 15:58:00,Q1,This study aims to revisit GEDSI issues to propose a GEDSI framework aligned with the context of higher education.,SUCCESSFUL,successful,True,True,True,2025-01-24 13:03:00,0.878,2025-02-13 17:19:00,2025-01-24 13:03:06,2025-02-13 17:19:46,21.057,2,1,False,150,131,1.1450381679389312,2026-09-29 17:11:11
MMSU-041231828546,Mariano Marcos State University(MMSU),mmsu,SUC,2025-01-23 16:07:00,Q1,The study aims to revisit GEDSI issues to propose a GEDSI framework aligned with the context of higher education.,PENDING,open,False,False,False,,,,,,,0,1,False,150,131,1.1450381679389312,2026-09-29 17:11:12
CNU-491248626404,Cebu Normal University(CNU),cnu,SUC,2025-01-23 16:14:00,Q1,This study aims to revisit GEDSI issues to propose a GEDSI framework aligned with the context of higher education.,SUCCESSFUL,successful,True,True,True,2025-01-24 10:57:00,0.78,2025-08-12 11:32:00,2025-01-24 10:57:53,2025-08-12 11:32:38,200.805,2,1,False,150,131,1.1450381679389312,2026-09-29 17:11:14
CTU-484786926173,Cebu Technological University(CTU),ctu,SUC,2025-01-23 16:17:00,Q1,The study aims to revisit GEDSI issues to propose a GEDSI framework with the context of higher education.,PENDING,open,False,False,False,,,,,,,0,1,False,150,131,1.1450381679389312,2026-09-29 17:11:16
PNP-860287480702,Philippine National Police(PNP),pnp,LEA,2025-01-23 21:20:00,Q1,Research Study/Thesis for Graduate Studies,SUCCESSFUL,successful,True,True,True,2025-01-24 10:09:00,0.534,2025-02-24 15:29:00,2025-01-24 10:09:15,2025-02-24 15:29:51,31.757,3,3,False,124,104,1.1923076923076923,2026-09-29 17:11:18
PSA-393705517437,Philippine Statistics Authority(PSA),psa,NGA,2025-01-24 08:59:00,Q1,Undergraduate Thesis,PARTIALLY SUCCESSFUL,partially successful,True,True,True,2025-01-27 07:51:00,2.953,2025-01-27 07:51:00,,2025-01-27 07:51:42,2.953,1,1,False,3956,97,40.78350515463917,2026-09-29 17:11:20
PNP-834268380928,Philippine National Police(PNP),pnp,LEA,2025-01-24 12:07:00,Q1,Thesis paper,PARTIALLY SUCCESSFUL,partially successful,True,True,True,2025-01-26 19:10:00,2.294,2025-02-04 15:32:00,2025-01-26 19:10:40,2025-02-04 15:32:21,11.143,2,1,False,124,104,1.1923076923076923,2026-09-29 17:11:21
UPD-518087117545,University of the Philippines Diliman(UPD),upd,SUC,2025-01-24 12:12:00,Q1,For personal reading.,DENIED,unsuccessful,True,False,True,2025-01-27 09:21:00,2.881,2025-01-27 09:21:00,,2025-01-27 09:21:38,2.882,1,1,False,150,131,1.1450381679389312,2026-09-29 17:11:23
UPPGH-259301813594,University of the Philippines - Philippine General Hospital(UPPGH),uppgh,SUC,2025-01-24 13:43:00,Q1,Thesis/Research,CLOSED,unsuccessful,True,False,True,2025-01-30 13:21:00,5.985,2025-08-08 09:00:00,2025-01-30 13:21:47,,,2,1,False,150,131,1.1450381679389312,2026-09-29 17:11:29
PCW-124161661816,Philippine Commission on Women(PCW),pcw,NGA,2025-01-24 16:29:00,Q1,Research and development,SUCCESSFUL,successful,True,True,True,2025-01-27 10:48:00,2.763,2025-01-28 14:07:00,2025-01-27 10:48:19,2025-01-28 14:07:10,3.902,2,1,False,3956,97,40.78350515463917,2026-09-29 17:11:31
DPWH-793960355034,Department of Public Works and Highways(DPWH),dpwh,NGA,2025-01-24 18:12:00,Q1,For filing and verification,SUCCESSFUL,successful,True,True,True,2025-01-27 07:49:00,2.567,2025-01-31 15:18:00,2025-01-27 07:49:13,2025-01-31 15:18:50,6.88,2,1,False,3956,97,40.78350515463917,2026-09-29 17:11:33
ASCOT-685264166025,Aurora State College of Technology(ASCOT),ascot,SUC,2025-01-25 09:51:00,Q1,Dissertation,SUCCESSFUL,successful,True,True,True,2025-01-28 09:40:00,2.992,2025-01-30 23:16:00,2025-01-28 09:40:54,2025-01-30 23:16:51,5.56,2,1,False,150,131,1.1450381679389312,2026-09-29 17:11:35
BASC-556099799899,Bulacan Agricultural State College(BASC),basc,SUC,2025-01-25 10:05:00,Q1,Dissertation,SUCCESSFUL,successful,True,True,True,2025-01-27 08:17:00,1.925,2025-01-28 10:14:00,2025-01-27 08:17:10,2025-01-28 10:14:49,3.007,2,1,False,150,131,1.1450381679389312,2026-09-29 17:11:37
BPSU-974139849096,Bataan Peninsula State University(BPSU),bpsu,SUC,2025-01-25 10:10:00,Q1,dissertation,SUCCESSFUL,successful,True,True,True,2025-02-10 14:37:00,16.185,2025-02-10 17:29:00,2025-02-10 14:37:07,2025-02-10 17:29:13,16.305,2,1,False,150,131,1.1450381679389312,2026-09-29 17:11:39
CLSU-148778635072,Central Luzon State University(CLSU),clsu,SUC,2025-01-25 10:15:00,Q1,Dissertation,SUCCESSFUL,successful,True,True,True,2025-01-27 13:33:00,2.138,2025-02-03 10:17:00,2025-01-27 13:33:24,2025-02-03 10:17:03,9.001,2,1,False,150,131,1.1450381679389312,2026-09-29 17:11:40
NEUST-553009914894,Nueva Ecija University of Science and Technology(NEUST),neust,SUC,2025-01-25 10:20:00,Q1,Dissertation,SUCCESSFUL,successful,True,True,True,2025-08-08 07:39:00,194.888,2025-08-08 07:48:00,2025-08-08 07:39:54,2025-08-08 07:48:57,194.895,2,1,False,150,131,1.1450381679389312,2026-09-29 17:11:43
PSAU-904098277203,Pampanga State Agricultural University(PSAU),psau,SUC,2025-01-25 10:24:00,Q1,Dissertation,SUCCESSFUL,successful,True,True,True,2025-01-27 08:18:00,1.912,2025-02-03 13:29:00,2025-01-27 08:18:36,2025-02-03 13:29:37,9.129,2,1,False,150,131,1.1450381679389312,2026-09-29 17:11:44
PRMSU-504547408192,President Ramon Magsaysay State University(PRMSU),prmsu,SUC,2025-01-25 10:29:00,Q1,Dissertation,SUCCESSFUL,successful,True,True,True,2025-02-03 15:29:00,9.208,2025-08-08 08:51:00,2025-02-03 15:29:39,2025-08-08 08:51:10,194.932,2,3,False,150,131,1.1450381679389312,2026-09-29 17:11:46
TAU-157418816475,Tarlac Agricultural University(TAU),tau,SUC,2025-01-25 10:34:00,Q1,Dissertation,SUCCESSFUL,successful,True,True,True,2026-03-12 13:48:00,411.135,2026-03-12 13:48:00,,2026-03-12 13:48:46,411.135,1,2,False,150,131,1.1450381679389312,2026-09-29 17:11:48
BULSU-405460258156,Bulacan State University(BULSU),bulsu,SUC,2025-01-25 10:54:00,Q1,Dissertation,SUCCESSFUL,successful,True,True,True,2025-01-30 16:00:00,5.212,2025-02-12 15:15:00,2025-01-30 16:28:56,2025-02-12 15:15:46,18.182,3,1,False,150,131,1.1450381679389312,2026-09-29 17:11:51
PNP-091537862238,Philippine National Police(PNP),pnp,LEA,2025-01-26 18:54:00,Q1,Research and Development,SUCCESSFUL,successful,True,True,True,2025-01-26 19:12:00,0.012,2025-01-31 11:50:00,2025-01-26 19:12:03,2025-01-31 11:50:02,4.706,5,1,False,124,104,1.1923076923076923,2026-09-29 17:11:53
DCWD-764031390855,Davao City Water District(DCWD),dcwd,WATER-DISTRICT,2025-01-26 20:25:00,Q1,Academic Research,DENIED,unsuccessful,True,False,True,2025-01-28 16:50:00,1.851,2025-02-04 13:43:00,2025-01-28 16:50:56,2025-02-04 13:43:29,8.721,2,1,False,17,17,1.0,2026-09-29 17:11:54
NKTI-995188402998,National Kidney and Transplant Institute(NKTI),nkti,GOCC,2025-01-27 09:05:00,Q1,Research and Development (Undergraduate Thesis),PARTIALLY SUCCESSFUL,partially successful,True,True,True,2025-01-27 09:38:00,0.023,2025-01-27 09:38:00,,2025-01-27 09:38:17,0.023,1,1,False,410,96,4.270833333333333,2026-09-29 17:11:56
IPOPHL-825641452848,Intellectual Property Office of the Philippines(IPOPHL),ipophl,GOCC,2025-01-27 09:38:00,Q1,For Reference and for checking personal records,PENDING,open,False,False,False,,,,,,,0,1,False,410,96,4.270833333333333,2026-09-29 17:13:09
VSU-508793589831,Visayas State University(VSU),vsu,SUC,2025-01-27 10:51:00,Q1,Research purposes,SUCCESSFUL,successful,True,True,True,2025-01-30 16:29:00,3.235,2025-01-31 08:57:00,2025-01-30 16:29:52,2025-01-31 08:57:01,3.921,3,1,False,150,131,1.1450381679389312,2026-09-29 17:13:11
SSS-801671337987,Social Security System(SSS),sss,GOCC,2025-01-27 11:29:00,Q1,to easy access and for employment,DENIED,unsuccessful,True,False,True,2025-01-28 11:23:00,0.996,2025-01-28 11:23:00,,2025-01-28 11:23:39,0.996,1,2,False,410,96,4.270833333333333,2026-09-29 17:13:13
VSU-106187739514,Visayas State University(VSU),vsu,SUC,2025-01-27 11:32:00,Q1,Research purposes,SUCCESSFUL,successful,True,True,True,2025-01-30 16:16:00,3.197,2025-01-31 08:56:00,2025-01-30 16:19:48,2025-01-31 08:56:41,3.892,4,1,False,150,131,1.1450381679389312,2026-09-29 17:13:14
SrSC-296739392982,Sorsogon State University(SrSC),srsc,SUC,2025-01-27 13:45:00,Q1,Architectural Thesis,SUCCESSFUL,successful,True,True,True,2025-01-31 14:34:00,4.034,2025-01-31 14:34:00,,2025-01-31 14:34:19,4.034,1,1,False,150,131,1.1450381679389312,2026-09-29 17:13:16
BU-487765269836,Bicol University(BU),bu,SUC,2025-01-27 13:50:00,Q1,Architectural Thesis,DENIED,unsuccessful,True,False,True,2025-03-11 09:18:00,42.811,2025-07-07 08:58:00,,2025-07-07 08:58:09,160.797,2,1,False,150,131,1.1450381679389312,2026-09-29 17:13:18
CBSUA-012139175554,Central Bicol State University of Agriculture(CBSUA),cbsua,SUC,2025-01-27 13:53:00,Q1,Architectural Thesis,SUCCESSFUL,successful,True,True,True,2025-01-30 16:06:00,3.092,2025-01-30 16:06:00,,2025-01-30 16:06:23,3.093,1,1,False,150,131,1.1450381679389312,2026-09-29 17:13:20
DCWD-054861604596,Davao City Water District(DCWD),dcwd,WATER-DISTRICT,2025-01-27 14:47:00,Q1,Academic Research,DENIED,unsuccessful,True,False,True,2025-01-28 16:50:00,1.085,2025-02-04 13:42:00,2025-01-28 16:50:28,2025-02-04 13:42:16,7.955,2,1,False,17,17,1.0,2026-09-29 17:13:22
PEZA-842609410875,Philippine Economic Zone Authority(PEZA),peza,GOCC,2025-01-27 15:19:00,Q1,Academic Purposes,PENDING,open,False,False,False,,,,,,,0,1,False,410,96,4.270833333333333,2026-09-29 17:13:23
LCDFI-896232283365,"LANDBANK Countryside Development Foundation, Inc.(LCDFI)",lcdfi,GOCC,2025-01-28 00:27:00,Q1,Financials,PENDING,open,False,False,False,,,,,,,0,1,False,410,96,4.270833333333333,2026-09-29 17:13:25
PCA-028479084984,Philippine Coconut Authority(PCA),pca,GOCC,2025-01-28 11:31:00,Q1,Capstone Thesis,PENDING,open,False,False,True,2025-01-28 14:11:00,0.111,2025-01-28 14:11:00,,,,1,1,False,410,96,4.270833333333333,2026-09-29 17:13:27
BagWD-472438714604,Baguio Water District(BagWD),bagwd,WATER-DISTRICT,2025-01-28 12:25:00,Q1,Research and Survey,DENIED,unsuccessful,True,False,True,2025-01-30 16:40:00,2.177,2025-02-07 14:47:00,2025-01-30 16:40:08,2025-02-07 14:47:58,10.099,4,2,False,17,17,1.0,2026-09-29 17:13:28
PNP-931430597015,Philippine National Police(PNP),pnp,LEA,2025-01-28 14:50:00,Q1,Architectural Thesis,CLOSED,unsuccessful,True,False,True,2025-01-30 08:33:00,1.738,2025-06-24 10:01:00,2025-01-30 08:33:17,,,3,1,False,124,104,1.1923076923076923,2026-09-29 17:13:30
PNP-174623448709,Philippine National Police(PNP),pnp,LEA,2025-01-28 15:50:00,Q1,Undergraduate thesis paper,SUCCESSFUL,successful,True,True,True,2025-01-30 08:34:00,1.697,2025-02-15 22:49:00,2025-01-30 08:34:36,2025-02-15 22:49:07,18.291,4,3,False,124,104,1.1923076923076923,2026-09-29 17:13:32
BIR-202017629202,Bureau of Internal Revenue(BIR),bir,NGA,2025-01-29 12:58:00,Q1,Employment,DENIED,unsuccessful,True,False,True,2025-01-30 06:32:00,0.732,2025-01-30 06:32:00,,2025-01-30 06:32:37,0.732,1,1,False,3956,97,40.78350515463917,2026-09-29 17:13:34
PPA-213729408572,Philippine Ports Authority(PPA),ppa,GOCC,2025-01-29 21:18:00,Q1,Thesis and Research Development,REFERRED,referred,False,False,False,,,,,,,0,1,False,410,96,4.270833333333333,2026-09-29 17:13:36
PGLU-001277088823,"Province of La Union, Region I(PGLU)",pglu,LGU,2025-01-30 12:05:00,Q1,Thesis Requirement,PENDING,open,False,False,False,,,,,,,0,1,False,44,44,1.0,2026-09-29 17:13:38
UPPGH-550211487257,University of the Philippines - Philippine General Hospital(UPPGH),uppgh,SUC,2025-01-30 12:49:00,Q1,For architectural thesis,CLOSED,unsuccessful,True,False,True,2025-01-30 13:44:00,0.038,2025-08-08 09:05:00,2025-01-30 13:44:34,,,2,1,False,150,131,1.1450381679389312,2026-09-29 17:13:39
PGLU-451872052484,"Province of La Union, Region I(PGLU)",pglu,LGU,2025-01-30 13:03:00,Q1,THESIS REQUIREMENT,PENDING,open,False,False,False,,,,,,,0,1,False,44,44,1.0,2026-09-29 17:13:41
PNP-544581260846,Philippine National Police(PNP),pnp,LEA,2025-01-30 18:10:00,Q1,Research and Development,SUCCESSFUL,successful,True,True,True,2025-01-31 07:54:00,0.572,2025-02-04 16:30:00,2025-01-31 07:54:07,2025-02-04 16:30:00,4.931,2,1,False,124,104,1.1923076923076923,2026-09-29 17:13:43
NKTI-124999117488,National Kidney and Transplant Institute(NKTI),nkti,GOCC,2025-01-31 01:48:00,Q1,Thesis Writing,SUCCESSFUL,successful,True,True,True,2025-01-31 08:16:00,0.269,2025-01-31 08:16:00,,2025-01-31 08:16:32,0.27,1,1,False,410,96,4.270833333333333,2026-09-29 17:13:45
CEZA-395006554999,Cagayan Economic Zone Authority(CEZA),ceza,GOCC,2025-01-31 10:47:00,Q1,Research purposes,SUCCESSFUL,successful,True,True,True,2025-01-31 11:03:00,0.011,2025-02-07 16:12:00,2025-01-31 11:03:32,2025-02-07 16:12:04,7.226,2,1,False,410,96,4.270833333333333,2026-09-29 17:13:47
TWD-253904949597,Tagum Water District(TWD),twd,WATER-DISTRICT,2025-01-31 14:29:00,Q1,Personal Reference,SUCCESSFUL,successful,True,True,True,2025-01-31 14:56:00,0.019,2025-01-31 15:09:00,2025-01-31 14:56:28,2025-01-31 15:09:06,0.028,2,1,False,17,17,1.0,2026-09-29 17:13:48
PNP-728652621555,Philippine National Police(PNP),pnp,LEA,2025-01-31 15:13:00,Q1,For Investigation,DENIED,unsuccessful,True,False,True,2025-01-31 15:26:00,0.009,2025-02-04 08:04:00,2025-01-31 15:26:53,2025-02-04 08:04:40,3.703,3,1,False,124,104,1.1923076923076923,2026-09-29 17:13:50
NKTI-800425272856,National Kidney and Transplant Institute(NKTI),nkti,GOCC,2025-01-31 16:08:00,Q1,Architectural Thesis Proposal,REFERRED,referred,False,False,False,,,,,,,0,1,False,410,96,4.270833333333333,2026-09-29 17:13:52
PH-255202945784,PhilHealth(PH),ph,GOCC,2025-01-31 16:51:00,Q1,to claim my philhealth contribution and file a legal action against my previous agency,CLOSED,unsuccessful,True,False,True,2025-02-03 11:04:00,2.759,2025-03-11 10:05:00,2025-02-03 11:04:26,,,2,2,False,410,96,4.270833333333333,2026-09-29 17:13:55
PNP-759520282319,Philippine National Police(PNP),pnp,LEA,2025-01-31 19:15:00,Q1,Academic Research and Study,SUCCESSFUL,successful,True,True,True,2025-02-03 08:19:00,2.544,2025-03-10 08:07:00,2025-02-03 08:19:17,2025-03-10 08:07:13,37.536,2,2,False,124,104,1.1923076923076923,2026-09-29 17:13:57
CSPC-570435680127,Camarines Sur Polytechnic Colleges(CSPC),cspc,SUC,2025-02-02 10:07:00,Q1,Reference for Graduate School Applicaiton,SUCCESSFUL,successful,True,True,True,2025-02-04 17:03:00,2.289,2025-02-04 17:03:00,,2025-02-04 17:03:51,2.289,1,1,False,150,131,1.1450381679389312,2026-09-29 17:13:59
FNRI-115160854597,Food and Nutrition Research Institute(FNRI),fnri,NGA,2025-02-02 11:19:00,Q1,Undergraduate Thesis,CLOSED,unsuccessful,True,False,True,2025-02-04 14:19:00,2.125,2025-02-04 14:19:00,2025-02-04 14:19:16,,,1,1,False,3956,97,40.78350515463917,2026-09-29 17:14:01
DOH-991864548885,Department of Health(DOH),doh,NGA,2025-02-02 18:22:00,Q1,Research and Development,SUCCESSFUL,successful,True,True,True,2025-02-04 16:42:00,1.931,2025-02-11 13:53:00,2025-02-04 16:42:42,2025-02-11 13:53:04,8.813,2,1,False,3956,97,40.78350515463917,2026-09-29 17:14:04
MARWADIS-233577033477,MARILAO WATER DISTRICT(MARWADIS),marwadis,WATER-DISTRICT,2025-02-03 09:05:00,Q1,Undergraduate Thesis,PENDING,open,False,False,False,,,,,,,0,2,False,17,17,1.0,2026-09-29 17:14:06
CIC-452558308787,Credit Information Corporation(CIC),cic,GOCC,2025-02-03 10:48:00,Q1,Personal credit score report check,DENIED,unsuccessful,True,False,True,2025-02-24 09:33:00,20.948,2025-02-24 09:33:00,,,,1,1,False,410,96,4.270833333333333,2026-09-29 17:14:08
CAAP-038778672070,Civil Aviation Authority of the Philippines(CAAP),caap,GOCC,2025-02-03 11:06:00,Q1,Research and Development,SUCCESSFUL,successful,True,True,True,2025-02-05 11:34:00,2.019,2025-02-05 11:34:00,,2025-02-05 11:34:32,2.02,1,1,False,410,96,4.270833333333333,2026-09-29 17:14:10
PEZA-590866660298,Philippine Economic Zone Authority(PEZA),peza,GOCC,2025-02-03 13:03:00,Q1,Master's Thesis Research,PENDING,open,False,False,False,,,,,,,0,1,False,410,96,4.270833333333333,2026-09-29 17:14:12
DBP-909190147347,Development Bank of the Philippines(DBP),dbp,GOCC,2025-02-04 11:28:00,Q1,for personal use,SUCCESSFUL,successful,True,True,True,2025-02-10 15:40:00,6.175,2025-02-10 15:40:00,,2025-02-10 15:40:27,6.175,1,1,False,410,96,4.270833333333333,2026-09-29 17:14:14
ERC-311794269868,Energy Regulatory Commission(ERC),erc,NGA,2025-02-04 12:23:00,Q1,Research and Development,SUCCESSFUL,successful,True,True,True,2025-02-04 14:21:00,0.082,2025-02-11 14:11:00,2025-02-04 14:21:46,2025-02-11 14:11:34,7.075,2,1,False,3956,97,40.78350515463917,2026-09-29 17:14:15
USAP-278532263892,"City of Pasig, NCR(USAP)",usap,LGU,2025-02-04 16:13:00,Q1,For Educational Research,SUCCESSFUL,successful,True,True,True,2025-02-04 16:16:00,0.002,2025-02-10 10:03:00,2025-02-04 16:16:15,2025-02-10 10:03:44,5.744,4,1,False,44,44,1.0,2026-09-29 17:14:17
CAGSU-003880233845,Cagayan State University(CAGSU),cagsu,SUC,2025-02-05 08:01:00,Q1,Research and Development,PENDING,open,False,False,True,2025-08-08 09:21:00,184.056,2025-08-08 09:21:00,,,,1,1,False,150,131,1.1450381679389312,2026-09-29 17:14:19
PNP-996196256817,Philippine National Police(PNP),pnp,LEA,2025-02-05 10:31:00,Q1,Requirement for Securing New Passport,SUCCESSFUL,successful,True,True,True,2025-02-06 10:17:00,0.99,2025-02-18 09:23:00,2025-02-06 10:17:50,2025-02-18 09:23:39,12.953,3,1,False,124,104,1.1923076923076923,2026-09-29 17:14:21
PH-630535516569,PhilHealth(PH),ph,GOCC,2025-02-05 10:52:00,Q1,Health equity research project,PARTIALLY SUCCESSFUL,partially successful,True,True,True,2025-02-06 15:31:00,1.194,2025-03-11 10:27:00,2025-02-06 15:31:09,2025-03-11 10:27:04,33.983,2,1,False,410,96,4.270833333333333,2026-09-29 17:14:23
PSA-453027101663,Philippine Statistics Authority(PSA),psa,NGA,2025-02-05 13:43:00,Q1,To be used for our thesis paper,PARTIALLY SUCCESSFUL,partially successful,True,True,True,2025-02-13 16:29:00,8.115,2025-02-13 16:29:00,,2025-02-13 16:29:02,8.115,1,1,False,3956,97,40.78350515463917,2026-09-29 17:14:25
PNP-772901807490,Philippine National Police(PNP),pnp,LEA,2025-02-05 15:16:00,Q1,Research Purposes,CLOSED,unsuccessful,True,False,True,2025-02-06 10:18:00,0.793,2025-03-10 15:01:00,2025-02-06 10:18:45,,,6,1,False,124,104,1.1923076923076923,2026-09-29 17:14:27
DOLE-412635067776,Department of Labor and Employment(DOLE),dole,NGA,2025-02-05 19:00:00,Q1,For Thesis Paper,PARTIALLY SUCCESSFUL,partially successful,True,True,True,2025-08-08 17:50:00,183.951,2025-08-08 17:50:00,,2025-08-08 17:50:18,183.952,1,1,False,3956,97,40.78350515463917,2026-09-29 17:14:29
DOTr-879245386680,Department of Transportation(DOTr),dotr,NGA,2025-02-05 21:00:00,Q1,Academic Thesis,DENIED,unsuccessful,True,False,True,2025-02-06 16:44:00,0.822,2025-02-06 16:44:00,,2025-02-06 16:44:00,0.822,1,1,False,3956,97,40.78350515463917,2026-09-29 17:14:31
TANWD-521456205719,Tanauan Water District(TANWD),tanwd,WATER-DISTRICT,2025-02-05 21:00:00,Q1,Undergraduate Thesis,PENDING,open,False,False,False,,,,,,,0,1,False,17,17,1.0,2026-09-29 17:14:33
BJMP-603228755728,Bureau of Jail Management and Penology(BJMP),bjmp,NGA,2025-02-05 23:11:00,Q1,This research is intend to use for architectural thesis.,DENIED,unsuccessful,True,False,True,2025-02-06 09:03:00,0.411,2025-02-06 09:49:00,2025-02-06 09:03:14,2025-02-06 09:49:31,0.443,3,1,False,3956,97,40.78350515463917,2026-09-29 17:14:35
PNP-674452764063,Philippine National Police(PNP),pnp,LEA,2025-02-06 01:03:00,Q1,Undergraduate Thesis,CLOSED,unsuccessful,True,False,True,2025-02-06 10:20:00,0.387,2025-02-10 09:16:00,2025-02-06 10:20:06,,,2,1,False,124,104,1.1923076923076923,2026-09-29 17:14:37
PNP-225031286500,Philippine National Police(PNP),pnp,LEA,2025-02-06 15:39:00,Q1,Reference for academic undertaking,SUCCESSFUL,successful,True,True,True,2025-02-07 10:41:00,0.793,2025-02-07 15:16:00,2025-02-07 10:41:35,2025-02-07 15:16:28,0.984,3,1,False,124,104,1.1923076923076923,2026-09-29 17:14:41
PNP-195289841558,Philippine National Police(PNP),pnp,LEA,2025-02-06 19:16:00,Q1,Check my background,SUCCESSFUL,successful,True,True,True,2025-02-09 16:31:00,2.885,2025-03-10 08:09:00,2025-02-09 16:31:46,2025-03-10 08:09:21,31.537,3,1,False,124,104,1.1923076923076923,2026-09-29 17:14:43
PNP-072483925546,Philippine National Police(PNP),pnp,LEA,2025-02-07 09:00:00,Q1,Research and Development,SUCCESSFUL,successful,True,True,True,2025-02-09 16:32:00,2.314,2025-02-20 20:55:00,2025-02-09 16:32:44,2025-02-20 20:55:23,13.497,4,2,False,124,104,1.1923076923076923,2026-09-29 17:14:44
BCDA-330540018575,Bases Conversion and Development Authority(BCDA),bcda,GOCC,2025-02-07 11:01:00,Q1,Research and Analysis,DENIED,unsuccessful,True,False,True,2025-02-07 11:20:00,0.013,2025-06-24 13:50:00,2025-02-07 11:20:48,2025-06-24 13:50:04,137.117,2,2,False,410,96,4.270833333333333,2026-09-29 17:14:48
MIAA-081709707396,Manila International Airport Authority(MIAA),miaa,GOCC,2025-02-07 14:39:00,Q1,Research and Development,PROCESSING,open,False,False,True,2025-02-17 14:33:00,9.996,2025-03-19 18:37:00,2025-02-17 14:33:01,,,2,1,False,410,96,4.270833333333333,2026-09-29 17:14:50
CGI-981862991756,"City Government of Isabela, Basilan(CGI)",cgi,LGU,2025-02-07 15:13:00,Q1,Flood Study,DENIED,unsuccessful,True,False,True,2025-02-12 14:55:00,4.988,2025-02-12 14:55:00,,2025-02-12 14:55:36,4.988,1,1,False,44,44,1.0,2026-09-29 17:14:52
BSWM-434856750011,Bureau of Soils and Water Management(BSWM),bswm,NGA,2025-02-07 15:53:00,Q1,Research purpose,SUCCESSFUL,successful,True,True,True,2025-02-10 09:15:00,2.724,2025-02-10 09:15:00,,2025-02-10 09:15:24,2.724,1,1,False,3956,97,40.78350515463917,2026-09-29 17:14:54
PNP-040770255860,Philippine National Police(PNP),pnp,LEA,2025-02-07 18:47:00,Q1,Research and development,SUCCESSFUL,successful,True,True,True,2025-02-09 16:33:00,1.907,2025-02-24 14:53:00,2025-02-09 16:33:16,2025-02-24 14:53:41,16.838,5,3,False,124,104,1.1923076923076923,2026-09-29 17:15:13
CDC-777680207491,Clark Development Corporation(CDC),cdc,GOCC,2025-02-07 19:33:00,Q1,Architectural Thesis,PARTIALLY SUCCESSFUL,partially successful,True,True,True,2025-02-10 11:14:00,2.653,2025-02-10 11:14:00,,2025-02-10 11:14:42,2.654,1,1,False,410,96,4.270833333333333,2026-09-29 17:15:15
NWPC-201885316373,National Wages and Productivity Commission(NWPC),nwpc,NGA,2025-02-07 22:51:00,Q1,Research purposes,SUCCESSFUL,successful,True,True,True,2025-02-18 15:27:00,10.692,2025-02-18 15:27:00,,2025-02-18 15:27:50,10.692,1,1,False,3956,97,40.78350515463917,2026-09-29 17:15:17
LRTA-362642295372,Light Rail Transit Authority(LRTA),lrta,GOCC,2025-02-08 20:52:00,Q1,For Research and Development,SUCCESSFUL,successful,True,True,True,2025-02-14 10:27:00,5.566,2025-02-14 10:27:00,,2025-02-14 10:27:55,5.567,1,2,False,410,96,4.270833333333333,2026-09-29 17:15:19
ECC-083993433650,Employees Compensation Commission(ECC),ecc,GOCC,2025-02-09 19:11:00,Q1,Nais ko po sana malaman ang aking karapatan at record ng aking data at conpensation na nakapaloob sa aking data record kaugnay ng national union at kabayaran dahil sa pag bahagi or pag gamit ng aking data,DENIED,unsuccessful,True,False,True,2025-02-13 16:03:00,3.869,2025-02-13 16:03:00,,2025-02-13 16:03:08,3.87,1,1,False,410,96,4.270833333333333,2026-09-29 17:15:22
CAAP-169687729405,Civil Aviation Authority of the Philippines(CAAP),caap,GOCC,2025-02-09 19:20:00,Q1,Research and. Development,SUCCESSFUL,successful,True,True,True,2025-02-10 10:23:00,0.627,2025-07-01 09:28:00,2025-02-10 10:23:21,2025-07-01 09:28:12,141.589,3,1,False,410,96,4.270833333333333,2026-09-29 17:15:24
SSS-636739028138,Social Security System(SSS),sss,GOCC,2025-02-10 07:28:00,Q1,Requirement for employment abroad,DENIED,unsuccessful,True,False,True,2025-02-11 14:07:00,1.277,2025-02-11 14:07:00,,2025-02-11 14:07:08,1.277,1,1,False,410,96,4.270833333333333,2026-09-29 17:15:26
DOH-693647281321,Department of Health(DOH),doh,NGA,2025-02-10 08:51:00,Q1,Concerns and complaints,CLOSED,unsuccessful,True,False,True,2025-02-14 08:45:00,3.996,2025-02-14 08:45:00,2025-02-14 08:45:31,,,1,1,False,3956,97,40.78350515463917,2026-09-29 17:15:28
USEP-512314751036,University of Southeastern Philippines(USEP),usep,SUC,2025-02-10 08:53:00,Q1,Internal Audit,SUCCESSFUL,successful,True,True,True,2025-02-10 13:45:00,0.203,2025-02-11 16:51:00,2025-02-10 13:45:25,2025-02-11 16:51:31,1.332,2,1,False,150,131,1.1450381679389312,2026-09-29 17:15:30
CGA-177551952795,"City of Antipolo, Region IV-A(CGA)",cga,LGU,2025-02-10 09:58:00,Q1,School Requirement,SUCCESSFUL,successful,True,True,True,2025-07-15 09:11:00,154.967,2025-07-15 09:11:00,,2025-07-15 09:11:45,154.968,1,1,False,44,44,1.0,2026-09-29 17:15:32
PNP-334560709545,Philippine National Police(PNP),pnp,LEA,2025-02-10 10:41:00,Q1,"Monthly Crime Assessment and Analysis for policy making, program planning and the the likes in compliance to NAPOLCOM Mandates.",SUCCESSFUL,successful,True,True,True,2025-02-10 13:20:00,0.11,2025-03-07 16:44:00,2025-02-10 13:20:52,2025-03-07 16:44:07,25.252,3,1,False,124,104,1.1923076923076923,2026-09-29 17:15:34
NIA-979309875672,National Irrigation Administration(NIA),nia,GOCC,2025-02-10 12:12:00,Q1,Undergraduate Thesis,REFERRED,referred,False,False,False,,,,,,,0,1,False,410,96,4.270833333333333,2026-09-29 17:15:35
PNP-090022384606,Philippine National Police(PNP),pnp,LEA,2025-02-10 12:20:00,Q1,Research and modelling,SUCCESSFUL,successful,True,True,True,2025-02-10 13:22:00,0.043,2025-03-10 10:26:00,2025-02-10 13:22:03,2025-03-10 10:26:57,27.921,3,1,False,124,104,1.1923076923076923,2026-09-29 17:15:37
PGLU-998016984691,"Province of La Union, Region I(PGLU)",pglu,LGU,2025-02-10 13:24:00,Q1,Research purposes,PENDING,open,False,False,False,,,,,,,0,1,False,44,44,1.0,2026-09-29 17:15:39
MWSS-561954111506,Metropolitan Waterworks and Sewerage System Regulatory Office(MWSS),mwss,GOCC,2025-02-10 13:51:00,Q1,Research and development,REFERRED,referred,False,False,False,,,,,,,0,1,False,410,96,4.270833333333333,2026-09-29 17:15:41
DPWH-733477378732,Department of Public Works and Highways(DPWH),dpwh,NGA,2025-02-10 14:58:00,Q1,For my record & reference porpuses only,SUCCESSFUL,successful,True,True,True,2025-02-11 07:26:00,0.686,2025-02-14 15:12:00,2025-02-11 07:26:07,2025-02-14 15:12:50,4.01,2,1,False,3956,97,40.78350515463917,2026-09-29 17:15:43
SSS-196978623577,Social Security System(SSS),sss,GOCC,2025-02-10 15:13:00,Q1,Climate and Disaster Risk Assessment (CDRA) Report,CLOSED,unsuccessful,True,False,True,2025-02-10 15:35:00,0.015,2026-02-09 13:53:00,2025-02-10 15:35:08,,,3,2,False,410,96,4.270833333333333,2026-09-29 17:15:45
MWSSCO-152313326827,Metropolitan Waterworks and Sewerage System Corporate Office(MWSSCO),mwssco,GOCC,2025-02-10 15:32:00,Q1,Research and development,SUCCESSFUL,successful,True,True,True,2025-02-11 07:03:00,0.647,2025-02-13 21:05:00,2025-02-11 07:03:20,2025-02-13 21:05:45,3.232,2,2,False,410,96,4.270833333333333,2026-09-29 17:15:46
DOH-005971205466,Department of Health(DOH),doh,NGA,2025-02-10 16:34:00,Q1,Undergrad Architectural Thesis,SUCCESSFUL,successful,True,True,True,2025-02-11 15:18:00,0.947,2025-02-20 16:14:00,2025-02-11 15:18:26,2025-02-20 16:14:55,9.987,2,1,False,3956,97,40.78350515463917,2026-09-29 17:15:48
UPPGH-884169251235,University of the Philippines - Philippine General Hospital(UPPGH),uppgh,SUC,2025-02-10 20:28:00,Q1,"For the establishment of Acromegaly - Philippines, a support group that focuses on Filipino Acromegaly patients. For reference and future research purposes.",DENIED,unsuccessful,True,False,True,2025-02-17 14:40:00,6.758,2025-02-17 14:40:00,,2025-02-17 14:40:25,6.759,1,1,False,150,131,1.1450381679389312,2026-09-29 17:15:50
UPD-536359852909,University of the Philippines Diliman(UPD),upd,SUC,2025-02-11 08:34:00,Q1,Academic Research / School Project,PARTIALLY SUCCESSFUL,partially successful,True,True,True,2025-02-13 13:29:00,2.205,2025-02-17 23:47:00,2025-02-13 13:29:45,2025-02-17 23:47:14,6.634,2,1,False,150,131,1.1450381679389312,2026-09-29 17:15:55
PNP-222875519281,Philippine National Police(PNP),pnp,LEA,2025-02-11 09:23:00,Q1,ARCHITECTURAL THESIS,SUCCESSFUL,successful,True,True,True,2025-02-12 11:09:00,1.074,2025-02-25 12:05:00,2025-02-12 11:09:12,2025-02-25 12:05:43,14.113,6,6,False,124,104,1.1923076923076923,2026-09-29 17:15:56
USEP-663859366698,University of Southeastern Philippines(USEP),usep,SUC,2025-02-11 10:55:00,Q1,Language Thesis,SUCCESSFUL,successful,True,True,True,2025-02-11 13:28:00,0.106,2025-02-11 16:58:00,2025-02-11 13:28:19,2025-02-11 16:58:56,0.253,2,1,False,150,131,1.1450381679389312,2026-09-29 17:15:58
PNP-187514813770,Philippine National Police(PNP),pnp,LEA,2025-02-11 11:04:00,Q1,Research Proposal,SUCCESSFUL,successful,True,True,True,2025-02-12 11:09:00,1.003,2025-02-19 09:33:00,2025-02-12 11:09:59,2025-02-19 09:33:42,7.937,3,2,False,124,104,1.1923076923076923,2026-09-29 17:16:01
PNP-201173197419,Philippine National Police(PNP),pnp,LEA,2025-02-11 11:24:00,Q1,REPORT A SCAM,DENIED,unsuccessful,True,False,True,2025-02-12 10:21:00,0.956,2025-02-18 13:10:00,2025-02-12 10:21:02,2025-02-18 13:10:20,7.074,2,1,False,124,104,1.1923076923076923,2026-09-29 17:16:03
PNP-714500955755,Philippine National Police(PNP),pnp,LEA,2025-02-11 13:28:00,Q1,Architectural Design 09 (Thesis Writing),SUCCESSFUL,successful,True,True,True,2025-02-12 10:21:00,0.87,2025-02-24 15:24:00,2025-02-12 10:21:30,2025-02-24 15:24:43,13.081,2,1,False,124,104,1.1923076923076923,2026-09-29 17:16:12
IRWD-315269968433,Iriga City Water District(ICWD),irwd,WATER-DISTRICT,2025-02-11 14:09:00,Q1,"FOR OUR EVALUATION, REFERENCE AND RECORD",ACCEPTED,open,False,False,True,2025-02-20 10:41:00,8.856,2025-02-20 10:41:00,2025-02-20 10:41:24,,,1,1,False,17,17,1.0,2026-09-29 17:16:13
FNRI-340689384627,Food and Nutrition Research Institute(FNRI),fnri,NGA,2025-02-11 15:50:00,Q1,Research and development,SUCCESSFUL,successful,True,True,True,2025-02-12 11:09:00,0.805,2025-02-12 11:09:00,,2025-02-12 11:09:10,0.805,1,1,False,3956,97,40.78350515463917,2026-09-29 17:16:15
DOH-601545155108,Department of Health(DOH),doh,NGA,2025-02-11 17:04:00,Q1,Overseas Pre-employment Requirement,SUCCESSFUL,successful,True,True,True,2025-02-12 10:04:00,0.708,2025-02-12 10:04:00,,2025-02-12 10:04:33,0.709,1,1,False,3956,97,40.78350515463917,2026-09-29 17:16:17
CGI-827413168039,"City Government of Isabela, Basilan(CGI)",cgi,LGU,2025-02-12 07:44:00,Q1,Academic research,SUCCESSFUL,successful,True,True,True,2025-02-12 14:20:00,0.275,2025-02-28 16:17:00,2025-02-12 14:28:41,2025-02-28 16:17:15,16.356,3,1,False,44,44,1.0,2026-09-29 17:16:19
BCDA-070767874764,Bases Conversion and Development Authority(BCDA),bcda,GOCC,2025-02-12 16:04:00,Q1,Market Research,DENIED,unsuccessful,True,False,True,2025-02-14 14:20:00,1.928,2025-06-24 13:44:00,2025-02-24 09:56:55,2025-06-24 13:44:54,131.903,3,1,False,410,96,4.270833333333333,2026-09-29 17:16:21
CEZA-679336005569,Cagayan Economic Zone Authority(CEZA),ceza,GOCC,2025-02-12 20:42:00,Q1,FOR ARCHITECTURAL THESIS,DENIED,unsuccessful,True,False,True,2025-02-13 10:06:00,0.558,2025-02-13 13:47:00,2025-02-13 10:06:06,2025-02-13 13:47:27,0.712,2,1,False,410,96,4.270833333333333,2026-09-29 17:16:23
MIAA-352851814688,Manila International Airport Authority(MIAA),miaa,GOCC,2025-02-13 09:07:00,Q1,Research and development,SUCCESSFUL,successful,True,True,True,2025-02-17 10:15:00,4.047,2025-02-17 10:15:00,,2025-02-17 10:15:35,4.048,1,1,False,410,96,4.270833333333333,2026-09-29 17:16:24
DILG-559008617289,Department of the Interior and Local Government(DILG),dilg,NGA,2025-02-13 11:57:00,Q1,Information and policy analysis or review,DENIED,unsuccessful,True,False,True,2025-02-13 14:34:00,0.109,2025-02-13 14:34:00,,2025-02-13 14:34:45,0.11,1,1,False,3956,97,40.78350515463917,2026-09-29 17:16:29
NEA-552444721193,National Electrification Administration(NEA),nea,GOCC,2025-02-13 14:38:00,Q1,Research and benchmarking purposes,SUCCESSFUL,successful,True,True,True,2025-02-25 10:01:00,11.808,2025-03-05 08:09:00,2025-02-25 10:01:21,2025-03-05 08:09:17,19.73,2,1,False,410,96,4.270833333333333,2026-09-29 17:16:30
PhilRice-852481297769,Philippine Rice Research Institute(PhilRice),philrice,GOCC,2025-02-13 17:59:00,Q1,For research and disseration titled: Optimizing Rice Yields. Levaraging Gradient Boosting Model for Precision Fertlizer Strategies,SUCCESSFUL,successful,True,True,True,2025-02-19 11:45:00,5.74,2025-02-19 11:45:00,,2025-02-19 11:45:44,5.741,1,2,False,410,96,4.270833333333333,2026-09-29 17:16:32
UPLB-179269070639,University of the Philippines Los Banos(UPLB),uplb,SUC,2025-02-13 18:12:00,Q1,"for Research and dissertation work titled ""Optimizing Rice Yields in Cebu: Leveraging Gradient Boosting Model for Precision Fertilizer Strategies",DENIED,unsuccessful,True,False,True,2025-03-12 12:30:00,26.762,2025-06-26 16:19:00,2025-03-12 12:30:14,2025-06-26 16:19:01,132.922,5,2,False,150,131,1.1450381679389312,2026-09-29 17:16:34
PNP-007791841146,Philippine National Police(PNP),pnp,LEA,2025-02-13 18:35:00,Q1,Reference for School Studies,SUCCESSFUL,successful,True,True,True,2025-02-14 22:35:00,1.167,2025-02-25 08:15:00,2025-02-14 22:35:05,2025-02-25 08:15:21,11.57,3,1,False,124,104,1.1923076923076923,2026-09-29 17:16:36
PNP-773940997119,Philippine National Police(PNP),pnp,LEA,2025-02-13 22:26:00,Q1,Undergraduate Thesis,SUCCESSFUL,successful,True,True,True,2025-02-14 22:36:00,1.007,2025-07-30 09:07:00,2025-02-14 22:36:15,2025-07-30 09:07:10,166.445,5,1,False,124,104,1.1923076923076923,2026-09-29 17:16:37
CIC-794484518579,Credit Information Corporation(CIC),cic,GOCC,2025-02-14 03:05:00,Q1,c,DENIED,unsuccessful,True,False,True,2025-02-24 09:48:00,10.28,2025-07-07 13:35:00,2025-02-24 09:48:41,2025-07-07 13:35:08,143.438,2,1,False,410,96,4.270833333333333,2026-09-29 17:16:39
SSS-299921479907,Social Security System(SSS),sss,GOCC,2025-02-14 07:09:00,Q1,For loan restruction.,DENIED,unsuccessful,True,False,True,2025-02-18 09:58:00,4.117,2025-02-18 09:58:00,,2025-02-18 09:58:18,4.118,1,1,False,410,96,4.270833333333333,2026-09-29 17:17:49
USEP-635196802362,University of Southeastern Philippines(USEP),usep,SUC,2025-02-14 14:18:00,Q1,Research and Extension,SUCCESSFUL,successful,True,True,True,2025-02-14 14:23:00,0.003,2025-02-14 17:10:00,2025-02-14 14:23:01,2025-02-14 17:10:34,0.12,2,1,False,150,131,1.1450381679389312,2026-09-29 17:17:53
CSPC-870799591445,Camarines Sur Polytechnic Colleges(CSPC),cspc,SUC,2025-02-16 08:23:00,Q1,for masteral and scholarship application,DENIED,unsuccessful,True,False,True,2025-02-17 08:50:00,1.019,2025-02-17 08:50:00,,2025-02-17 08:50:06,1.019,1,1,False,150,131,1.1450381679389312,2026-09-29 17:17:55
HDMF-186276629275,Home Development Mutual Fund/Pag-IBIG Fund(HDMF),hdmf,GOCC,2025-02-16 23:19:00,Q1,Resetting log in account,CLOSED,unsuccessful,True,False,True,2025-02-18 09:11:00,1.411,2025-02-18 09:11:00,2025-02-18 09:11:24,,,1,1,False,410,96,4.270833333333333,2026-09-29 17:17:57
CHED-557488703120,Commission on Higher Education(CHED),ched,NGA,2025-02-17 10:56:00,Q1,Architectural Thesis,SUCCESSFUL,successful,True,True,True,2025-02-17 15:47:00,0.202,2025-06-24 14:46:00,2025-02-17 15:47:39,2025-06-24 14:46:03,127.16,2,1,False,3956,97,40.78350515463917,2026-09-29 17:17:59
UPD-383722187646,University of the Philippines Diliman(UPD),upd,SUC,2025-02-17 10:58:00,Q1,for academic purporses,DENIED,unsuccessful,True,False,True,2025-02-18 00:02:00,0.544,2025-02-18 00:02:00,,2025-02-18 00:02:04,0.544,1,2,False,150,131,1.1450381679389312,2026-09-29 17:18:01
PNP-834854161882,Philippine National Police(PNP),pnp,LEA,2025-02-17 11:24:00,Q1,Conduct of Thesis,CLOSED,unsuccessful,True,False,True,2025-02-18 19:02:00,1.318,2025-03-07 12:13:00,2025-02-18 19:02:21,,,2,2,False,124,104,1.1923076923076923,2026-09-29 17:18:03
LSPU-660666703217,Laguna State Polytechnic University(LSPU),lspu,SUC,2025-02-17 14:01:00,Q1,Architectural Research & Thesis,SUCCESSFUL,successful,True,True,True,2025-02-17 15:03:00,0.043,2025-02-18 08:24:00,2025-02-17 15:03:30,2025-02-18 08:24:44,0.766,2,1,False,150,131,1.1450381679389312,2026-09-29 17:18:05
DPWH-878722307460,Department of Public Works and Highways(DPWH),dpwh,NGA,2025-02-18 07:58:00,Q1,Thesis and Research,SUCCESSFUL,successful,True,True,True,2025-02-18 09:42:00,0.072,2025-02-18 09:42:00,,2025-02-18 09:42:25,0.073,1,1,False,3956,97,40.78350515463917,2026-09-29 17:18:07
PLGUB-426628910909,"Province of Benguet, CAR(PLGUB)",plgub,LGU,2025-02-18 08:56:00,Q1,Updating of the Bokod ARC Development Plan by the Dept. of Agrarian Reform,DENIED,unsuccessful,True,False,True,2025-02-20 09:00:00,2.003,2025-02-20 09:00:00,,2025-02-20 09:00:44,2.003,1,1,False,44,44,1.0,2026-09-29 17:18:09
ERC-906118271923,Energy Regulatory Commission(ERC),erc,NGA,2025-02-18 09:55:00,Q1,Research and development,SUCCESSFUL,successful,True,True,True,2025-02-18 13:25:00,0.146,2025-03-06 16:05:00,2025-02-18 13:25:29,2025-03-06 16:05:14,16.257,3,1,False,3956,97,40.78350515463917,2026-09-29 17:18:10
SSS-243461659661,Social Security System(SSS),sss,GOCC,2025-02-18 10:42:00,Q1,SSS Unemployment Benefit,SUCCESSFUL,successful,True,True,True,2025-02-18 10:53:00,0.008,2025-02-18 10:53:00,,2025-02-18 10:53:39,0.008,1,1,False,410,96,4.270833333333333,2026-09-29 17:18:13
PNP-937215781546,Philippine National Police(PNP),pnp,LEA,2025-02-18 12:47:00,Q1,Architectural Thesis,SUCCESSFUL,successful,True,True,True,2025-02-18 19:03:00,0.261,2025-02-25 21:36:00,2025-02-18 19:03:06,2025-02-25 21:36:58,7.368,2,2,False,124,104,1.1923076923076923,2026-09-29 17:18:15
PSA-269153935264,Philippine Statistics Authority(PSA),psa,NGA,2025-02-18 14:05:00,Q1,Research purposes,PARTIALLY SUCCESSFUL,partially successful,True,True,True,2025-02-18 16:40:00,0.108,2025-02-18 16:40:00,,2025-02-18 16:40:32,0.108,1,1,False,3956,97,40.78350515463917,2026-09-29 17:18:16
PGB-655367955826,Provincial Government of Bataan(PGB),pgb,LGU,2025-02-18 16:11:00,Q1,Architectural Thesis,SUCCESSFUL,successful,True,True,True,2026-07-30 16:56:00,527.031,2026-07-30 16:56:00,,2026-07-30 16:56:09,527.031,1,1,False,44,44,1.0,2026-09-29 17:18:18
DA-346198638781,Department of Agriculture(DA),da,NGA,2025-02-18 20:25:00,Q1,Architectural Thesis,PARTIALLY SUCCESSFUL,partially successful,True,True,True,2025-02-19 17:11:00,0.865,2025-02-19 17:11:00,,2025-02-19 17:11:25,0.866,1,1,False,3956,97,40.78350515463917,2026-09-29 17:18:20
DOT-925212928860,Department of Tourism(DOT),dot,NGA,2025-02-19 09:02:00,Q1,Market Research,CLOSED,unsuccessful,True,False,True,2025-02-19 15:12:00,0.257,2025-06-23 14:03:00,2025-02-19 15:12:54,,,2,1,False,3956,97,40.78350515463917,2026-09-29 17:18:23
NEDA-363309873469,"Department of Economy, Planning, and Development (DEPDev)(NEDA)",neda,NGA,2025-02-19 09:58:00,Q1,Project-Related Research,DENIED,unsuccessful,True,False,True,2025-02-24 13:21:00,5.141,2025-02-24 13:21:00,,2025-02-24 13:21:05,5.141,1,1,False,3956,97,40.78350515463917,2026-09-29 17:18:24
DOH-594504195055,Department of Health(DOH),doh,NGA,2025-02-19 18:27:00,Q1,Undergraduate Architectural Thesis,SUCCESSFUL,successful,True,True,True,2025-02-20 10:26:00,0.666,2025-03-10 16:16:00,2025-02-20 10:26:38,2025-03-10 16:16:17,18.909,2,1,False,3956,97,40.78350515463917,2026-09-29 17:18:26
PPA-784941209108,Philippine Ports Authority(PPA),ppa,GOCC,2025-02-19 21:40:00,Q1,Undergraduate Thesis,SUCCESSFUL,successful,True,True,True,2025-02-21 13:41:00,1.667,2025-02-21 13:41:00,,2025-02-21 13:41:01,1.667,1,1,False,410,96,4.270833333333333,2026-09-29 17:18:28
CAAP-238139510300,Civil Aviation Authority of the Philippines(CAAP),caap,GOCC,2025-02-19 23:58:00,Q1,Planning to apply for the comprehensive course,SUCCESSFUL,successful,True,True,True,2025-02-25 13:18:00,5.556,2025-02-25 13:18:00,,2025-02-25 13:18:01,5.556,1,1,False,410,96,4.270833333333333,2026-09-29 17:18:30
CHED-306645198271,Commission on Higher Education(CHED),ched,NGA,2025-02-20 00:18:00,Q1,Architectural Thesis,DENIED,unsuccessful,True,False,True,2025-02-20 14:35:00,0.595,2025-02-20 14:35:00,,2025-02-20 14:35:22,0.595,1,1,False,3956,97,40.78350515463917,2026-09-29 17:18:31
CSPC-105575284592,Camarines Sur Polytechnic Colleges(CSPC),cspc,SUC,2025-02-20 04:29:00,Q1,application for international scholarship,DENIED,unsuccessful,True,False,True,2025-02-24 10:00:00,4.23,2025-03-04 09:57:00,2025-02-24 10:00:51,2025-03-04 09:57:39,12.228,2,4,False,150,131,1.1450381679389312,2026-09-29 17:18:33
PNP-979630294599,Philippine National Police(PNP),pnp,LEA,2025-02-20 09:03:00,Q1,Thesis Research,DENIED,unsuccessful,True,False,True,2025-02-20 10:18:00,0.052,2025-06-25 09:41:00,2025-02-20 10:18:02,2025-06-25 09:41:38,125.027,5,1,False,124,104,1.1923076923076923,2026-09-29 17:18:35
TANAYWD-511776683424,Tanay Water District(TANAYWD),tanaywd,WATER-DISTRICT,2025-02-20 10:01:00,Q1,PAMB CERTIFICATION (For CNC Application),REFERRED,referred,False,False,False,,,,,,,0,1,False,17,17,1.0,2026-09-29 17:18:37
AFAB-524961218846,Authority of the Freeport of Bataan(AFAB),afab,GOCC,2025-02-20 10:46:00,Q1,Research and Development,SUCCESSFUL,successful,True,True,True,2025-02-20 14:35:00,0.159,2025-03-03 10:32:00,2025-02-20 14:35:41,2025-03-03 10:32:17,10.99,2,1,False,410,96,4.270833333333333,2026-09-29 17:18:39
DOH-373105000692,Department of Health(DOH),doh,NGA,2025-02-20 11:12:00,Q1,Strategic Management course in MBA in Health,PARTIALLY SUCCESSFUL,partially successful,True,True,True,2025-02-20 13:28:00,0.094,2025-03-13 15:34:00,2025-02-20 13:28:44,2025-03-13 15:34:47,21.182,2,1,False,3956,97,40.78350515463917,2026-09-29 17:18:41
DPWH-391027200878,Department of Public Works and Highways(DPWH),dpwh,NGA,2025-02-20 14:50:00,Q1,For verification.,CLOSED,unsuccessful,True,False,True,2025-02-21 07:56:00,0.712,2025-02-21 07:56:00,2025-02-21 07:56:13,,,1,1,False,3956,97,40.78350515463917,2026-09-29 17:18:43
NKTI-966327112726,National Kidney and Transplant Institute(NKTI),nkti,GOCC,2025-02-20 15:37:00,Q1,Thesis Writing,SUCCESSFUL,successful,True,True,True,2025-02-20 16:05:00,0.019,2025-02-20 16:05:00,,2025-02-20 16:05:49,0.02,1,1,False,410,96,4.270833333333333,2026-09-29 17:18:47
DENRLMB-260639638854,Land Management Bureau(DENRLMB),denrlmb,NGA,2025-02-20 18:27:00,Q1,Lot Verification of my Grand Mother's property,SUCCESSFUL,successful,True,True,True,2025-02-24 08:00:00,3.565,2025-03-10 14:11:00,2025-02-24 08:00:29,2025-03-10 14:11:48,17.823,2,1,False,3956,97,40.78350515463917,2026-09-29 17:18:49
BSWM-140692462239,Bureau of Soils and Water Management(BSWM),bswm,NGA,2025-02-20 19:55:00,Q1,Undergraduate Thesis,DENIED,unsuccessful,True,False,True,2025-02-21 11:38:00,0.655,2025-02-21 11:38:00,,2025-02-21 11:38:37,0.655,1,1,False,3956,97,40.78350515463917,2026-09-29 17:18:51
PSA-519278101687,Philippine Statistics Authority(PSA),psa,NGA,2025-02-20 19:56:00,Q1,Research and Development,PARTIALLY SUCCESSFUL,partially successful,True,True,True,2025-02-27 09:41:00,6.573,2025-02-27 09:41:00,,2025-02-27 09:41:23,6.573,1,1,False,3956,97,40.78350515463917,2026-09-29 17:18:54
PGI-669336355800,Provincial Government of Isabela(PGI),pgi,LGU,2025-02-21 00:42:00,Q1,Thesis Proposal,SUCCESSFUL,successful,True,True,True,2025-02-25 09:48:00,4.379,2025-02-25 16:36:00,2025-02-25 09:50:51,2025-02-25 16:36:22,4.663,4,1,False,44,44,1.0,2026-09-29 17:18:56
CAAP-675016514654,Civil Aviation Authority of the Philippines(CAAP),caap,GOCC,2025-02-21 01:16:00,Q1,Thesis Proposal,REFERRED,referred,False,False,False,,,,,,,0,1,False,410,96,4.270833333333333,2026-09-29 17:18:57
PUP-077437780760,Polytechnic University of the Philippines(PUP),pup,SUC,2025-02-21 10:34:00,Q1,For research purpose,SUCCESSFUL,successful,True,True,True,2025-02-24 20:07:00,3.398,2025-02-24 20:07:00,,2025-02-24 20:07:07,3.398,1,1,False,150,131,1.1450381679389312,2026-09-29 17:19:13
DOH-012868687184,Department of Health(DOH),doh,NGA,2025-02-21 12:59:00,Q1,Academic Research,SUCCESSFUL,successful,True,True,True,2025-02-21 17:03:00,0.169,2025-02-27 14:51:00,2025-02-21 17:03:35,2025-02-27 14:51:46,6.078,2,1,False,3956,97,40.78350515463917,2026-09-29 17:19:15
TWD-749446071818,Tagum Water District(TWD),twd,WATER-DISTRICT,2025-02-21 15:47:00,Q1,Academic Research,SUCCESSFUL,successful,True,True,True,2025-02-21 16:18:00,0.022,2025-02-27 15:24:00,2025-02-21 16:18:46,2025-02-27 15:24:04,5.984,2,1,False,17,17,1.0,2026-09-29 17:19:16
PCSO-605153958933,Philippine Charity Sweepstakes Office(PCSO),pcso,GOCC,2025-02-21 23:02:00,Q1,Medical and Financial assistance,SUCCESSFUL,successful,True,True,True,2025-02-24 10:47:00,2.49,2025-03-05 16:14:00,2025-02-24 10:47:24,2025-03-05 16:14:38,11.717,2,1,False,410,96,4.270833333333333,2026-09-29 17:19:18
PNP-614804442631,Philippine National Police(PNP),pnp,LEA,2025-02-22 16:31:00,Q1,Police complaint for an online scammer,DENIED,unsuccessful,True,False,True,2025-02-24 08:05:00,1.649,2025-02-27 14:38:00,2025-02-24 08:05:31,2025-02-27 14:38:25,4.922,2,1,False,124,104,1.1923076923076923,2026-09-29 17:19:20
UP-857775285525,University of the Philippines System(UP),up,SUC,2025-02-22 16:58:00,Q1,Research & Development of CBD/Townships,CLOSED,unsuccessful,True,False,True,2025-02-24 17:42:00,2.031,2025-06-23 18:30:00,2025-06-23 18:30:02,,,2,2,False,150,131,1.1450381679389312,2026-09-29 17:19:21
PNP-006832251592,Philippine National Police(PNP),pnp,LEA,2025-02-22 20:37:00,Q1,Undergraduate Research,SUCCESSFUL,successful,True,True,True,2025-02-24 08:06:00,1.478,2025-03-10 11:14:00,2025-02-24 08:06:12,2025-03-10 11:14:06,15.609,3,1,False,124,104,1.1923076923076923,2026-09-29 17:19:23
MMDA-642382079279,Metropolitan Manila Development Authority(MMDA),mmda,NGA,2025-02-22 22:09:00,Q1,Undergraduate Thesis Project,PARTIALLY SUCCESSFUL,partially successful,True,True,True,2025-03-12 10:48:00,17.527,2025-08-08 15:05:00,2025-03-12 10:48:26,2025-08-08 15:05:56,166.706,2,1,False,3956,97,40.78350515463917,2026-09-29 17:19:25
PSA-162771922809,Philippine Statistics Authority(PSA),psa,NGA,2025-02-23 08:01:00,Q1,The purpose of this request is to research about the number of people having these surnames and middle names because we're also their descendants.,SUCCESSFUL,successful,True,True,True,2025-06-25 10:48:00,122.116,2025-06-25 10:48:00,,2025-06-25 10:48:19,122.116,1,2,False,3956,97,40.78350515463917,2026-09-29 17:19:27
DOTr-763243696794,Department of Transportation(DOTr),dotr,NGA,2025-02-23 18:32:00,Q1,Thesis/Research,PARTIALLY SUCCESSFUL,partially successful,True,True,True,2025-02-27 09:08:00,3.608,2025-03-04 11:14:00,2025-02-27 09:08:59,2025-03-04 11:14:38,8.696,2,1,False,3956,97,40.78350515463917,2026-09-29 17:19:29
DepEd-441607749859,Department of Education(DepEd),deped,NGA,2025-02-23 21:01:00,Q1,Capstone Research,SUCCESSFUL,successful,True,True,True,2025-02-24 10:22:00,0.556,2025-08-08 08:31:00,2025-02-24 10:22:45,2025-08-08 08:31:03,165.479,4,2,False,3956,97,40.78350515463917,2026-09-29 17:19:30
USAP-130881130131,"City of Pasig, NCR(USAP)",usap,LGU,2025-02-24 08:13:00,Q1,Research for graduate studies,SUCCESSFUL,successful,True,True,True,2025-02-24 10:48:00,0.108,2025-03-20 14:01:00,2025-02-24 10:48:20,2025-03-20 14:01:05,24.242,3,1,False,44,44,1.0,2026-09-29 17:19:34
PNP-379493091768,Philippine National Police(PNP),pnp,LEA,2025-02-24 14:36:00,Q1,Research for PhD class,SUCCESSFUL,successful,True,True,True,2025-02-25 09:29:00,0.787,2025-03-17 08:11:00,2025-02-25 09:29:34,2025-03-17 08:11:56,20.733,3,1,False,124,104,1.1923076923076923,2026-09-29 17:19:35
PNP-213615710857,Philippine National Police(PNP),pnp,LEA,2025-02-24 15:46:00,Q1,Undergraduate Thesis Paper,SUCCESSFUL,successful,True,True,True,2025-02-25 09:30:00,0.739,2025-03-10 11:09:00,2025-02-25 09:30:03,2025-03-10 11:09:00,13.808,3,1,False,124,104,1.1923076923076923,2026-09-29 17:19:37
DOH-805959598164,Department of Health(DOH),doh,NGA,2025-02-24 17:35:00,Q1,Research and Development,SUCCESSFUL,successful,True,True,True,2025-02-25 13:13:00,0.818,2025-08-12 16:58:00,2025-02-25 13:13:24,2025-08-12 16:58:59,168.975,2,1,False,3956,97,40.78350515463917,2026-09-29 17:19:39
UPM-883938549822,University of the Philippines Manila(UPM),upm,SUC,2025-02-24 19:26:00,Q1,for academic purposes,REFERRED,referred,False,False,False,,,,,,,0,1,False,150,131,1.1450381679389312,2026-09-29 17:19:41
UPM-065105435157,University of the Philippines Manila(UPM),upm,SUC,2025-02-24 23:26:00,Q1,academic purposes,REFERRED,referred,False,False,False,,,,,,,0,1,False,150,131,1.1450381679389312,2026-09-29 17:19:43
USTSP-534072679533,University of Science and Technology of Southern Philippines(USTSP),ustsp,SUC,2025-02-25 03:49:00,Q1,Masters Degree Research Study,SUCCESSFUL,successful,True,True,True,2025-11-10 09:40:00,258.244,2025-11-10 09:42:00,,2025-11-10 09:42:32,258.246,2,1,False,150,131,1.1450381679389312,2026-09-29 17:19:45
BLWD-718510018884,Balanga Water District(BLWD),blwd,WATER-DISTRICT,2025-02-25 14:10:00,Q1,For research purposes for creating a sustainable water management project,SUCCESSFUL,successful,True,True,True,2025-02-28 16:36:00,3.101,2025-06-20 08:48:00,2025-02-28 16:36:39,2025-06-20 08:48:26,114.777,2,1,False,17,17,1.0,2026-09-29 17:19:47
PNP-508363938470,Philippine National Police(PNP),pnp,LEA,2025-02-25 15:19:00,Q1,Architectural Thesis,SUCCESSFUL,successful,True,True,True,2025-02-27 09:46:00,1.769,2025-03-04 16:35:00,2025-02-27 09:46:18,2025-03-04 16:35:23,7.053,3,1,False,124,104,1.1923076923076923,2026-09-29 17:19:49
INDWD-027577320271,Indang Water District(INDWD),indwd,WATER-DISTRICT,2025-02-25 15:31:00,Q1,Research and Development,PENDING,open,False,False,False,,,,,,,0,1,False,17,17,1.0,2026-09-29 17:19:51
PAKIL-587519568642,"Municipality of Pakil, Laguna, Region IV-A(PAKIL)",pakil,LGU,2025-02-25 19:12:00,Q1,Data gathering for undergraduate thesis in UPLB,PENDING,open,False,False,False,,,,,,,0,1,False,44,44,1.0,2026-09-29 17:19:53
SSS-194721575423,Social Security System(SSS),sss,GOCC,2025-02-26 00:08:00,Q1,Forgotten SSS number,SUCCESSFUL,successful,True,True,True,2025-06-20 14:41:00,114.606,2025-06-20 14:41:00,,2025-06-20 14:41:44,114.607,1,1,False,410,96,4.270833333333333,2026-09-29 17:19:55
FPRDI-554262862088,Forest Products Research and Development Institute(FPRDI),fprdi,NGA,2025-02-26 08:16:00,Q1,Research (Inquiry in connection to research),SUCCESSFUL,successful,True,True,True,2025-03-04 10:23:00,6.088,2025-03-04 10:23:00,,2025-03-04 10:23:56,6.089,1,2,False,3956,97,40.78350515463917,2026-09-29 17:19:57
MGB-121794895033,Mines and Geosciences Bureau(MGB),mgb,NGA,2025-02-26 08:43:00,Q1,Research and Development for an undergraduate thesis,PARTIALLY SUCCESSFUL,partially successful,True,True,True,2025-02-26 12:39:00,0.164,2025-02-28 15:23:00,2025-02-26 12:39:58,2025-02-28 15:23:23,2.278,2,2,False,3956,97,40.78350515463917,2026-09-29 17:19:59
UPPGH-488853522884,University of the Philippines - Philippine General Hospital(UPPGH),uppgh,SUC,2025-02-26 08:45:00,Q1,for academic purposes,SUCCESSFUL,successful,True,True,True,2025-03-12 14:34:00,14.242,2025-03-12 14:34:00,,2025-03-12 14:34:19,14.243,1,2,False,150,131,1.1450381679389312,2026-09-29 17:20:01
UPPGH-026987252026,University of the Philippines - Philippine General Hospital(UPPGH),uppgh,SUC,2025-02-26 08:45:00,Q1,academic purposes,SUCCESSFUL,successful,True,True,True,2025-03-06 13:57:00,8.217,2025-03-17 08:01:00,2025-03-06 13:57:50,2025-03-17 08:01:43,18.97,3,3,False,150,131,1.1450381679389312,2026-09-29 17:20:02
USEP-127629538964,University of Southeastern Philippines(USEP),usep,SUC,2025-02-26 12:12:00,Q1,Reference data to be use for the sewage treatment facility,SUCCESSFUL,successful,True,True,True,2025-02-26 13:13:00,0.042,2025-03-10 11:53:00,2025-02-26 13:13:52,2025-03-10 11:53:09,11.987,2,1,False,150,131,1.1450381679389312,2026-09-29 17:20:04
PFDA-050250862390,Philippine Fisheries Development Authority(PFDA),pfda,GOCC,2025-02-26 12:36:00,Q1,Reseach and Thesis,SUCCESSFUL,successful,True,True,True,2025-02-26 13:12:00,0.025,2025-03-03 11:45:00,2025-02-26 13:12:37,2025-03-03 11:45:58,4.965,2,1,False,410,96,4.270833333333333,2026-09-29 17:20:06
UPLB-976658295202,University of the Philippines Los Banos(UPLB),uplb,SUC,2025-02-26 15:29:00,Q1,Field Study,DENIED,unsuccessful,True,False,True,2025-03-12 11:50:00,13.848,2025-03-12 16:52:00,2025-03-12 12:29:31,2025-03-12 16:52:02,14.058,3,1,False,150,131,1.1450381679389312,2026-09-29 17:20:08
USAP-366830088365,"City of Pasig, NCR(USAP)",usap,LGU,2025-02-26 16:11:00,Q1,For Deisgn Project in Civil Engineering,SUCCESSFUL,successful,True,True,True,2025-02-27 13:18:00,0.88,2025-03-10 16:49:00,2025-02-27 13:18:49,2025-03-10 16:49:32,12.027,3,1,False,44,44,1.0,2026-09-29 17:20:10
LGUBANTAY-492256970157,"Municipality of Bantay, Ilocos Sur(LGUBANTAY)",lgubantay,LGU,2025-02-26 17:36:00,Q1,Thesis Project,REFERRED,referred,False,False,False,,,,,,,0,2,False,44,44,1.0,2026-09-29 17:20:12
CASIWD-042453291603,Casiguran Water District(CASIWD),casiwd,WATER-DISTRICT,2025-02-26 23:03:00,Q1,"For research development, and LGU water district capacity building for searching potential water sources, and creating a regulatory and management framework to protect and conserved these water sources.",PENDING,open,False,False,False,,,,,,,0,1,False,17,17,1.0,2026-09-29 17:20:14
UPLB-993628132140,University of the Philippines Los Banos(UPLB),uplb,SUC,2025-02-27 10:46:00,Q1,Field Study,DENIED,unsuccessful,True,False,True,2025-03-12 11:49:00,13.044,2025-03-12 16:50:00,2025-03-12 12:29:17,2025-03-12 16:50:51,13.253,3,1,False,150,131,1.1450381679389312,2026-09-29 17:20:15
PNP-084896118358,Philippine National Police(PNP),pnp,LEA,2025-02-27 16:13:00,Q1,Research and Development,DENIED,unsuccessful,True,False,True,2025-02-28 09:53:00,0.736,2025-06-20 15:28:00,2025-02-28 09:53:57,2025-06-20 15:28:57,112.969,5,1,False,124,104,1.1923076923076923,2026-09-29 17:20:17
USAP-143707072577,"City of Pasig, NCR(USAP)",usap,LGU,2025-02-27 22:18:00,Q1,Master's Degree Thesis Research,SUCCESSFUL,successful,True,True,True,2025-02-28 10:43:00,0.517,2025-02-28 11:07:00,2025-02-28 10:43:52,2025-02-28 11:07:53,0.535,3,1,False,44,44,1.0,2026-09-29 17:20:19
USAP-560968429181,"City of Pasig, NCR(USAP)",usap,LGU,2025-02-27 22:24:00,Q1,Master's degree Thesis Research,SUCCESSFUL,successful,True,True,True,2025-02-28 12:55:00,0.605,2025-02-28 13:02:00,2025-02-28 12:55:22,2025-02-28 13:02:02,0.61,3,1,False,44,44,1.0,2026-09-29 17:20:22
LRTA-474764480213,Light Rail Transit Authority(LRTA),lrta,GOCC,2025-02-28 10:57:00,Q1,Undergraduate Thesis,SUCCESSFUL,successful,True,True,True,2025-03-11 13:56:00,11.124,2025-03-11 13:56:00,,2025-03-11 13:56:26,11.125,1,1,False,410,96,4.270833333333333,2026-09-29 17:20:23
UPD-690556144671,University of the Philippines Diliman(UPD),upd,SUC,2025-02-28 14:06:00,Q1,Investigative Journalism,DENIED,unsuccessful,True,False,True,2025-03-15 06:15:00,14.673,2025-03-17 10:45:00,2025-03-15 06:15:53,2025-03-17 10:45:45,16.861,2,1,False,150,131,1.1450381679389312,2026-09-29 17:20:25
PNP-931663167356,Philippine National Police(PNP),pnp,LEA,2025-02-28 14:43:00,Q1,"The document will be used as a reference in creating our security plant for the Coca-Cola Warehouse located in Brgy. Poblacion I, Cauayan City, Isabela",SUCCESSFUL,successful,True,True,True,2025-03-03 11:41:00,2.874,2025-03-04 17:10:00,2025-03-03 11:41:52,2025-03-04 17:10:10,4.102,6,1,False,124,104,1.1923076923076923,2026-09-29 17:20:27
DOH-843404899614,Department of Health(DOH),doh,NGA,2025-02-28 15:19:00,Q1,For Job Application Abroad,SUCCESSFUL,successful,True,True,True,2025-02-28 17:36:00,0.095,2025-02-28 17:36:00,,2025-02-28 17:36:20,0.095,1,1,False,3956,97,40.78350515463917,2026-09-29 17:20:29
NISU-354217316508,Northern Iloilo State University(NISU),nisu,SUC,2025-02-28 16:23:00,Q1,Research purpose.,SUCCESSFUL,successful,True,True,True,2025-03-04 08:26:00,3.669,2025-03-05 12:55:00,2025-03-04 08:26:41,2025-03-05 12:55:02,4.856,2,1,False,150,131,1.1450381679389312,2026-09-29 17:20:31
PEZA-794960549749,Philippine Economic Zone Authority(PEZA),peza,GOCC,2025-02-28 16:57:00,Q1,Economic research,PENDING,open,False,False,False,,,,,,,0,1,False,410,96,4.270833333333333,2026-09-29 17:20:33
NKTI-542157699742,National Kidney and Transplant Institute(NKTI),nkti,GOCC,2025-02-28 20:02:00,Q1,Academic Research,PARTIALLY SUCCESSFUL,partially successful,True,True,True,2025-03-01 00:13:00,0.174,2025-03-01 00:13:00,,2025-03-01 00:13:43,0.175,1,1,False,410,96,4.270833333333333,2026-09-29 17:20:35
PNP-660966902808,Philippine National Police(PNP),pnp,LEA,2025-02-28 20:57:00,Q1,Architectural Thesis,SUCCESSFUL,successful,True,True,True,2025-03-03 11:43:00,2.615,2025-03-05 11:18:00,2025-03-03 11:43:12,2025-03-05 11:18:32,4.598,3,1,False,124,104,1.1923076923076923,2026-09-29 17:20:37
PUP-765152956644,Polytechnic University of the Philippines(PUP),pup,SUC,2025-03-01 00:01:00,Q1,research on academic performance and enrollment trends,SUCCESSFUL,successful,True,True,True,2025-03-05 11:21:00,4.472,2025-03-05 11:21:00,,2025-03-05 11:21:12,4.472,1,1,False,150,131,1.1450381679389312,2026-09-29 17:20:39
USAP-540917866110,"City of Pasig, NCR(USAP)",usap,LGU,2025-03-01 09:05:00,Q1,School Research/Capstone Design Project,SUCCESSFUL,successful,True,True,True,2025-03-03 11:28:00,2.099,2025-03-20 13:32:00,2025-03-03 11:28:42,2025-03-20 13:32:23,19.186,3,1,False,44,44,1.0,2026-09-29 17:20:41
BATSU-008668529739,Batangas State University(BATSU),batsu,SUC,2025-03-01 10:57:00,Q1,Architectural Thesis,SUCCESSFUL,successful,True,True,True,2025-03-03 13:05:00,2.089,2025-03-04 11:04:00,2025-03-03 13:05:43,2025-03-04 11:04:42,3.005,2,1,False,150,131,1.1450381679389312,2026-09-29 17:20:57
PUP-104622229415,Polytechnic University of the Philippines(PUP),pup,SUC,2025-03-01 12:45:00,Q1,Academic Research,SUCCESSFUL,successful,True,True,True,2025-03-05 12:00:00,3.969,2025-03-05 12:00:00,,2025-03-05 12:00:34,3.969,1,1,False,150,131,1.1450381679389312,2026-09-29 17:20:59
PUP-404864518118,Polytechnic University of the Philippines(PUP),pup,SUC,2025-03-01 20:09:00,Q1,For my research,SUCCESSFUL,successful,True,True,True,2025-03-12 11:03:00,10.621,2025-03-12 11:03:00,,2025-03-12 11:03:12,10.621,1,1,False,150,131,1.1450381679389312,2026-09-29 17:21:01
DepEd-998752344761,Department of Education(DepEd),deped,NGA,2025-03-02 14:08:00,Q1,To check on the teaching performance of mathematics secondary school teachers,CLOSED,unsuccessful,True,False,True,2025-03-03 11:46:00,0.901,2026-01-10 09:18:00,2025-03-03 11:46:10,,,3,1,False,3956,97,40.78350515463917,2026-09-29 17:21:03
UPLB-823590595128,University of the Philippines Los Banos(UPLB),uplb,SUC,2025-03-02 16:36:00,Q1,"Research and Development, undergraduate Special Problem",ACCEPTED,open,False,False,True,2025-03-11 11:25:00,8.784,2025-03-12 14:45:00,2025-03-11 11:25:37,,,2,1,False,150,131,1.1450381679389312,2026-09-29 17:21:05
PNP-040240642397,Philippine National Police(PNP),pnp,LEA,2025-03-02 22:57:00,Q1,Writing a story for Inquirer.net on election coverage,DENIED,unsuccessful,True,False,True,2025-03-03 11:43:00,0.532,2025-06-20 14:44:00,2025-03-03 11:43:53,2025-06-20 14:44:50,109.658,6,1,False,124,104,1.1923076923076923,2026-09-29 17:21:07
USAP-782114419874,"City of Pasig, NCR(USAP)",usap,LGU,2025-03-02 23:00:00,Q1,For Feasibility Study,SUCCESSFUL,successful,True,True,True,2025-03-03 14:02:00,0.626,2025-03-03 14:11:00,2025-03-03 14:02:04,2025-03-03 14:11:27,0.633,2,1,False,44,44,1.0,2026-09-29 17:21:08
PNP-817903668661,Philippine National Police(PNP),pnp,LEA,2025-03-02 23:01:00,Q1,Writing a story for Inquirer.net on election coverage,SUCCESSFUL,successful,True,True,True,2025-03-03 11:46:00,0.531,2025-03-05 09:30:00,2025-03-03 11:46:15,2025-03-05 09:30:09,2.437,3,1,False,124,104,1.1923076923076923,2026-09-29 17:21:10
PNP-010023150161,Philippine National Police(PNP),pnp,LEA,2025-03-02 23:21:00,Q1,Undergraduate Thesis,SUCCESSFUL,successful,True,True,True,2025-03-03 11:46:00,0.517,2025-03-20 18:35:00,2025-03-03 11:46:56,2025-03-20 18:35:52,17.802,4,4,False,124,104,1.1923076923076923,2026-09-29 17:21:13
PNP-005064544254,Philippine National Police(PNP),pnp,LEA,2025-03-03 08:56:00,Q1,Undergraduate Thesis Paper,SUCCESSFUL,successful,True,True,True,2025-03-03 11:47:00,0.119,2025-06-20 11:02:00,2025-03-03 11:47:26,2025-06-20 11:02:45,109.088,6,5,False,124,104,1.1923076923076923,2026-09-29 17:21:15
MGB-284819161811,Mines and Geosciences Bureau(MGB),mgb,NGA,2025-03-03 09:37:00,Q1,thesis/special problem,PARTIALLY SUCCESSFUL,partially successful,True,True,True,2025-03-05 08:09:00,1.939,2025-03-10 15:29:00,2025-03-05 08:09:25,2025-03-10 15:29:52,7.245,2,2,False,3956,97,40.78350515463917,2026-09-29 17:21:17
MGB-566331675850,Mines and Geosciences Bureau(MGB),mgb,NGA,2025-03-03 09:45:00,Q1,special problem/thesis,DENIED,unsuccessful,True,False,True,2025-03-03 16:01:00,0.261,2025-03-10 11:07:00,2025-03-03 16:01:52,2025-03-10 11:07:29,7.057,2,2,False,3956,97,40.78350515463917,2026-09-29 17:21:20
PNP-844434083025,Philippine National Police(PNP),pnp,LEA,2025-03-03 10:59:00,Q1,"To be used as a reference in drafting the Coca-Cola Beverages Philippines Inc., Risk Assessment",SUCCESSFUL,successful,True,True,True,2025-03-04 09:45:00,0.949,2025-03-06 09:14:00,2025-03-04 09:45:44,2025-03-06 09:14:41,2.928,2,1,False,124,104,1.1923076923076923,2026-09-29 17:21:21
BATSU-032670256812,Batangas State University(BATSU),batsu,SUC,2025-03-03 12:55:00,Q1,Architectural Thesis,DENIED,unsuccessful,True,False,True,2025-03-03 13:16:00,0.015,2025-03-03 13:16:00,,2025-03-03 13:16:30,0.015,1,1,False,150,131,1.1450381679389312,2026-09-29 17:21:23
USAP-419529683969,"City of Pasig, NCR(USAP)",usap,LGU,2025-03-03 15:20:00,Q1,For research and reporting purposes,SUCCESSFUL,successful,True,True,True,2025-03-05 13:44:00,1.933,2025-03-20 11:50:00,2025-03-05 13:44:59,2025-03-20 11:50:43,16.855,3,1,False,44,44,1.0,2026-09-29 17:21:26
PNP-191376843992,Philippine National Police(PNP),pnp,LEA,2025-03-03 15:58:00,Q1,"Fraud report not accept from foreigner, what is wrong with the office",DENIED,unsuccessful,True,False,True,2025-03-04 13:44:00,0.907,2025-03-06 10:57:00,2025-03-04 13:44:31,2025-03-06 10:57:38,2.791,2,1,False,124,104,1.1923076923076923,2026-09-29 17:21:28
PNP-542431869022,Philippine National Police(PNP),pnp,LEA,2025-03-03 16:49:00,Q1,Architectural Research,SUCCESSFUL,successful,True,True,True,2025-03-04 13:45:00,0.872,2025-03-11 08:14:00,2025-03-04 13:45:37,2025-03-11 08:14:31,7.643,3,1,False,124,104,1.1923076923076923,2026-09-29 17:21:29
PNP-919632994185,Philippine National Police(PNP),pnp,LEA,2025-03-04 10:19:00,Q1,Data Gathering and Presentation for the State of Municipality Address,SUCCESSFUL,successful,True,True,True,2025-03-04 13:47:00,0.144,2025-03-11 14:13:00,2025-03-04 13:47:44,2025-03-11 14:13:24,7.163,3,2,False,124,104,1.1923076923076923,2026-09-29 17:21:45
WMSU-815574375172,Western Mindanao State University(WMSU),wmsu,SUC,2025-03-04 10:22:00,Q1,WES Credential Evaluation of Education Equivalence for University Admissions Exam,PENDING,open,False,False,False,,,,,,,0,1,False,150,131,1.1450381679389312,2026-09-29 17:21:46
PNP-620031740557,Philippine National Police(PNP),pnp,LEA,2025-03-04 13:03:00,Q1,di ko po nakuha ung police clearance kase maiden name po nailagay ko sa details DAPAT PO EH MARIBETH ENCARNACION BAYA,SUCCESSFUL,successful,True,True,True,2025-03-04 14:28:00,0.059,2025-03-05 08:28:00,2025-03-04 14:28:32,2025-03-05 08:28:34,0.809,2,1,False,124,104,1.1923076923076923,2026-09-29 17:21:48
SSS-473199368215,Social Security System(SSS),sss,GOCC,2025-03-04 13:48:00,Q1,Employment purposes,SUCCESSFUL,successful,True,True,True,2025-06-20 14:34:00,108.032,2025-06-20 14:34:00,,2025-06-20 14:34:41,108.032,1,1,False,410,96,4.270833333333333,2026-09-29 17:21:50
PNP-063899522771,Philippine National Police(PNP),pnp,LEA,2025-03-04 16:01:00,Q1,RESEARCH AND DEVELOPMENT,SUCCESSFUL,successful,True,True,True,2025-03-05 15:31:00,0.979,2025-08-20 11:37:00,2025-03-05 15:31:55,2025-08-20 11:37:25,168.817,2,1,False,124,104,1.1923076923076923,2026-09-29 17:21:52
USAP-184532115856,"City of Pasig, NCR(USAP)",usap,LGU,2025-03-04 16:54:00,Q1,Research and Development,SUCCESSFUL,successful,True,True,True,2025-03-05 14:03:00,0.881,2025-07-10 11:42:00,2025-03-05 14:03:16,2025-07-10 11:42:13,127.783,3,1,False,44,44,1.0,2026-09-29 17:21:54
NHA-121282502165,National Housing Authority(NHA),nha,GOCC,2025-03-04 17:18:00,Q1,For Undergraduate Architectural Capstone Thesis,SUCCESSFUL,successful,True,True,True,2025-03-05 14:14:00,0.872,2025-03-13 08:55:00,2025-03-05 14:14:06,2025-03-13 08:55:17,8.651,3,1,False,410,96,4.270833333333333,2026-09-29 17:21:56
NHCP-424444803963,National Historical Commission of the Philippines(NHCP),nhcp,NGA,2025-03-04 18:13:00,Q1,For thesis purposes only,SUCCESSFUL,successful,True,True,True,2025-03-06 10:33:00,1.681,2025-03-06 10:33:00,,2025-03-06 10:33:27,1.681,1,1,False,3956,97,40.78350515463917,2026-09-29 17:21:58
DOH-145209550185,Department of Health(DOH),doh,NGA,2025-03-04 19:58:00,Q1,"Research, Case Presentation",SUCCESSFUL,successful,True,True,True,2025-03-05 13:32:00,0.732,2025-03-13 18:47:00,2025-03-05 13:32:48,2025-03-13 18:47:25,8.951,3,1,False,3956,97,40.78350515463917,2026-09-29 17:22:00
SSS-556409200691,Social Security System(SSS),sss,GOCC,2025-03-04 21:08:00,Q1,Job requirements,SUCCESSFUL,successful,True,True,True,2025-06-20 14:30:00,107.724,2025-06-20 14:30:00,,2025-06-20 14:30:52,107.724,1,1,False,410,96,4.270833333333333,2026-09-29 17:22:02
PUP-513972004024,Polytechnic University of the Philippines(PUP),pup,SUC,2025-03-04 23:04:00,Q1,Obtain accurate and up-to-date meteorological and hydrological data to support our undergraduate research on Marikina River Water Level prediction using time series analysis and machine learning.,REFERRED,referred,False,False,False,,,,,,,0,1,False,150,131,1.1450381679389312,2026-09-29 17:22:04
DOH-550775028848,Department of Health(DOH),doh,NGA,2025-03-05 10:01:00,Q1,Academic Research,SUCCESSFUL,successful,True,True,True,2025-03-05 14:29:00,0.186,2025-08-06 09:56:00,2025-03-05 14:29:58,2025-08-06 09:56:20,153.997,2,1,False,3956,97,40.78350515463917,2026-09-29 17:22:05
SSS-785904177982,Social Security System(SSS),sss,GOCC,2025-03-05 10:20:00,Q1,Provident Claim in Pagibig Fund,SUCCESSFUL,successful,True,True,True,2025-06-20 14:23:00,107.169,2025-06-20 14:23:00,,2025-06-20 14:23:26,107.169,1,1,False,410,96,4.270833333333333,2026-09-29 17:22:08
UPD-323643580287,University of the Philippines Diliman(UPD),upd,SUC,2025-03-05 11:35:00,Q1,Research and Development,DENIED,unsuccessful,True,False,True,2025-03-15 06:11:00,9.775,2025-03-15 06:11:00,,2025-03-15 06:11:27,9.775,1,1,False,150,131,1.1450381679389312,2026-09-29 17:22:09
CAAP-783130546158,Civil Aviation Authority of the Philippines(CAAP),caap,GOCC,2025-03-05 15:49:00,Q1,Preparation of exam and program,SUCCESSFUL,successful,True,True,True,2025-03-06 10:39:00,0.785,2025-03-06 10:39:00,,2025-03-06 10:39:51,0.785,1,1,False,410,96,4.270833333333333,2026-09-29 17:22:15
CHED-805639661856,Commission on Higher Education(CHED),ched,NGA,2025-03-06 05:15:00,Q1,Architectural Thesis,SUCCESSFUL,successful,True,True,True,2025-03-06 09:01:00,0.157,2025-06-24 15:46:00,2025-03-06 09:01:04,2025-06-24 15:46:31,110.439,2,1,False,3956,97,40.78350515463917,2026-09-29 17:22:18
PNP-050732210488,Philippine National Police(PNP),pnp,LEA,2025-03-06 12:31:00,Q1,Research and development purposes,SUCCESSFUL,successful,True,True,True,2025-03-06 13:12:00,0.028,2025-11-05 16:52:00,2025-03-06 13:12:33,2025-11-05 16:52:35,244.182,3,1,False,124,104,1.1923076923076923,2026-09-29 17:22:19
USAP-119480848483,"City of Pasig, NCR(USAP)",usap,LGU,2025-03-06 13:08:00,Q1,For research purposes,SUCCESSFUL,successful,True,True,True,2025-03-10 10:15:00,3.88,2025-03-12 17:37:00,2025-03-10 10:15:11,2025-03-12 17:37:04,6.187,3,1,False,44,44,1.0,2026-09-29 17:22:21
PNP-372037830291,Philippine National Police(PNP),pnp,LEA,2025-03-06 16:01:00,Q1,Architectural Thesis,SUCCESSFUL,successful,True,True,True,2025-03-07 07:48:00,0.658,2025-06-20 12:58:00,2025-03-07 07:48:37,2025-06-20 12:58:19,105.873,3,1,False,124,104,1.1923076923076923,2026-09-29 17:22:22
PNP-981784692844,Philippine National Police(PNP),pnp,LEA,2025-03-06 16:20:00,Q1,Research and Development (Undergraduate Thesis Requirement),SUCCESSFUL,successful,True,True,True,2025-03-07 07:50:00,0.646,2025-11-21 18:19:00,2025-03-07 07:50:17,2025-11-21 18:19:14,260.083,3,1,False,124,104,1.1923076923076923,2026-09-29 17:22:25
PH-717763800295,PhilHealth(PH),ph,GOCC,2025-03-06 19:31:00,Q1,"Research on physicians' knowledge, attitudes, and practices regarding Complementary and Alternative Medicine (CAM) in Type 2 Diabetes Mellitus (T2DM) management",SUCCESSFUL,successful,True,True,True,2025-03-07 13:57:00,0.768,2025-03-11 13:34:00,2025-03-07 13:57:19,2025-03-11 13:34:32,4.752,2,1,False,410,96,4.270833333333333,2026-09-29 17:22:26
NFA-662920480220,National Food Authority(NFA),nfa,GOCC,2025-03-06 22:37:00,Q1,Research and development,SUCCESSFUL,successful,True,True,True,2025-03-11 09:35:00,4.457,2025-03-11 09:35:00,,2025-03-11 09:35:34,4.457,1,1,False,410,96,4.270833333333333,2026-09-29 17:22:28
PNP-971833523851,Philippine National Police(PNP),pnp,LEA,2025-03-06 23:31:00,Q1,Architectural Thesis,SUCCESSFUL,successful,True,True,True,2025-03-07 07:51:00,0.347,2025-03-07 12:36:00,2025-03-07 07:51:52,2025-03-07 12:36:12,0.545,2,2,False,124,104,1.1923076923076923,2026-09-29 17:22:30
BagWD-720074766605,Baguio Water District(BagWD),bagwd,WATER-DISTRICT,2025-03-07 09:01:00,Q1,research and development,DENIED,unsuccessful,True,False,True,2025-03-07 09:36:00,0.024,2025-03-19 11:48:00,2025-03-07 09:36:33,2025-03-19 11:48:00,12.116,2,1,False,17,17,1.0,2026-09-29 17:22:31
PNP-415770860545,Philippine National Police(PNP),pnp,LEA,2025-03-07 09:05:00,Q1,"Thesis capstone, research and academic purposes",SUCCESSFUL,successful,True,True,True,2025-03-10 08:13:00,2.964,2025-03-17 16:03:00,2025-03-10 08:13:39,2025-03-17 16:03:57,10.291,4,1,False,124,104,1.1923076923076923,2026-09-29 17:22:33
NEA-662514272959,National Electrification Administration(NEA),nea,GOCC,2025-03-07 13:35:00,Q1,Bidding purposes,CLOSED,unsuccessful,True,False,True,2025-03-12 14:02:00,5.019,2025-03-12 14:02:00,2025-03-12 14:02:26,,,1,1,False,410,96,4.270833333333333,2026-09-29 17:22:35
BCWD-206194848126,Butuan City Water District(BCWD),bcwd,WATER-DISTRICT,2025-03-07 16:41:00,Q1,Undergraduate Thesis,DENIED,unsuccessful,True,False,True,2025-03-11 15:58:00,3.97,2025-08-08 11:40:00,2025-03-11 15:58:22,2025-08-08 11:40:18,153.791,2,1,False,17,17,1.0,2026-09-29 17:22:37
HDMF-414740705983,Home Development Mutual Fund/Pag-IBIG Fund(HDMF),hdmf,GOCC,2025-03-07 19:25:00,Q1,undergraduate thesis,CLOSED,unsuccessful,True,False,True,2025-03-11 17:46:00,3.931,2025-03-11 17:46:00,2025-03-11 17:46:06,,,1,1,False,410,96,4.270833333333333,2026-09-29 17:22:38
NBI-910748137764,National Bureau of Investigation(NBI),nbi,NGA,2025-03-07 19:28:00,Q1,undergraduate thesis,SUCCESSFUL,successful,True,True,True,2025-03-14 08:50:00,6.557,2025-03-18 15:13:00,2025-03-14 08:50:45,2025-03-18 15:13:26,10.823,2,1,False,3956,97,40.78350515463917,2026-09-29 17:22:40
DOLE-380272823583,Department of Labor and Employment(DOLE),dole,NGA,2025-03-07 19:30:00,Q1,undergraduate thesis,PARTIALLY SUCCESSFUL,partially successful,True,True,True,2025-08-08 17:40:00,153.924,2025-08-08 17:40:00,,2025-08-08 17:40:37,153.924,1,1,False,3956,97,40.78350515463917,2026-09-29 17:22:42
NHA-087640086907,National Housing Authority(NHA),nha,GOCC,2025-03-07 19:41:00,Q1,undergraduate thesis,SUCCESSFUL,successful,True,True,True,2025-03-10 14:38:00,2.79,2025-06-24 08:28:00,2025-03-10 14:38:04,2025-06-24 08:28:20,108.533,5,1,False,410,96,4.270833333333333,2026-09-29 17:22:44
PRMSU-568109357554,President Ramon Magsaysay State University(PRMSU),prmsu,SUC,2025-03-07 19:43:00,Q1,Dissertation,SUCCESSFUL,successful,True,True,True,2025-08-08 08:53:00,153.549,2025-08-08 08:55:00,,2025-08-08 08:55:06,153.55,2,1,False,150,131,1.1450381679389312,2026-09-29 17:22:46
PSA-893665097489,Philippine Statistics Authority(PSA),psa,NGA,2025-03-08 06:00:00,Q1,Feasibility Study,PARTIALLY SUCCESSFUL,partially successful,True,True,True,2025-03-14 08:56:00,6.122,2025-03-14 08:56:00,,2025-03-14 08:56:31,6.123,1,1,False,3956,97,40.78350515463917,2026-09-29 17:22:48
PNP-482051410758,Philippine National Police(PNP),pnp,LEA,2025-03-08 10:55:00,Q1,This information is crucial for my thesis as I am currently pursuing a Master's in National Security Administration.,SUCCESSFUL,successful,True,True,True,2025-03-10 08:14:00,1.888,2025-06-20 11:05:00,2025-03-10 08:14:32,2025-06-20 11:05:05,104.007,4,1,False,124,104,1.1923076923076923,2026-09-29 17:22:51
CIC-113869953299,Credit Information Corporation(CIC),cic,GOCC,2025-03-08 14:42:00,Q1,For Loan Purposes,DENIED,unsuccessful,True,False,True,2025-03-09 01:04:00,0.432,2025-03-09 01:04:00,,,,1,1,False,410,96,4.270833333333333,2026-09-29 17:22:53
PSA-176576729884,Philippine Statistics Authority(PSA),psa,NGA,2025-03-08 15:55:00,Q1,Academic Research,PARTIALLY SUCCESSFUL,partially successful,True,True,True,2025-03-19 15:08:00,10.967,2025-03-19 15:08:00,,2025-03-19 15:08:54,10.968,1,1,False,3956,97,40.78350515463917,2026-09-29 17:22:55
PGB-444052952995,Provincial Government of Bataan(PGB),pgb,LGU,2025-03-08 19:45:00,Q1,Health Economic Analysis,SUCCESSFUL,successful,True,True,True,2026-07-30 16:53:00,508.881,2026-07-30 16:53:00,,2026-07-30 16:53:56,508.881,1,2,False,44,44,1.0,2026-09-29 17:23:15
USAP-109295799849,"City of Pasig, NCR(USAP)",usap,LGU,2025-03-08 20:12:00,Q1,Research and Academic Purposes,SUCCESSFUL,successful,True,True,True,2025-03-10 10:43:00,1.605,2025-03-11 13:39:00,2025-03-10 10:43:50,2025-03-11 13:39:54,2.728,3,1,False,44,44,1.0,2026-09-29 17:23:17
PNP-342524765855,Philippine National Police(PNP),pnp,LEA,2025-03-09 12:42:00,Q1,Academic Purpose in teaching industrial security course,SUCCESSFUL,successful,True,True,True,2025-03-10 08:16:00,0.815,2025-03-11 10:37:00,2025-03-10 08:16:03,2025-03-11 10:37:37,1.914,3,1,False,124,104,1.1923076923076923,2026-09-29 17:23:19
PGLU-107393547761,"Province of La Union, Region I(PGLU)",pglu,LGU,2025-03-09 14:40:00,Q1,"undergrad thesis, architectural",PENDING,open,False,False,False,,,,,,,0,1,False,44,44,1.0,2026-09-29 17:23:20
PNP-557111843909,Philippine National Police(PNP),pnp,LEA,2025-03-09 22:14:00,Q1,Undergraduate Thesis,CLOSED,unsuccessful,True,False,True,2025-03-11 07:47:00,1.398,2025-03-11 09:16:00,2025-03-11 07:47:07,,,2,1,False,124,104,1.1923076923076923,2026-09-29 17:23:22
DCWD-048798325809,Davao City Water District(DCWD),dcwd,WATER-DISTRICT,2025-03-10 08:14:00,Q1,Academic purpose,SUCCESSFUL,successful,True,True,True,2025-06-24 13:03:00,106.201,2025-06-24 13:03:00,,2025-06-24 13:03:02,106.201,1,1,False,17,17,1.0,2026-09-29 17:23:24
NIA-896374665648,National Irrigation Administration(NIA),nia,GOCC,2025-03-10 10:37:00,Q1,Research and Development,CLOSED,unsuccessful,True,False,True,2025-03-12 08:43:00,1.921,2025-06-23 10:05:00,2025-03-12 08:43:38,,,2,1,False,410,96,4.270833333333333,2026-09-29 17:23:26
PNP-873677670241,Philippine National Police(PNP),pnp,LEA,2025-03-10 14:10:00,Q1,Undergraduate Thesis,SUCCESSFUL,successful,True,True,True,2025-03-11 07:49:00,0.735,2025-03-20 08:46:00,2025-03-11 07:49:56,2025-03-20 08:46:56,9.776,3,3,False,124,104,1.1923076923076923,2026-09-29 17:23:28
DOLE-840834916272,Department of Labor and Employment(DOLE),dole,NGA,2025-03-10 16:19:00,Q1,Research & Development,REFERRED,referred,False,False,False,,,,,,,0,1,False,3956,97,40.78350515463917,2026-09-29 17:23:30
PEZA-075489536466,Philippine Economic Zone Authority(PEZA),peza,GOCC,2025-03-10 16:40:00,Q1,Research & Development,PENDING,open,False,False,False,,,,,,,0,1,False,410,96,4.270833333333333,2026-09-29 17:23:32
DENRLMB-497662134413,Land Management Bureau(DENRLMB),denrlmb,NGA,2025-03-11 12:35:00,Q1,Research and Development,SUCCESSFUL,successful,True,True,True,2025-03-13 08:51:00,1.844,2025-06-25 15:46:00,2025-03-13 08:51:22,2025-06-25 15:46:40,106.133,2,1,False,3956,97,40.78350515463917,2026-09-29 17:23:34
USAP-724730396635,"City of Pasig, NCR(USAP)",usap,LGU,2025-03-11 14:03:00,Q1,Research and Academic Purposes,SUCCESSFUL,successful,True,True,True,2025-03-12 14:09:00,1.004,2025-07-10 11:30:00,2025-03-12 14:09:26,2025-07-10 11:30:48,120.894,3,1,False,44,44,1.0,2026-09-29 17:23:36
PNP-582404055934,Philippine National Police(PNP),pnp,LEA,2025-03-11 14:04:00,Q1,Undergraduate Thesis,CLOSED,unsuccessful,True,False,True,2025-03-12 08:14:00,0.757,2025-06-30 11:58:00,2025-03-12 08:14:54,,,4,1,False,124,104,1.1923076923076923,2026-09-29 17:23:38
DOH-470210369494,Department of Health(DOH),doh,NGA,2025-03-11 14:56:00,Q1,Academic Research,SUCCESSFUL,successful,True,True,True,2025-03-12 11:31:00,0.858,2025-03-13 14:55:00,2025-03-12 11:31:42,2025-03-13 14:55:00,1.999,2,1,False,3956,97,40.78350515463917,2026-09-29 17:23:39
DOH-733527408245,Department of Health(DOH),doh,NGA,2025-03-11 19:55:00,Q1,Architectural Thesis,CLOSED,unsuccessful,True,False,True,2025-03-12 17:55:00,0.917,2025-08-06 10:51:00,2025-03-12 17:55:22,,,2,1,False,3956,97,40.78350515463917,2026-09-29 17:23:42
USAP-999594852311,"City of Pasig, NCR(USAP)",usap,LGU,2025-03-12 07:56:00,Q1,ACADEMIC PURPOSES,SUCCESSFUL,successful,True,True,True,2025-03-12 14:20:00,0.267,2025-03-12 15:32:00,2025-03-12 14:20:06,2025-03-12 15:32:30,0.317,3,1,False,44,44,1.0,2026-09-29 17:23:44
DA-800561891379,Department of Agriculture(DA),da,NGA,2025-03-12 08:40:00,Q1,Thesis Requirement/Academic Purposes,PARTIALLY SUCCESSFUL,partially successful,True,True,True,2025-03-18 09:42:00,6.043,2025-03-18 09:42:00,,2025-03-18 09:42:18,6.043,1,1,False,3956,97,40.78350515463917,2026-09-29 17:23:46
MPSPC-198970202788,Mountain Province State University(MPSU),mpspc,SUC,2025-03-12 10:08:00,Q1,Research and Development. For the information of barangays in the Barangay Development Plan.,SUCCESSFUL,successful,True,True,True,2025-08-08 17:46:00,149.318,2025-08-08 17:46:00,,2025-08-08 17:46:05,149.318,1,1,False,150,131,1.1450381679389312,2026-09-29 17:23:48
MMSU-093595917023,Mariano Marcos State University(MMSU),mmsu,SUC,2025-03-12 10:31:00,Q1,Research and Development for salt farming mapping,PENDING,open,False,False,False,,,,,,,0,1,False,150,131,1.1450381679389312,2026-09-29 17:23:50
PNP-083838655650,Philippine National Police(PNP),pnp,LEA,2025-03-12 10:43:00,Q1,Research / Thesis,CLOSED,unsuccessful,True,False,True,2025-03-13 14:06:00,1.141,2025-03-13 14:25:00,2025-03-13 14:06:16,,,2,1,False,124,104,1.1923076923076923,2026-09-29 17:23:52
USAP-885116268763,"City of Pasig, NCR(USAP)",usap,LGU,2025-03-12 12:38:00,Q1,Research Pursposes for Health Economic Subject,SUCCESSFUL,successful,True,True,True,2025-03-12 14:20:00,0.071,2025-07-10 11:04:00,2025-03-12 14:20:47,2025-07-10 11:04:48,119.935,3,2,False,44,44,1.0,2026-09-29 17:23:54
TWD-202187300971,Tagum Water District(TWD),twd,WATER-DISTRICT,2025-03-12 12:53:00,Q1,For the Compilation of the 2024 Provincial Product Accounts of the Philippine Sttatistics Authority,SUCCESSFUL,successful,True,True,True,2025-03-12 13:08:00,0.01,2025-03-12 21:39:00,2025-03-12 13:08:33,2025-03-12 21:39:40,0.366,2,1,False,17,17,1.0,2026-09-29 17:23:55
PNP-301543062239,Philippine National Police(PNP),pnp,LEA,2025-03-12 13:30:00,Q1,"Purposes: Research and development to conduct a detailed analysis of crime trends and patterns, so I kindly ask that you have provide data in the least aggregated form available.",SUCCESSFUL,successful,True,True,True,2025-03-13 14:07:00,1.026,2025-06-20 11:08:00,2025-03-13 14:07:16,2025-06-20 11:08:25,99.902,5,2,False,124,104,1.1923076923076923,2026-09-29 17:23:57
DOH-352928571649,Department of Health(DOH),doh,NGA,2025-03-12 14:59:00,Q1,Research and Development,SUCCESSFUL,successful,True,True,True,2025-03-13 10:24:00,0.809,2025-08-06 10:58:00,2025-03-13 10:24:20,2025-08-06 10:58:20,146.833,2,1,False,3956,97,40.78350515463917,2026-09-29 17:23:59
PNP-689188780892,Philippine National Police(PNP),pnp,LEA,2025-03-13 00:32:00,Q1,academic research,SUCCESSFUL,successful,True,True,True,2025-03-13 14:08:00,0.567,2025-03-17 16:16:00,2025-03-13 14:08:30,2025-03-17 16:16:27,4.656,4,2,False,124,104,1.1923076923076923,2026-09-29 17:24:01
NHA-840024026207,National Housing Authority(NHA),nha,GOCC,2025-03-13 06:56:00,Q1,request ng Pabahay ng PBBM para sa tulad nmin Informal settler,SUCCESSFUL,successful,True,True,True,2025-03-14 09:47:00,1.119,2025-06-24 08:34:00,2025-03-14 09:47:00,2025-06-24 08:34:14,103.068,2,1,False,410,96,4.270833333333333,2026-09-29 17:24:03
PNP-233324669137,Philippine National Police(PNP),pnp,LEA,2025-03-13 08:16:00,Q1,Undergraduate thesis,DENIED,unsuccessful,True,False,True,2025-03-13 14:09:00,0.245,2025-06-20 14:38:00,2025-03-13 14:09:38,2025-06-20 14:38:38,99.266,4,2,False,124,104,1.1923076923076923,2026-09-29 17:24:05
NKTI-484722847319,National Kidney and Transplant Institute(NKTI),nkti,GOCC,2025-03-13 08:49:00,Q1,Thesis writting,PARTIALLY SUCCESSFUL,partially successful,True,True,True,2025-03-13 09:34:00,0.031,2025-03-13 09:34:00,,2025-03-13 09:34:13,0.031,1,1,False,410,96,4.270833333333333,2026-09-29 17:24:07
PNP-420444915357,Philippine National Police(PNP),pnp,LEA,2025-03-13 12:03:00,Q1,This will be used for Institutional Risk Assessment,SUCCESSFUL,successful,True,True,True,2025-03-13 14:13:00,0.09,2025-06-20 11:09:00,2025-03-13 14:13:35,2025-06-20 11:09:49,98.963,4,1,False,124,104,1.1923076923076923,2026-09-29 17:24:09
LRTA-538616447569,Light Rail Transit Authority(LRTA),lrta,GOCC,2025-03-13 14:55:00,Q1,Undergraduate Thesis,DENIED,unsuccessful,True,False,True,2025-06-25 09:22:00,103.769,2025-06-25 09:22:00,,2025-06-25 09:22:22,103.769,1,1,False,410,96,4.270833333333333,2026-09-29 17:24:11
PNP-603787178357,Philippine National Police(PNP),pnp,LEA,2025-03-13 22:10:00,Q1,Thesis Paper,SUCCESSFUL,successful,True,True,True,2025-03-15 14:10:00,1.667,2025-06-20 12:53:00,2025-03-15 14:10:05,2025-06-20 12:53:02,98.613,3,1,False,124,104,1.1923076923076923,2026-09-29 17:24:14
CCP-152275671003,Cultural Center of the Philippines(CCP),ccp,GOCC,2025-03-13 23:41:00,Q1,Architecture Thesis,SUCCESSFUL,successful,True,True,True,2025-03-14 08:36:00,0.372,2025-03-14 08:36:00,,2025-03-14 08:36:54,0.372,1,1,False,410,96,4.270833333333333,2026-09-29 17:24:15
SSS-806935580274,Social Security System(SSS),sss,GOCC,2025-03-14 07:02:00,Q1,For Work Purposes,SUCCESSFUL,successful,True,True,True,2025-06-20 12:21:00,98.222,2025-08-06 11:51:00,2025-06-20 12:44:14,2025-08-06 11:51:00,145.201,3,1,False,410,96,4.270833333333333,2026-09-29 17:24:17
USAP-333298463795,"City of Pasig, NCR(USAP)",usap,LGU,2025-03-14 18:56:00,Q1,Research and Project Development,SUCCESSFUL,successful,True,True,True,2025-03-18 10:14:00,3.638,2025-07-10 13:54:00,2025-03-18 10:14:33,2025-07-10 13:54:42,117.791,3,1,False,44,44,1.0,2026-09-29 17:24:20
USAP-707417354144,"City of Pasig, NCR(USAP)",usap,LGU,2025-03-14 18:56:00,Q1,Research and Project Development,SUCCESSFUL,successful,True,True,True,2025-03-18 10:15:00,3.638,2025-07-10 11:06:00,2025-03-18 10:15:47,2025-07-10 11:06:17,117.674,3,1,False,44,44,1.0,2026-09-29 17:24:23
NKTI-216226739889,National Kidney and Transplant Institute(NKTI),nkti,GOCC,2025-03-14 20:25:00,Q1,for personal purposes,SUCCESSFUL,successful,True,True,True,2025-03-14 20:47:00,0.015,2025-03-15 03:05:00,2025-03-14 20:47:47,2025-03-15 03:05:15,0.278,2,1,False,410,96,4.270833333333333,2026-09-29 17:24:25
PH-131094453440,PhilHealth(PH),ph,GOCC,2025-03-14 21:50:00,Q1,To be used in my on going research in Graduate School,SUCCESSFUL,successful,True,True,True,2025-03-17 09:44:00,2.496,2025-11-12 11:10:00,2025-03-17 09:44:25,2025-11-12 11:10:29,242.556,2,1,False,410,96,4.270833333333333,2026-09-29 17:24:27
MGB-121613399675,Mines and Geosciences Bureau(MGB),mgb,NGA,2025-03-14 22:24:00,Q1,Research and Development,SUCCESSFUL,successful,True,True,True,2025-03-19 09:23:00,4.458,2025-03-19 09:25:00,2025-03-19 09:23:09,2025-03-19 09:25:45,4.46,2,1,False,3956,97,40.78350515463917,2026-09-29 17:24:29
UPPGH-066759651065,University of the Philippines - Philippine General Hospital(UPPGH),uppgh,SUC,2025-03-15 08:04:00,Q1,Research Purposes/ Feasibility,CLOSED,unsuccessful,True,False,True,2025-03-17 08:05:00,2.001,2025-03-17 08:05:00,2025-03-17 08:05:31,,,1,1,False,150,131,1.1450381679389312,2026-09-29 17:24:31
USAP-258684957986,"City of Pasig, NCR(USAP)",usap,LGU,2025-03-15 13:16:00,Q1,Architectural Thesis,CLOSED,unsuccessful,True,False,True,2025-03-18 10:25:00,2.881,2025-03-18 10:25:00,2025-03-18 10:25:28,,,1,1,False,44,44,1.0,2026-09-29 17:24:33
CGA-226665908289,"City of Antipolo, Region IV-A(CGA)",cga,LGU,2025-03-15 13:42:00,Q1,Architectural Thesis,PENDING,open,False,False,True,2025-07-15 09:13:00,121.813,2025-07-15 09:13:00,,,,1,1,False,44,44,1.0,2026-09-29 17:24:35
PCA-917761067324,Philippine Coconut Authority(PCA),pca,GOCC,2025-03-15 13:53:00,Q1,Undergraduate research,ACCEPTED,open,False,False,True,2025-03-17 10:34:00,1.862,2025-03-17 10:34:00,2025-03-17 10:34:21,,,1,1,False,410,96,4.270833333333333,2026-09-29 17:24:36
PNP-296075017853,Philippine National Police(PNP),pnp,LEA,2025-03-16 16:11:00,Q1,Undergraduate Research,CLOSED,unsuccessful,True,False,True,2025-03-17 07:44:00,0.648,2025-06-24 10:05:00,2025-03-17 07:44:55,,,4,1,False,124,104,1.1923076923076923,2026-09-29 17:24:38
SSS-693173789685,Social Security System(SSS),sss,GOCC,2025-03-16 17:17:00,Q1,Resume Purposes,SUCCESSFUL,successful,True,True,True,2025-06-20 10:55:00,95.735,2025-08-06 12:05:00,2025-06-20 10:55:43,2025-08-06 12:05:57,142.784,2,1,False,410,96,4.270833333333333,2026-09-29 17:24:41
PAGCOR-271938005115,Philippine Amusement and Gaming Corporation(PAGCOR),pagcor,GOCC,2025-03-16 19:39:00,Q1,Research / complaints / help for fast eradication of illegal online casino,SUCCESSFUL,successful,True,True,True,2025-03-20 13:27:00,3.742,2025-03-20 13:27:00,,2025-03-20 13:27:40,3.742,1,1,False,410,96,4.270833333333333,2026-09-29 17:24:42
PH-293198394833,PhilHealth(PH),ph,GOCC,2025-03-16 20:57:00,Q1,Post-graduate (medical school) Research,CLOSED,unsuccessful,True,False,True,2025-03-17 09:46:00,0.534,2026-01-20 10:57:00,2025-03-17 09:46:51,,,2,2,False,410,96,4.270833333333333,2026-09-29 17:24:44
PNP-684435174245,Philippine National Police(PNP),pnp,LEA,2025-03-17 09:55:00,Q1,Architectural Thesis,CLOSED,unsuccessful,True,False,True,2025-03-18 14:25:00,1.188,2025-06-24 10:03:00,2025-03-18 14:25:40,,,4,2,False,124,104,1.1923076923076923,2026-09-29 17:24:46
USAP-785583939439,"City of Pasig, NCR(USAP)",usap,LGU,2025-03-17 11:16:00,Q1,Course requirement,SUCCESSFUL,successful,True,True,True,2025-03-18 10:42:00,0.976,2025-06-20 17:06:00,2025-03-18 10:42:37,2025-06-20 17:06:47,95.244,3,1,False,44,44,1.0,2026-09-29 17:24:48
USAP-534697001079,"City of Pasig, NCR(USAP)",usap,LGU,2025-03-17 15:43:00,Q1,Architectural Research,SUCCESSFUL,successful,True,True,True,2025-03-18 11:03:00,0.806,2025-07-10 11:29:00,2025-03-18 11:03:04,2025-07-10 11:29:11,114.824,3,1,False,44,44,1.0,2026-09-29 17:24:49
PNP-317463982306,Philippine National Police(PNP),pnp,LEA,2025-03-17 16:18:00,Q1,school research,SUCCESSFUL,successful,True,True,True,2025-03-18 14:26:00,0.922,2025-06-19 11:56:00,2025-03-18 14:26:26,2025-06-19 11:56:47,93.819,3,1,False,124,104,1.1923076923076923,2026-09-29 17:24:52
PNP-569474660224,Philippine National Police(PNP),pnp,LEA,2025-03-17 17:17:00,Q1,For Research Data Gathering,CLOSED,unsuccessful,True,False,True,2025-03-18 14:27:00,0.882,2025-06-24 10:02:00,2025-03-18 14:27:37,,,4,2,False,124,104,1.1923076923076923,2026-09-29 17:24:53
DA-091865249828,Department of Agriculture(DA),da,NGA,2025-03-17 18:30:00,Q1,Architectural Thesis,PARTIALLY SUCCESSFUL,partially successful,True,True,True,2025-03-18 09:47:00,0.637,2025-03-18 09:54:00,,2025-03-18 09:54:48,0.642,2,1,False,3956,97,40.78350515463917,2026-09-29 17:25:12
DPWH-747171997977,Department of Public Works and Highways(DPWH),dpwh,NGA,2025-03-17 20:49:00,Q1,For self monitoring and verification.,CLOSED,unsuccessful,True,False,True,2025-03-18 08:11:00,0.474,2025-03-18 08:11:00,2025-03-18 08:11:31,,,1,1,False,3956,97,40.78350515463917,2026-09-29 17:25:14
USAP-024820231802,"City of Pasig, NCR(USAP)",usap,LGU,2025-03-17 22:34:00,Q1,Research thesis,SUCCESSFUL,successful,True,True,True,2025-03-18 11:07:00,0.523,2025-03-19 14:30:00,2025-03-18 11:07:29,2025-03-19 14:30:53,1.665,3,1,False,44,44,1.0,2026-09-29 17:25:16
USAP-598008782537,"City of Pasig, NCR(USAP)",usap,LGU,2025-03-18 10:57:00,Q1,for Planning and Design,SUCCESSFUL,successful,True,True,True,2025-03-18 11:41:00,0.031,2025-03-20 11:18:00,2025-03-18 11:41:51,2025-03-20 11:18:26,2.015,3,1,False,44,44,1.0,2026-09-29 17:25:18
PSA-396395428052,Philippine Statistics Authority(PSA),psa,NGA,2025-03-18 11:55:00,Q1,Thesis purposes,PARTIALLY SUCCESSFUL,partially successful,True,True,True,2025-03-19 09:23:00,0.894,2025-03-19 09:23:00,,2025-03-19 09:23:12,0.895,1,1,False,3956,97,40.78350515463917,2026-09-29 17:25:20
DepEd-791529175599,Department of Education(DepEd),deped,NGA,2025-03-18 16:44:00,Q1,Research and Development,CLOSED,unsuccessful,True,False,True,2025-03-19 15:02:00,0.929,2025-03-19 15:19:00,2025-03-19 15:02:59,,,2,1,False,3956,97,40.78350515463917,2026-09-29 17:25:22
USAP-086313110336,"City of Pasig, NCR(USAP)",usap,LGU,2025-03-18 17:38:00,Q1,For research,SUCCESSFUL,successful,True,True,True,2025-06-20 17:16:00,93.985,2025-07-10 11:08:00,2025-06-20 17:16:11,2025-07-10 11:08:48,113.73,3,1,False,44,44,1.0,2026-09-29 17:25:23
NEA-815157791545,National Electrification Administration(NEA),nea,GOCC,2025-03-18 20:12:00,Q1,Gross Regional Domestic Product and Provincial Product Accounts estimation,SUCCESSFUL,successful,True,True,True,2025-03-19 08:26:00,0.51,2025-03-20 10:34:00,2025-03-19 08:26:18,2025-03-20 10:34:21,1.599,7,1,False,410,96,4.270833333333333,2026-09-29 17:25:25
PNP-349326471522,Philippine National Police(PNP),pnp,LEA,2025-03-18 20:30:00,Q1,Criminological Research,SUCCESSFUL,successful,True,True,True,2025-03-19 07:59:00,0.478,2025-07-30 09:36:00,2025-03-19 07:59:51,2025-07-30 09:36:32,133.546,5,2,False,124,104,1.1923076923076923,2026-09-29 17:25:27
USAP-067464580380,"City of Pasig, NCR(USAP)",usap,LGU,2025-03-19 01:35:00,Q1,For Research purposes,SUCCESSFUL,successful,True,True,True,2025-06-23 09:41:00,96.338,2025-07-10 11:13:00,2025-06-23 09:41:56,2025-07-10 11:13:04,113.401,3,1,False,44,44,1.0,2026-09-29 17:25:29
NCDA-648949245846,National Council on Disability Affairs(NCDA),ncda,NGA,2025-03-19 08:44:00,Q1,Research and development,PENDING,open,False,False,False,,,,,,,0,1,False,3956,97,40.78350515463917,2026-09-29 17:25:31
USAP-987790461904,"City of Pasig, NCR(USAP)",usap,LGU,2025-03-19 09:43:00,Q1,Undergraduate Research,SUCCESSFUL,successful,True,True,True,2025-06-23 14:10:00,96.185,2025-07-16 15:15:00,2025-06-23 14:10:44,2025-07-16 15:15:45,119.231,3,1,False,44,44,1.0,2026-09-29 17:25:33
PNP-957891948770,Philippine National Police(PNP),pnp,LEA,2025-03-19 11:34:00,Q1,Undergraduate Thesis,SUCCESSFUL,successful,True,True,True,2025-03-20 09:39:00,0.92,2025-03-20 11:28:00,2025-03-20 09:39:06,2025-03-20 11:28:07,0.996,2,1,False,124,104,1.1923076923076923,2026-09-29 17:25:35
BIR-742174571213,Bureau of Internal Revenue(BIR),bir,NGA,2025-03-19 12:38:00,Q1,Signatory Requirement,DENIED,unsuccessful,True,False,True,2025-03-19 15:39:00,0.126,2025-03-19 15:39:00,,2025-03-19 15:39:20,0.126,1,2,False,3956,97,40.78350515463917,2026-09-29 17:25:36
DENR-222451643882,Department of Environment and Natural Resources(DENR),denr,NGA,2025-03-19 15:06:00,Q1,research and devvelopment,DENIED,unsuccessful,True,False,True,2025-06-19 14:02:00,91.956,2025-06-19 14:02:00,,2025-06-19 14:02:02,91.956,1,1,False,3956,97,40.78350515463917,2026-09-29 17:25:38
USAP-050891361347,"City of Pasig, NCR(USAP)",usap,LGU,2025-03-19 20:26:00,Q1,Research Purposes,SUCCESSFUL,successful,True,True,True,2025-06-23 14:14:00,95.742,2025-06-26 12:13:00,2025-06-23 14:14:02,2025-06-26 12:13:25,98.658,3,1,False,44,44,1.0,2026-09-29 17:25:40
PH-872236887751,PhilHealth(PH),ph,GOCC,2025-03-19 22:02:00,Q1,Medical Research,SUCCESSFUL,successful,True,True,True,2025-03-20 15:51:00,0.742,2026-01-13 14:40:00,2025-03-20 15:51:06,2026-01-13 14:40:37,299.693,2,1,False,410,96,4.270833333333333,2026-09-29 17:25:42
DSWD-911478957510,Department of Social Welfare and Development(DSWD),dswd,NGA,2025-03-19 22:46:00,Q1,Undergraduate Thesis,DENIED,unsuccessful,True,False,True,2025-03-20 07:11:00,0.351,2025-08-14 19:06:00,2025-03-20 07:11:14,2025-08-14 19:06:10,147.847,3,1,False,3956,97,40.78350515463917,2026-09-29 17:25:44
PNPDPCR-896984409665,Philippine National Police - Directorate for Police Community Relations(PNPDPCR),pnpdpcr,LEA,2025-03-19 22:57:00,Q1,Undergraduate Thesis,DENIED,unsuccessful,True,False,True,2025-09-09 15:20:00,173.683,2025-09-09 15:20:00,,2025-09-09 15:20:06,173.683,1,1,False,124,104,1.1923076923076923,2026-09-29 17:25:46
DOTr-843231998994,Department of Transportation(DOTr),dotr,NGA,2025-03-19 23:09:00,Q1,Research paper writing,CLOSED,unsuccessful,True,False,True,2025-06-25 13:30:00,97.598,2025-06-25 13:30:00,2025-06-25 13:30:45,,,1,1,False,3956,97,40.78350515463917,2026-09-29 17:25:48
URS-682571669738,University of Rizal System(URS),urs,SUC,2025-03-20 12:02:00,Q1,Academic Research (Architectural Thesis),SUCCESSFUL,successful,True,True,True,2025-07-30 08:35:00,131.856,2025-07-30 08:35:00,,2025-07-30 08:35:04,131.856,1,1,False,150,131,1.1450381679389312,2026-09-29 17:25:50
PNPDIDM-220057083705,Philippine National Police - Directorate for Investigation and Detective Management(PNPDIDM),pnpdidm,LEA,2025-03-20 12:40:00,Q1,For Architectural Undergraduate Thesis,DENIED,unsuccessful,True,False,True,2025-09-02 19:52:00,166.3,2025-09-02 19:52:00,,2025-09-02 19:52:42,166.3,1,1,False,124,104,1.1923076923076923,2026-09-29 17:25:52
UPB-985401537265,University of the Philippines Baguio(UPB),upb,SUC,2025-03-20 14:29:00,Q1,Research and Development,PENDING,open,False,False,True,2025-08-08 11:14:00,140.865,2025-08-08 11:14:00,,,,1,2,False,150,131,1.1450381679389312,2026-09-29 17:25:54
UPD-330853382642,University of the Philippines Diliman(UPD),upd,SUC,2025-03-20 14:32:00,Q1,Research and Development,DENIED,unsuccessful,True,False,True,2025-03-20 17:11:00,0.11,2025-03-20 17:11:00,,2025-03-20 17:11:51,0.111,1,1,False,150,131,1.1450381679389312,2026-09-29 17:25:56
UPMIN-067323944449,University of the Philippines Mindanao(UPMIN),upmin,SUC,2025-03-20 14:38:00,Q1,Research and Development,SUCCESSFUL,successful,True,True,True,2025-06-27 14:23:00,98.99,2025-07-24 11:37:00,2025-06-27 14:23:00,2025-07-24 11:37:07,125.874,2,1,False,150,131,1.1450381679389312,2026-09-29 17:25:57
UPV-231307407735,University of the Philippines Visayas(UPV),upv,SUC,2025-03-20 15:06:00,Q1,Research and Development,SUCCESSFUL,successful,True,True,True,2025-09-05 10:33:00,168.81,2025-09-05 10:33:00,,2025-09-05 10:33:45,168.811,1,2,False,150,131,1.1450381679389312,2026-09-29 17:26:00
PIDS-548124047163,Philippine Institute for Development Studies(PIDS),pids,GOCC,2025-03-20 15:49:00,Q1,Research and Development,DENIED,unsuccessful,True,False,True,2025-06-30 12:48:00,101.874,2025-07-08 10:13:00,2025-06-30 12:48:25,2025-07-08 10:13:13,109.767,4,1,False,410,96,4.270833333333333,2026-09-29 17:26:02
DDOSC-811181088641,Davao de Oro State College(DDOSC),ddosc,SUC,2025-03-20 16:33:00,Q1,Strategic Planning,ACCEPTED,open,False,False,True,2025-06-20 08:39:00,91.671,2025-06-20 08:39:00,2025-06-20 08:39:13,,,1,1,False,150,131,1.1450381679389312,2026-09-29 17:26:04
PNP-250629325229,Philippine National Police(PNP),pnp,LEA,2025-03-20 17:36:00,Q1,Policy Research paper,SUCCESSFUL,successful,True,True,True,2025-06-20 23:12:00,92.233,2025-06-23 07:00:00,2025-06-20 23:12:56,2025-06-23 07:00:15,94.559,2,1,False,124,104,1.1923076923076923,2026-09-29 17:26:06
PNP-711415745359,Philippine National Police(PNP),pnp,LEA,2025-03-20 17:39:00,Q1,Research and Development,SUCCESSFUL,successful,True,True,True,2025-06-20 23:13:00,92.232,2025-06-23 06:55:00,2025-06-20 23:13:31,2025-06-23 06:55:08,94.553,2,1,False,124,104,1.1923076923076923,2026-09-29 17:26:08
DOH-196112895009,Department of Health(DOH),doh,NGA,2025-03-20 19:39:00,Q1,"All documents will be intended for my research that I will be using for Design 8, Your most preferential response and attention to this matter is highly appreciated.",CLOSED,unsuccessful,True,False,True,2025-06-25 14:54:00,96.802,2025-06-25 14:54:00,2025-06-25 14:54:18,,,1,1,False,3956,97,40.78350515463917,2026-09-29 17:26:09
PNPDIDM-608522818317,Philippine National Police - Directorate for Investigation and Detective Management(PNPDIDM),pnpdidm,LEA,2025-06-19 14:13:00,Q2,Architectural Thesis,DENIED,unsuccessful,True,False,True,2025-09-02 19:53:00,75.236,2025-09-02 19:53:00,,2025-09-02 19:53:32,75.236,1,1,False,4,3,1.3333333333333333,2026-09-29 17:26:11
PSA-931125782622,Philippine Statistics Authority(PSA),psa,NGA,2025-06-19 15:32:00,Q2,Research and development,PARTIALLY SUCCESSFUL,partially successful,True,True,True,2025-06-26 10:57:00,6.809,2025-06-26 10:57:00,,2025-06-26 10:57:07,6.809,1,1,False,247,6,41.166666666666664,2026-09-29 17:26:13
DA-084722138018,Department of Agriculture(DA),da,NGA,2025-06-19 17:23:00,Q2,For EIA application / research,SUCCESSFUL,successful,True,True,True,2025-07-02 08:58:00,12.649,2025-07-02 08:58:00,,2025-07-02 08:58:44,12.65,1,1,False,247,6,41.166666666666664,2026-09-29 17:26:16
PNP-171536063762,Philippine National Police(PNP),pnp,LEA,2025-06-20 09:33:00,Q2,Undergraduate Thesis,CLOSED,unsuccessful,True,False,True,2025-06-20 23:14:00,0.57,2025-07-07 13:02:00,2025-06-20 23:14:09,,,3,1,False,4,3,1.3333333333333333,2026-09-29 17:26:17
LBP-562276341939,Land Bank of the Philippines(LBP),lbp,GOCC,2025-06-20 11:13:00,Q2,For academic purposes,SUCCESSFUL,successful,True,True,True,2025-07-01 14:01:00,11.117,2025-07-09 13:36:00,2025-07-01 14:01:24,2025-07-09 13:36:40,19.1,3,1,False,21,5,4.2,2026-09-29 17:26:19
NDC-579659048363,National Development Company(NDC),ndc,GOCC,2025-06-20 11:14:00,Q2,for academic purposes,PENDING,open,False,False,False,,,,,,,0,1,False,21,5,4.2,2026-09-29 17:26:21
MGB-143321923852,Mines and Geosciences Bureau(MGB),mgb,NGA,2025-06-21 08:00:00,Q2,Master's Thesis,SUCCESSFUL,successful,True,True,True,2025-06-23 09:42:00,2.071,2025-08-01 15:01:00,2025-06-23 09:42:05,2025-08-01 15:01:26,41.293,7,1,False,247,6,41.166666666666664,2026-09-29 17:26:23
PUP-352553737758,Polytechnic University of the Philippines(PUP),pup,SUC,2025-06-23 12:54:00,Q2,Research purposes,SUCCESSFUL,successful,True,True,True,2025-07-04 14:38:00,11.072,2025-07-04 14:38:00,,2025-07-04 14:38:42,11.073,1,1,False,19,17,1.1176470588235294,2026-09-29 17:26:25
USAP-484053891458,"City of Pasig, NCR(USAP)",usap,LGU,2025-06-24 17:10:00,Q2,Research for School,SUCCESSFUL,successful,True,True,True,2025-06-26 12:02:00,1.786,2025-06-26 12:06:00,2025-06-26 12:02:53,2025-06-26 12:06:31,1.789,2,1,False,1,1,1.0,2026-09-29 17:26:27
DOST-764867848981,Department of Science and Technology(DOST),dost,NGA,2025-06-26 01:02:00,Q2,Research and development,REFERRED,referred,False,False,False,,,,,,,0,1,False,247,6,41.166666666666664,2026-09-29 17:26:28
BAYWD-962848675624,Bayawan Water District(BAYWD),baywd,WATER-DISTRICT,2025-06-26 08:38:00,Q2,Research and development,SUCCESSFUL,successful,True,True,True,2025-07-25 08:55:00,29.012,2025-07-29 09:38:00,2025-07-25 08:55:19,2025-07-29 09:38:42,33.042,2,1,False,32,32,1.0,2026-09-29 17:26:30
PCSO-369227147342,Philippine Charity Sweepstakes Office(PCSO),pcso,GOCC,2025-06-26 11:07:00,Q2,Medical Assistance,SUCCESSFUL,successful,True,True,True,2025-06-30 14:19:00,4.133,2025-06-30 14:59:00,2025-06-30 14:19:42,2025-06-30 14:59:16,4.161,2,1,False,21,5,4.2,2026-09-29 17:26:32
DBP-013109537386,Development Bank of the Philippines(DBP),dbp,GOCC,2025-06-27 04:02:00,Q2,The purpose of this request is to obtain information that will contribute to an academic study on international cloud infrastructure. This concerns your IT department.,SUCCESSFUL,successful,True,True,True,2025-07-01 13:25:00,4.391,2025-07-01 13:25:00,,2025-07-01 13:25:08,4.391,1,1,False,21,5,4.2,2026-09-29 17:26:34
BLGF-786709450258,Bureau of Local Government Finance(BLGF),blgf,NGA,2025-06-27 07:10:00,Q2,I need it for reference and guidance in my plans to avail the Real Property Tax Amnesty,SUCCESSFUL,successful,True,True,True,2025-07-03 13:55:00,6.281,2025-07-03 14:06:00,2025-07-03 13:55:44,2025-07-03 14:06:55,6.29,2,1,False,247,6,41.166666666666664,2026-09-29 17:26:36
PNP-526973160574,Philippine National Police(PNP),pnp,LEA,2025-06-28 17:51:00,Q2,Research and Development,CLOSED,unsuccessful,True,False,True,2025-07-01 22:24:00,3.19,2025-07-07 13:15:00,2025-07-01 22:24:16,,,3,2,False,4,3,1.3333333333333333,2026-09-29 17:26:38
DOH-099029408807,Department of Health(DOH),doh,NGA,2025-06-28 19:49:00,Q2,The purpose of this request is to obtain information that will contribute to an academic study on international cloud infrastructure. This concerns your IT department.,SUCCESSFUL,successful,True,True,True,2025-06-30 15:34:00,1.823,2025-07-09 15:42:00,2025-07-01 13:18:55,2025-07-09 15:42:20,10.829,3,1,False,247,6,41.166666666666664,2026-09-29 17:26:40
PEZA-797102763260,Philippine Economic Zone Authority(PEZA),peza,GOCC,2025-06-29 23:47:00,Q2,The purpose of this request is to obtain information that will contribute to an academic study on international cloud infrastructure. This concerns your IT department.,PENDING,open,False,False,False,,,,,,,0,1,False,21,5,4.2,2026-09-29 17:26:42
UP-754475736149,University of the Philippines System(UP),up,SUC,2025-06-29 23:59:00,Q2,The purpose of this request is to obtain information that will contribute to an academic study on international cloud infrastructure. This concerns your IT department.,CLOSED,unsuccessful,True,False,True,2025-07-01 09:59:00,1.417,2025-07-28 21:07:00,2025-07-01 09:59:06,,,3,2,False,19,17,1.1176470588235294,2026-09-29 17:26:44
ASIST-610571295130,Abra State Institute of Science and Technology(ASIST),asist,SUC,2025-06-30 16:54:00,Q2,research purpose,DENIED,unsuccessful,True,False,True,2025-07-04 15:28:00,3.94,2025-07-04 15:28:00,,2025-07-04 15:28:12,3.94,1,1,False,19,17,1.1176470588235294,2026-09-29 17:26:46
ASIST-674029154552,Abra State Institute of Science and Technology(ASIST),asist,SUC,2025-06-30 16:55:00,Q2,vaccine request,DENIED,unsuccessful,True,False,True,2025-07-03 14:16:00,2.89,2025-07-04 10:45:00,2025-07-03 14:16:07,2025-07-04 10:45:54,3.744,2,1,False,19,17,1.1176470588235294,2026-09-29 17:26:47
ASU-630143836823,Aklan State University(ASU),asu,SUC,2025-06-30 16:56:00,Q2,research purpose,PENDING,open,False,False,False,,,,,,,0,1,False,19,17,1.1176470588235294,2026-09-29 17:26:49
ASU-696209546263,Aklan State University(ASU),asu,SUC,2025-06-30 17:06:00,Q2,vaccine request,DENIED,unsuccessful,True,False,True,2025-07-03 14:16:00,2.882,2025-07-04 11:24:00,,2025-07-04 11:24:43,3.763,2,1,False,19,17,1.1176470588235294,2026-09-29 17:27:09
AMWADI-712449494165,Amulung Water District(AMWADI),amwadi,WATER-DISTRICT,2025-06-30 17:08:00,Q2,research pupose,DENIED,unsuccessful,True,False,True,2025-07-04 13:40:00,3.856,2025-07-04 13:40:00,,2025-07-04 13:40:22,3.856,1,1,False,32,32,1.0,2026-09-29 17:27:11
AMWADI-704410916784,Amulung Water District(AMWADI),amwadi,WATER-DISTRICT,2025-06-30 17:09:00,Q2,vaccine request,DENIED,unsuccessful,True,False,True,2025-07-04 12:00:00,3.785,2025-07-04 12:00:00,,2025-07-04 12:00:39,3.786,1,1,False,32,32,1.0,2026-09-29 17:27:12
ANGWD-403677731857,Angat Water District(ANGWD),angwd,WATER-DISTRICT,2025-06-30 17:14:00,Q2,research purpose,DENIED,unsuccessful,True,False,True,2025-07-08 11:23:00,7.756,2025-07-08 11:23:00,,2025-07-08 11:23:05,7.756,1,1,False,32,32,1.0,2026-09-29 17:27:15
ANGWD-370556611169,Angat Water District(ANGWD),angwd,WATER-DISTRICT,2025-06-30 17:16:00,Q2,vaccine request,DENIED,unsuccessful,True,False,True,2025-07-08 11:22:00,7.754,2025-07-08 11:22:00,,2025-07-08 11:22:07,7.754,1,1,False,32,32,1.0,2026-09-29 17:27:16
BALWAD-349771302135,Baliwag Water District(BALWAD),balwad,WATER-DISTRICT,2025-06-30 17:17:00,Q2,research purpose,DENIED,unsuccessful,True,False,True,2025-07-10 07:50:00,9.606,2025-07-10 07:50:00,,2025-07-10 07:50:37,9.607,1,1,False,32,32,1.0,2026-09-29 17:27:18
BALWAD-899004884163,Baliwag Water District(BALWAD),balwad,WATER-DISTRICT,2025-06-30 17:18:00,Q2,vaccine request,DENIED,unsuccessful,True,False,True,2025-07-02 13:44:00,1.851,2025-07-02 13:44:00,,2025-07-02 13:44:51,1.852,1,1,False,32,32,1.0,2026-09-29 17:27:21
BORWD-561037146046,Borongan Water District(BORWD),borwd,WATER-DISTRICT,2025-06-30 17:25:00,Q2,research purpose,DENIED,unsuccessful,True,False,True,2025-07-04 15:31:00,3.921,2025-07-04 15:31:00,,2025-07-04 15:31:11,3.921,1,1,False,32,32,1.0,2026-09-29 17:27:22
BORWD-021018457311,Borongan Water District(BORWD),borwd,WATER-DISTRICT,2025-06-30 17:27:00,Q2,vaccine request,DENIED,unsuccessful,True,False,True,2025-07-04 15:30:00,3.919,2025-07-04 15:30:00,,2025-07-04 15:30:38,3.919,1,1,False,32,32,1.0,2026-09-29 17:27:25
BUSWD-114529777165,Bustos Water District(BUSWD),buswd,WATER-DISTRICT,2025-06-30 17:36:00,Q2,research purpose,DENIED,unsuccessful,True,False,True,2025-07-08 08:29:00,7.62,2025-07-08 08:29:00,,2025-07-08 08:29:59,7.621,1,1,False,32,32,1.0,2026-09-29 17:27:26
BUSWD-359412541833,Bustos Water District(BUSWD),buswd,WATER-DISTRICT,2025-06-30 17:37:00,Q2,request vaccine,DENIED,unsuccessful,True,False,True,2025-07-04 11:25:00,3.742,2025-07-08 08:33:00,2025-07-04 11:25:16,2025-07-08 08:33:41,7.623,2,1,False,32,32,1.0,2026-09-29 17:27:28
CARWD-623869597328,Carmona Water District(CARWD),carwd,WATER-DISTRICT,2025-06-30 17:43:00,Q2,research purpose,DENIED,unsuccessful,True,False,True,2025-07-07 09:25:00,6.654,2025-07-07 09:25:00,,2025-07-07 09:25:57,6.655,1,1,False,32,32,1.0,2026-09-29 17:27:30
CARWD-235685210281,Carmona Water District(CARWD),carwd,WATER-DISTRICT,2025-06-30 17:46:00,Q2,vaccine request,DENIED,unsuccessful,True,False,True,2025-07-07 09:28:00,6.654,2025-07-07 09:28:00,,2025-07-07 09:28:29,6.655,1,1,False,32,32,1.0,2026-09-29 17:27:32
CIWD-558234858465,City of Ilagan Water District(CIWD),ciwd,WATER-DISTRICT,2025-06-30 17:47:00,Q2,research purpose,PENDING,open,False,False,False,,,,,,,0,1,False,32,32,1.0,2026-09-29 17:27:34
CIWD-306431236207,City of Ilagan Water District(CIWD),ciwd,WATER-DISTRICT,2025-06-30 17:52:00,Q2,vaccine request,PENDING,open,False,False,False,,,,,,,0,1,False,32,32,1.0,2026-09-29 17:27:36
BULSU-378295917118,Bulacan State University(BULSU),bulsu,SUC,2025-06-30 18:48:00,Q2,for our research plate project,SUCCESSFUL,successful,True,True,True,2025-07-01 10:52:00,0.669,2025-07-01 10:54:00,,2025-07-01 10:54:07,0.671,2,1,False,19,17,1.1176470588235294,2026-09-29 17:27:38
DCWD-189309055202,Davao City Water District(DCWD),dcwd,WATER-DISTRICT,2025-06-30 23:14:00,Q2,research purpose,ACCEPTED,open,False,False,True,2025-07-01 14:23:00,0.631,2025-07-01 14:23:00,2025-07-01 14:23:22,,,1,1,False,32,32,1.0,2026-09-29 17:27:39
DCWD-903094004945,Davao City Water District(DCWD),dcwd,WATER-DISTRICT,2025-06-30 23:15:00,Q2,research purpose,REFERRED,referred,False,False,False,,,,,,,0,1,False,32,32,1.0,2026-09-29 17:27:41
DDNSC-951181074737,Davao Del Norte State College(DDNSC),ddnsc,SUC,2025-06-30 23:16:00,Q2,research purpose,PENDING,open,False,False,False,,,,,,,0,1,False,19,17,1.1176470588235294,2026-09-29 17:27:42
DDNSC-090420953656,Davao Del Norte State College(DDNSC),ddnsc,SUC,2025-06-30 23:17:00,Q2,research purpose,PENDING,open,False,False,False,,,,,,,0,1,False,19,17,1.1176470588235294,2026-09-29 17:27:44
DIPWD-804095630154,Dipolog City Water District(DIPWD),dipwd,WATER-DISTRICT,2025-06-30 23:19:00,Q2,research purpose,SUCCESSFUL,successful,True,True,True,2025-08-07 14:47:00,37.644,2025-08-07 14:47:00,,2025-08-07 14:47:20,37.645,1,1,False,32,32,1.0,2026-09-29 17:27:46
DIPWD-174638465482,Dipolog City Water District(DIPWD),dipwd,WATER-DISTRICT,2025-06-30 23:20:00,Q2,research purpose,SUCCESSFUL,successful,True,True,True,2025-08-07 14:47:00,37.644,2025-08-07 14:47:00,,2025-08-07 14:47:08,37.644,1,1,False,32,32,1.0,2026-09-29 17:27:48
HINWD-341164414741,Hinatuan Water District(HINWD),hinwd,WATER-DISTRICT,2025-06-30 23:21:00,Q2,reseach purpose,CLOSED,unsuccessful,True,False,True,2025-07-04 11:46:00,3.517,2025-07-04 11:46:00,2025-07-04 11:46:05,,,1,1,False,32,32,1.0,2026-09-29 17:27:50
HINWD-248125890221,Hinatuan Water District(HINWD),hinwd,WATER-DISTRICT,2025-06-30 23:22:00,Q2,passport renewal,DENIED,unsuccessful,True,False,True,2025-07-04 11:26:00,3.503,2025-07-04 11:26:00,,2025-07-04 11:26:52,3.503,1,1,False,32,32,1.0,2026-09-29 17:27:52
NISU-170131345337,Northern Iloilo State University(NISU),nisu,SUC,2025-06-30 23:27:00,Q2,research purpose,DENIED,unsuccessful,True,False,True,2025-07-04 15:24:00,3.665,2025-07-04 15:24:00,,2025-07-04 15:24:57,3.665,1,1,False,19,17,1.1176470588235294,2026-09-29 17:27:54
NISU-196634049171,Northern Iloilo State University(NISU),nisu,SUC,2025-06-30 23:28:00,Q2,research purpose,DENIED,unsuccessful,True,False,True,2025-07-04 15:25:00,3.665,2025-07-04 15:25:00,,2025-07-04 15:25:19,3.665,1,1,False,19,17,1.1176470588235294,2026-09-29 17:27:57
NVSU-021705608060,Nueva Vizcaya State University(NVSU),nvsu,SUC,2025-06-30 23:30:00,Q2,research purpose,DENIED,unsuccessful,True,False,True,2025-07-16 13:10:00,15.569,2025-07-16 13:10:00,,2025-07-16 13:10:47,15.57,1,1,False,19,17,1.1176470588235294,2026-09-29 17:27:58
NVSU-030601230526,Nueva Vizcaya State University(NVSU),nvsu,SUC,2025-06-30 23:32:00,Q2,research purpose,DENIED,unsuccessful,True,False,True,2025-07-16 13:13:00,15.57,2025-07-16 13:13:00,,2025-07-16 13:13:47,15.571,1,1,False,19,17,1.1176470588235294,2026-09-29 17:28:00
PIT-618954757700,Palompon Institute of Technology(PIT),pit,SUC,2025-06-30 23:33:00,Q2,research purpose,PENDING,open,False,False,False,,,,,,,0,1,False,19,17,1.1176470588235294,2026-09-29 17:28:02
PIT-188125855669,Palompon Institute of Technology(PIT),pit,SUC,2025-06-30 23:33:00,Q2,research purpose,PENDING,open,False,False,False,,,,,,,0,1,False,19,17,1.1176470588235294,2026-09-29 17:28:04
PMMA-730794363846,PH Merchant Marine Academy(PMMA),pmma,SUC,2025-06-30 23:35:00,Q2,reserch purpose,SUCCESSFUL,successful,True,True,True,2025-07-04 11:17:00,3.488,2025-07-14 15:29:00,2025-07-04 11:17:38,2025-07-14 15:29:36,13.663,3,1,False,19,17,1.1176470588235294,2026-09-29 17:28:06
PMMA-065195082557,PH Merchant Marine Academy(PMMA),pmma,SUC,2025-06-30 23:36:00,Q2,research purpose,DENIED,unsuccessful,True,False,True,2025-07-04 10:56:00,3.472,2025-07-04 10:56:00,,2025-07-04 10:56:50,3.473,1,1,False,19,17,1.1176470588235294,2026-09-29 17:28:08
PLAWD-471770715076,Plaridel Water District(PLAWD),plawd,WATER-DISTRICT,2025-06-30 23:37:00,Q2,research purpose,DENIED,unsuccessful,True,False,True,2025-07-03 14:01:00,2.6,2025-07-03 14:01:00,,2025-07-03 14:01:02,2.6,1,1,False,32,32,1.0,2026-09-29 17:28:10
PLAWD-059172480964,Plaridel Water District(PLAWD),plawd,WATER-DISTRICT,2025-06-30 23:38:00,Q2,research purpose,DENIED,unsuccessful,True,False,True,2025-07-03 14:01:00,2.599,2025-07-03 14:01:00,,2025-07-03 14:01:51,2.6,1,1,False,32,32,1.0,2026-09-29 17:28:12
BWD-895840105294,Bayugan Water District(BWD),bwd,WATER-DISTRICT,2025-06-30 23:44:00,Q2,research purpose,DENIED,unsuccessful,True,False,True,2025-07-04 10:46:00,3.46,2025-07-04 10:46:00,,2025-07-04 10:46:22,3.46,1,1,False,32,32,1.0,2026-09-29 17:28:15
BWD-374295662307,Bayugan Water District(BWD),bwd,WATER-DISTRICT,2025-06-30 23:44:00,Q2,research purpose,DENIED,unsuccessful,True,False,True,2025-07-04 11:33:00,3.492,2025-07-04 11:33:00,,2025-07-04 11:33:42,3.493,1,1,False,32,32,1.0,2026-09-29 17:28:13
SAGUIWAD-103457823912,San Guillermo Water District(SAGUIWAD),saguiwad,WATER-DISTRICT,2025-06-30 23:46:00,Q2,resarch purpose,PENDING,open,False,False,False,,,,,,,0,1,False,32,32,1.0,2026-09-29 17:28:17
SAGUIWAD-557209443533,San Guillermo Water District(SAGUIWAD),saguiwad,WATER-DISTRICT,2025-06-30 23:47:00,Q2,research purpose,PENDING,open,False,False,False,,,,,,,0,1,False,32,32,1.0,2026-09-29 17:28:19
SAWD-830870950142,Santa Ana (Cagayan) Water District(SAWD),sawd,WATER-DISTRICT,2025-06-30 23:48:00,Q2,research purpose,DENIED,unsuccessful,True,False,True,2025-07-04 11:27:00,3.485,2025-07-07 16:06:00,2025-07-04 11:27:58,2025-07-07 16:06:35,6.68,2,1,False,32,32,1.0,2026-09-29 17:28:20
SAWD-407817360661,Santa Ana (Cagayan) Water District(SAWD),sawd,WATER-DISTRICT,2025-06-30 23:49:00,Q2,research purpose,DENIED,unsuccessful,True,False,True,2025-07-03 14:10:00,2.598,2025-07-03 14:10:00,,2025-07-03 14:10:36,2.598,1,1,False,32,32,1.0,2026-09-29 17:28:23
TAGBINAWD-331565663847,Tagbina Water District(TAGBINAWD),tagbinawd,WATER-DISTRICT,2025-06-30 23:50:00,Q2,research purpose,DENIED,unsuccessful,True,False,True,2025-07-07 13:15:00,6.559,2025-07-07 13:15:00,,2025-07-07 13:15:12,6.559,1,1,False,32,32,1.0,2026-09-29 17:28:25
TAGBINAWD-510339184076,Tagbina Water District(TAGBINAWD),tagbinawd,WATER-DISTRICT,2025-06-30 23:51:00,Q2,reaserch purpose,DENIED,unsuccessful,True,False,True,2025-07-07 13:14:00,6.558,2025-07-07 13:14:00,,2025-07-07 13:14:49,6.558,1,1,False,32,32,1.0,2026-09-29 17:28:27
TWD1-202457502511,Talavera Water District(TWD1),twd1,WATER-DISTRICT,2025-06-30 23:59:00,Q2,research purpose,CLOSED,unsuccessful,True,False,False,,,,,,,0,1,False,32,32,1.0,2026-09-29 17:28:29
TWD1-196171543039,Talavera Water District(TWD1),twd1,WATER-DISTRICT,2025-07-01 00:00:00,Q3,research purpose,CLOSED,unsuccessful,True,False,False,,,,,,,0,1,False,150,150,1.0,2026-09-29 17:28:34
MKWD-828623345144,Metro Kidapawan Water District(MKWD),mkwd,WATER-DISTRICT,2025-07-01 00:01:00,Q3,research purpose,PENDING,open,False,False,False,,,,,,,0,1,False,150,150,1.0,2026-09-29 17:28:37
MKWD-617429328568,Metro Kidapawan Water District(MKWD),mkwd,WATER-DISTRICT,2025-07-01 00:02:00,Q3,research purpose,ACCEPTED,open,False,False,True,2025-07-04 11:16:00,3.468,2025-07-04 11:16:00,2025-07-04 11:16:28,,,1,1,False,150,150,1.0,2026-09-29 17:28:38
NEUST-982035424692,Nueva Ecija University of Science and Technology(NEUST),neust,SUC,2025-07-01 00:04:00,Q3,research purpose,DENIED,unsuccessful,True,False,True,2025-07-04 11:22:00,3.471,2025-07-11 15:09:00,2025-07-04 11:22:57,2025-07-11 15:09:07,10.629,2,1,False,94,82,1.146341463414634,2026-09-29 17:28:40
SPCWD-645924034594,San Pablo City Water District(SPCWD),spcwd,WATER-DISTRICT,2025-07-01 00:10:00,Q3,research purpose,PENDING,open,False,False,False,,,,,,,0,1,False,150,150,1.0,2026-09-29 17:28:43
SPCWD-338744370400,San Pablo City Water District(SPCWD),spcwd,WATER-DISTRICT,2025-07-01 00:10:00,Q3,research purpose,PENDING,open,False,False,False,,,,,,,0,1,False,150,150,1.0,2026-09-29 17:28:41
PolWD-348806604753,Polomolok Water District(PolWD),polwd,WATER-DISTRICT,2025-07-01 00:11:00,Q3,research purpose,DENIED,unsuccessful,True,False,True,2026-01-20 15:54:00,203.655,2026-01-20 15:54:00,,2026-01-20 15:54:27,203.655,1,1,False,150,150,1.0,2026-09-29 17:28:45
PolWD-138759596696,Polomolok Water District(PolWD),polwd,WATER-DISTRICT,2025-07-01 00:12:00,Q3,research purpose,DENIED,unsuccessful,True,False,True,2025-07-04 11:25:00,3.467,2025-07-04 11:25:00,,2025-07-04 11:25:16,3.468,1,1,False,150,150,1.0,2026-09-29 17:28:46
DUMCWD-590638213130,DUMAGUETE CITY WATER DISTRICT(DUMCWD),dumcwd,WATER-DISTRICT,2025-07-01 00:16:00,Q3,research purpose,CLOSED,unsuccessful,True,False,True,2025-07-04 11:16:00,3.458,2025-07-04 11:16:00,2025-07-04 11:16:43,,,1,1,False,150,150,1.0,2026-09-29 17:28:49
DUMCWD-922666162572,DUMAGUETE CITY WATER DISTRICT(DUMCWD),dumcwd,WATER-DISTRICT,2025-07-01 00:17:00,Q3,research purpose,DENIED,unsuccessful,True,False,True,2025-07-04 15:25:00,3.631,2025-07-04 15:25:00,,2025-07-04 15:25:01,3.631,1,1,False,150,150,1.0,2026-09-29 17:28:51
PSU-009192942934,Palawan State University(PSU),psu,SUC,2025-07-01 00:19:00,Q3,research purpose,PENDING,open,False,False,False,,,,,,,0,1,False,94,82,1.146341463414634,2026-09-29 17:28:52
PSU-087020527458,Palawan State University(PSU),psu,SUC,2025-07-01 00:20:00,Q3,research purpose,DENIED,unsuccessful,True,False,True,2025-07-03 14:16:00,2.581,2025-07-04 10:46:00,2025-07-03 14:16:06,2025-07-04 10:46:09,3.435,2,1,False,94,82,1.146341463414634,2026-09-29 17:28:54
LALWD-310031206258,Lal-lo Water District(LALWD),lalwd,WATER-DISTRICT,2025-07-01 00:21:00,Q3,research purpose,PENDING,open,False,False,False,,,,,,,0,1,False,150,150,1.0,2026-09-29 17:28:56
LALWD-955270917644,Lal-lo Water District(LALWD),lalwd,WATER-DISTRICT,2025-07-01 00:22:00,Q3,research purpose,PENDING,open,False,False,False,,,,,,,0,1,False,150,150,1.0,2026-09-29 17:28:58
SANJOSEWD-193842009459,San Jose Water District(SANJOSEWD),sanjosewd,WATER-DISTRICT,2025-07-01 00:29:00,Q3,research purpose,CLOSED,unsuccessful,True,False,False,,,,,,,0,1,False,150,150,1.0,2026-09-29 17:29:18
SANJOSEWD-741585317660,San Jose Water District(SANJOSEWD),sanjosewd,WATER-DISTRICT,2025-07-01 00:29:00,Q3,research purpose,CLOSED,unsuccessful,True,False,False,,,,,,,0,1,False,150,150,1.0,2026-09-29 17:29:19
SSS-624346681117,Social Security System(SSS),sss,GOCC,2025-07-01 00:31:00,Q3,research purpose,CLOSED,unsuccessful,True,False,False,,,,,,,0,1,False,394,92,4.282608695652174,2026-09-29 17:29:21
SSS-168255138906,Social Security System(SSS),sss,GOCC,2025-07-01 00:33:00,Q3,research purpose,CLOSED,unsuccessful,True,False,False,,,,,,,0,1,False,394,92,4.282608695652174,2026-09-29 17:29:23
LWUA-281973464455,Local Water Utilities Administration(LWUA),lwua,GOCC,2025-07-01 00:34:00,Q3,research purpose,PENDING,open,False,False,False,,,,,,,0,1,False,394,92,4.282608695652174,2026-09-29 17:29:25
VWD-690035145092,Virac Water District(VWD),vwd,WATER-DISTRICT,2025-07-01 00:35:00,Q3,research purpose,PENDING,open,False,False,False,,,,,,,0,1,False,150,150,1.0,2026-09-29 17:29:27
VWD-913770820246,Virac Water District(VWD),vwd,WATER-DISTRICT,2025-07-01 00:36:00,Q3,research purpose,PENDING,open,False,False,False,,,,,,,0,1,False,150,150,1.0,2026-09-29 17:29:29
ABUWD-716867676479,Abulug Water District(ABUWD),abuwd,WATER-DISTRICT,2025-07-01 07:59:00,Q3,research purpose,SUCCESSFUL,successful,True,True,True,2025-07-02 10:59:00,1.125,2025-07-02 10:59:00,,2025-07-02 10:59:35,1.125,1,1,False,150,150,1.0,2026-09-29 17:29:31
ABUWD-970262563338,Abulug Water District(ABUWD),abuwd,WATER-DISTRICT,2025-07-01 08:00:00,Q3,research purpose,PROCESSING,open,False,False,True,2025-07-02 10:03:00,1.085,2025-07-02 10:15:00,2025-07-02 10:03:37,,,4,1,False,150,150,1.0,2026-09-29 17:29:34
ALWD-749007329270,ALAMINOS (LAGUNA) WATER DISTRICT(ALWD),alwd,WATER-DISTRICT,2025-07-01 08:02:00,Q3,research purpose,SUCCESSFUL,successful,True,True,True,2025-07-02 10:04:00,1.085,2025-07-02 11:00:00,2025-07-02 10:04:17,2025-07-02 11:00:17,1.124,3,1,False,150,150,1.0,2026-09-29 17:29:36
ALWD-768082924479,ALAMINOS (LAGUNA) WATER DISTRICT(ALWD),alwd,WATER-DISTRICT,2025-07-01 08:03:00,Q3,research purpose,DENIED,unsuccessful,True,False,True,2025-07-02 11:08:00,1.128,2025-07-02 11:08:00,,2025-07-02 11:08:54,1.129,1,1,False,150,150,1.0,2026-09-29 17:29:37
ALWAD-560088935748,Alicia Water District(ALWAD),alwad,WATER-DISTRICT,2025-07-01 08:04:00,Q3,research purpose,SUCCESSFUL,successful,True,True,True,2025-07-02 10:03:00,1.083,2025-07-02 11:00:00,2025-07-02 10:03:42,2025-07-02 11:00:06,1.122,3,1,False,150,150,1.0,2026-09-29 17:29:39
ALWAD-720036091405,Alicia Water District(ALWAD),alwad,WATER-DISTRICT,2025-07-01 08:05:00,Q3,research purpose,DENIED,unsuccessful,True,False,True,2025-07-02 11:17:00,1.133,2025-07-02 11:17:00,,2025-07-02 11:17:35,1.134,1,1,False,150,150,1.0,2026-09-29 17:29:41
ALIWD-980140574065,Alitagtag Water District(ALIWD),aliwd,WATER-DISTRICT,2025-07-01 08:09:00,Q3,research level,PENDING,open,False,False,False,,,,,,,0,1,False,150,150,1.0,2026-09-29 17:29:43
ALIWD-215538683544,Alitagtag Water District(ALIWD),aliwd,WATER-DISTRICT,2025-07-01 08:10:00,Q3,research purpose,PENDING,open,False,False,False,,,,,,,0,1,False,150,150,1.0,2026-09-29 17:29:45
ALIWD-616185817937,Alitagtag Water District(ALIWD),aliwd,WATER-DISTRICT,2025-07-01 08:12:00,Q3,research purpose,PENDING,open,False,False,False,,,,,,,0,1,False,150,150,1.0,2026-09-29 17:29:46
BaaoWD-530277882689,Baao Water District(BaaoWD),baaowd,WATER-DISTRICT,2025-07-01 08:15:00,Q3,research purpose,SUCCESSFUL,successful,True,True,True,2025-07-02 10:05:00,1.076,2025-07-02 10:59:00,2025-07-02 10:05:11,2025-07-02 10:59:07,1.114,3,1,False,150,150,1.0,2026-09-29 17:29:48
BaaoWD-311226722572,Baao Water District(BaaoWD),baaowd,WATER-DISTRICT,2025-07-01 08:17:00,Q3,research purpose,DENIED,unsuccessful,True,False,True,2025-07-02 11:19:00,1.126,2025-07-02 11:19:00,,2025-07-02 11:19:08,1.126,1,1,False,150,150,1.0,2026-09-29 17:29:50
BOCWD-305393306248,BOCAUE WATER DISTRICT(BOCWD),bocwd,WATER-DISTRICT,2025-07-01 08:18:00,Q3,research purpose,CLOSED,unsuccessful,True,False,False,,,,,,,0,1,False,150,150,1.0,2026-09-29 17:29:52
BOCWD-413626507168,BOCAUE WATER DISTRICT(BOCWD),bocwd,WATER-DISTRICT,2025-07-01 08:18:00,Q3,research purpose,CLOSED,unsuccessful,True,False,False,,,,,,,0,1,False,150,150,1.0,2026-09-29 17:29:53
BATWD-322250657524,Batac Water District(BATWD),batwd,WATER-DISTRICT,2025-07-01 08:22:00,Q3,research purpose,SUCCESSFUL,successful,True,True,True,2025-07-02 11:15:00,1.12,2025-07-07 12:50:00,2025-07-02 11:15:37,2025-07-07 12:50:40,6.187,2,1,False,150,150,1.0,2026-09-29 17:29:56
BATWD-260273723838,Batac Water District(BATWD),batwd,WATER-DISTRICT,2025-07-01 08:23:00,Q3,research purpose,DENIED,unsuccessful,True,False,True,2025-07-02 11:16:00,1.12,2025-07-07 14:28:00,2025-07-02 11:17:02,2025-07-07 14:28:05,6.254,5,1,False,150,150,1.0,2026-09-29 17:29:58
BATOWD-694179444269,Bato Water District(BATOWD),batowd,WATER-DISTRICT,2025-07-01 08:25:00,Q3,research purpose,SUCCESSFUL,successful,True,True,True,2025-07-02 10:04:00,1.069,2025-07-02 11:01:00,2025-07-02 10:04:51,2025-07-02 11:01:52,1.109,4,1,False,150,150,1.0,2026-09-29 17:30:00
BATOWD-564846216444,Bato Water District(BATOWD),batowd,WATER-DISTRICT,2025-07-01 08:25:00,Q3,research purpose,DENIED,unsuccessful,True,False,True,2025-07-02 11:17:00,1.119,2025-07-02 11:17:00,,2025-07-02 11:17:31,1.12,1,1,False,150,150,1.0,2026-09-29 17:30:02
BU-047372162955,Bicol University(BU),bu,SUC,2025-07-01 08:28:00,Q3,research purpose,DENIED,unsuccessful,True,False,True,2025-07-07 08:57:00,6.02,2025-07-07 08:57:00,,2025-07-07 08:57:16,6.02,1,1,False,94,82,1.146341463414634,2026-09-29 17:30:04
BU-209525652734,Bicol University(BU),bu,SUC,2025-07-01 08:28:00,Q3,research purpose,SUCCESSFUL,successful,True,True,True,2025-07-02 10:04:00,1.067,2025-07-02 11:00:00,2025-07-02 10:04:32,2025-07-02 11:00:05,1.106,5,1,False,94,82,1.146341463414634,2026-09-29 17:30:05
CATWD-188556555920,Catbalogan Water District(CatbWD),catwd,WATER-DISTRICT,2025-07-01 09:18:00,Q3,Research Purposes,DENIED,unsuccessful,True,False,True,2025-07-02 11:35:00,1.095,2025-07-02 11:35:00,,2025-07-02 11:35:43,1.096,1,1,False,150,150,1.0,2026-09-29 17:30:07
CATWD-123389998764,Catbalogan Water District(CatbWD),catwd,WATER-DISTRICT,2025-07-01 09:18:00,Q3,Research purposes,SUCCESSFUL,successful,True,True,True,2025-07-02 11:38:00,1.097,2025-07-02 11:39:00,2025-07-02 11:38:13,2025-07-02 11:39:35,1.098,2,1,False,150,150,1.0,2026-09-29 17:30:10
CKWD-788381319164,City of Koronadal Water District(CKWD),ckwd,WATER-DISTRICT,2025-07-01 09:20:00,Q3,Research Purposes,DENIED,unsuccessful,True,False,True,2026-01-29 17:02:00,212.321,2026-01-29 17:02:00,,2026-01-29 17:02:14,212.321,1,1,False,150,150,1.0,2026-09-29 17:30:11
CKWD-606730417168,City of Koronadal Water District(CKWD),ckwd,WATER-DISTRICT,2025-07-01 09:21:00,Q3,Research Purposes,DENIED,unsuccessful,True,False,True,2026-01-29 17:01:00,212.319,2026-01-29 17:01:00,,2026-01-29 17:01:44,212.32,1,1,False,150,150,1.0,2026-09-29 17:30:13
CMWD-190479093712,City of Malolos Water District(CMWD),cmwd,WATER-DISTRICT,2025-07-01 09:22:00,Q3,Research Purposes,SUCCESSFUL,successful,True,True,True,2025-07-02 10:06:00,1.031,2025-07-02 10:59:00,2025-07-02 10:06:48,2025-07-02 10:59:02,1.067,3,1,False,150,150,1.0,2026-09-29 17:30:15
CMWD-343067562772,City of Malolos Water District(CMWD),cmwd,WATER-DISTRICT,2025-07-01 09:24:00,Q3,Research Purpose,DENIED,unsuccessful,True,False,True,2025-07-02 10:03:00,1.027,2025-07-02 10:45:00,2025-07-02 10:03:43,2025-07-02 10:45:44,1.057,2,1,False,150,150,1.0,2026-09-29 17:30:17
DAPWD-107886363802,Dapitan City Water District(DAPWD),dapwd,WATER-DISTRICT,2025-07-01 09:25:00,Q3,Research Purpose,SUCCESSFUL,successful,True,True,True,2025-07-02 10:04:00,1.027,2025-07-02 11:00:00,2025-07-02 10:04:04,2025-07-02 11:00:41,1.066,4,1,False,150,150,1.0,2026-09-29 17:30:19
DAPWD-034581911107,Dapitan City Water District(DAPWD),dapwd,WATER-DISTRICT,2025-07-01 09:26:00,Q3,Research Purpose,PENDING,open,False,False,False,,,,,,,0,1,False,150,150,1.0,2026-09-29 17:30:21
DDOSC-434092081894,Davao de Oro State College(DDOSC),ddosc,SUC,2025-07-01 09:27:00,Q3,Research Purpose,SUCCESSFUL,successful,True,True,True,2025-07-02 10:03:00,1.025,2025-07-02 10:59:00,2025-07-02 10:03:59,2025-07-02 10:59:03,1.064,4,1,False,94,82,1.146341463414634,2026-09-29 17:30:22
DDOSC-896619051667,Davao de Oro State College(DDOSC),ddosc,SUC,2025-07-01 09:28:00,Q3,Research Purpose,PENDING,open,False,False,False,,,,,,,0,1,False,94,82,1.146341463414634,2026-09-29 17:30:24
ESSU-746926392064,Eastern Samar State University(ESSU),essu,SUC,2025-07-01 09:29:00,Q3,Research Purpose,PENDING,open,False,False,False,,,,,,,0,1,False,94,82,1.146341463414634,2026-09-29 17:30:26
ESSU-930870513038,Eastern Samar State University(ESSU),essu,SUC,2025-07-01 09:31:00,Q3,Research Purpose,PENDING,open,False,False,False,,,,,,,0,1,False,94,82,1.146341463414634,2026-09-29 17:30:27
GSCWD-014171500725,General Santos City Water District(GSCWD),gscwd,WATER-DISTRICT,2025-07-01 09:32:00,Q3,Research Purpose,SUCCESSFUL,successful,True,True,True,2025-07-02 10:05:00,1.023,2025-07-02 11:00:00,2025-07-02 10:05:21,2025-07-02 11:00:22,1.061,3,1,False,150,150,1.0,2026-09-29 17:30:30
GSCWD-593251962487,General Santos City Water District(GSCWD),gscwd,WATER-DISTRICT,2025-07-01 09:33:00,Q3,Research Purpose,DENIED,unsuccessful,True,False,True,2025-07-02 11:18:00,1.073,2025-07-02 11:18:00,,2025-07-02 11:18:24,1.073,1,1,False,150,150,1.0,2026-09-29 17:30:32
ISATU-533490735512,Iloilo Science and Technology University(ISATU),isatu,SUC,2025-07-01 09:37:00,Q3,Research Purpose,DENIED,unsuccessful,True,False,True,2026-01-13 16:16:00,196.277,2026-01-13 16:16:00,,2026-01-13 16:16:56,196.278,1,1,False,94,82,1.146341463414634,2026-09-29 17:30:34
ISU-472071587988,Isabela State University(ISU),isu,SUC,2025-07-01 09:38:00,Q3,Research Purpose,SUCCESSFUL,successful,True,True,True,2025-07-02 10:03:00,1.017,2025-07-02 10:59:00,2025-07-02 10:03:42,2025-07-02 10:59:08,1.056,4,1,False,94,82,1.146341463414634,2026-09-29 17:30:36
ISU-281056710040,Isabela State University(ISU),isu,SUC,2025-07-01 09:39:00,Q3,Research Purpose,DENIED,unsuccessful,True,False,True,2025-07-02 11:18:00,1.069,2025-07-02 11:18:00,,2025-07-02 11:18:08,1.069,1,1,False,94,82,1.146341463414634,2026-09-29 17:30:39
JHCSC-922772216168,J. H. Cerilles State College(JHCSC),jhcsc,SUC,2025-07-01 09:40:00,Q3,Research Purpose,SUCCESSFUL,successful,True,True,True,2025-07-02 10:59:00,1.055,2025-07-02 10:59:00,,2025-07-02 10:59:55,1.055,1,1,False,94,82,1.146341463414634,2026-09-29 17:30:40
JHCSC-885091976348,J. H. Cerilles State College(JHCSC),jhcsc,SUC,2025-07-01 09:41:00,Q3,Research Purpose,SUCCESSFUL,successful,True,True,True,2025-07-02 10:27:00,1.032,2025-07-02 11:00:00,2025-07-02 10:27:27,2025-07-02 11:00:18,1.055,2,1,False,94,82,1.146341463414634,2026-09-29 17:30:42
KOLWD-312887558382,Kolambugan Water District(KOLWD),kolwd,WATER-DISTRICT,2025-07-01 09:43:00,Q3,Research Purpose,SUCCESSFUL,successful,True,True,True,2025-07-02 10:03:00,1.014,2025-07-02 10:59:00,2025-07-02 10:03:47,2025-07-02 10:59:06,1.053,3,1,False,150,150,1.0,2026-09-29 17:30:44
KOLWD-052187516082,Kolambugan Water District(KOLWD),kolwd,WATER-DISTRICT,2025-07-01 09:44:00,Q3,Research Purpose,DENIED,unsuccessful,True,False,True,2025-07-02 11:18:00,1.065,2025-07-02 11:18:00,,2025-07-02 11:18:48,1.066,1,1,False,150,150,1.0,2026-09-29 17:30:46
LTWD-003309367360,La Trinidad Water District(LTWD),ltwd,WATER-DISTRICT,2025-07-01 09:46:00,Q3,Research Purpose,CLOSED,unsuccessful,True,False,False,,,,,,,0,1,False,150,150,1.0,2026-09-29 17:30:48
LTWD-762989058507,La Trinidad Water District(LTWD),ltwd,WATER-DISTRICT,2025-07-01 09:48:00,Q3,Research Purpose,DENIED,unsuccessful,True,False,True,2025-07-02 11:18:00,1.062,2025-07-02 11:18:00,,2025-07-02 11:18:47,1.063,1,1,False,150,150,1.0,2026-09-29 17:31:55
LICWD-855711993604,Licab Water District(LICWD),licwd,WATER-DISTRICT,2025-07-01 09:49:00,Q3,Research Purpose,SUCCESSFUL,successful,True,True,True,2025-07-02 10:03:00,1.01,2025-07-02 10:59:00,2025-07-02 10:06:16,2025-07-02 10:59:56,1.049,4,1,False,150,150,1.0,2026-09-29 17:31:57
LICWD-167226567667,Licab Water District(LICWD),licwd,WATER-DISTRICT,2025-07-01 09:51:00,Q3,Research Purpose,DENIED,unsuccessful,True,False,True,2025-07-02 11:20:00,1.062,2025-07-02 11:20:00,,2025-07-02 11:20:16,1.062,1,1,False,150,150,1.0,2026-09-29 17:31:59
MLAWD-370849566443,M lang Water District(MLAWD),mlawd,WATER-DISTRICT,2025-07-01 09:52:00,Q3,Research Purpose,SUCCESSFUL,successful,True,True,True,2025-07-02 10:07:00,1.01,2025-07-02 10:59:00,2025-07-02 10:07:40,2025-07-02 10:59:21,1.047,4,1,False,150,150,1.0,2026-09-29 17:32:01
MLAWD-168521409758,M lang Water District(MLAWD),mlawd,WATER-DISTRICT,2025-07-01 09:53:00,Q3,Research Purpose,DENIED,unsuccessful,True,False,True,2025-07-02 11:18:00,1.059,2025-07-02 11:18:00,,2025-07-02 11:18:08,1.059,1,1,False,150,150,1.0,2026-09-29 17:32:03
MAWADI-323869854872,Mapandan Water District(MAWADI),mawadi,WATER-DISTRICT,2025-07-01 09:55:00,Q3,Research Purpose,SUCCESSFUL,successful,True,True,True,2025-07-02 10:08:00,1.009,2025-07-02 10:55:00,2025-07-02 10:08:23,2025-07-02 10:55:39,1.042,3,1,False,150,150,1.0,2026-09-29 17:32:05
MAWADI-161471598243,Mapandan Water District(MAWADI),mawadi,WATER-DISTRICT,2025-07-01 09:57:00,Q3,Research Purpose,DENIED,unsuccessful,True,False,True,2025-07-02 10:06:00,1.006,2025-07-02 11:17:00,2025-07-02 10:06:26,2025-07-02 11:17:32,1.056,3,1,False,150,150,1.0,2026-09-29 17:32:06
MPC-883342795853,Marikina Polytechnic University(MPC),mpc,SUC,2025-07-01 09:58:00,Q3,Research Purpose,SUCCESSFUL,successful,True,True,True,2025-07-02 10:03:00,1.003,2025-07-02 10:56:00,2025-07-02 10:03:47,2025-07-02 10:56:30,1.041,3,1,False,94,82,1.146341463414634,2026-09-29 17:32:08
MPC-683958070946,Marikina Polytechnic University(MPC),mpc,SUC,2025-07-01 09:59:00,Q3,Research Purpose,DENIED,unsuccessful,True,False,True,2025-07-21 09:20:00,19.973,2025-07-21 09:20:00,,2025-07-21 09:20:58,19.974,1,1,False,94,82,1.146341463414634,2026-09-29 17:32:10
METBWD-335495060437,Metro Bangued Water District(METBWD),metbwd,WATER-DISTRICT,2025-07-01 10:00:00,Q3,Research Purpose,SUCCESSFUL,successful,True,True,True,2025-07-02 10:03:00,1.002,2025-07-02 11:00:00,2025-07-02 10:03:39,2025-07-02 11:00:28,1.042,5,1,False,150,150,1.0,2026-09-29 17:32:12
METBWD-638459649481,Metro Bangued Water District(METBWD),metbwd,WATER-DISTRICT,2025-07-01 10:02:00,Q3,Research Purpose,DENIED,unsuccessful,True,False,True,2025-07-02 10:46:00,1.031,2025-07-02 10:46:00,,2025-07-02 10:46:05,1.031,1,1,False,150,150,1.0,2026-09-29 17:32:13
MLWD-439556400075,Metro Lipa Water District(MLWD),mlwd,WATER-DISTRICT,2025-07-01 10:03:00,Q3,Research Purpose,SUCCESSFUL,successful,True,True,True,2025-07-02 10:06:00,1.002,2025-07-02 10:59:00,2025-07-02 10:06:54,2025-07-02 10:59:20,1.039,4,1,False,150,150,1.0,2026-09-29 17:32:15
MLWD-754801164117,Metro Lipa Water District(MLWD),mlwd,WATER-DISTRICT,2025-07-01 10:05:00,Q3,Research Purpose,DENIED,unsuccessful,True,False,True,2025-07-02 10:04:00,0.999,2025-07-02 11:11:00,2025-07-02 10:04:00,2025-07-02 11:11:52,1.046,2,1,False,150,150,1.0,2026-09-29 17:32:17
MURWD-555584094489,Murcia Water District(MURWD),murwd,WATER-DISTRICT,2025-07-01 10:07:00,Q3,Research Purpose,SUCCESSFUL,successful,True,True,True,2025-07-02 10:03:00,0.997,2025-07-02 10:59:00,2025-07-02 10:03:48,2025-07-02 10:59:49,1.037,3,1,False,150,150,1.0,2026-09-29 17:32:19
MURWD-881380804607,Murcia Water District(MURWD),murwd,WATER-DISTRICT,2025-07-01 10:08:00,Q3,Research Purpose,DENIED,unsuccessful,True,False,True,2025-07-02 11:18:00,1.049,2025-07-02 11:18:00,,2025-07-02 11:18:21,1.049,1,1,False,150,150,1.0,2026-09-29 17:32:21
SANFEWD-251068056086,San Felipe Water District(SANFEWD),sanfewd,WATER-DISTRICT,2025-07-01 10:12:00,Q3,Research Purpose,DENIED,unsuccessful,True,False,True,2025-07-02 11:18:00,1.046,2025-07-02 11:18:00,,2025-07-02 11:18:57,1.046,1,1,False,150,150,1.0,2026-09-29 17:32:23
SANFEWD-585024924536,San Felipe Water District(SANFEWD),sanfewd,WATER-DISTRICT,2025-07-01 10:13:00,Q3,Research Purpose,SUCCESSFUL,successful,True,True,True,2025-07-02 10:06:00,0.995,2025-07-02 10:57:00,2025-07-02 10:06:07,2025-07-02 10:57:03,1.031,4,1,False,150,150,1.0,2026-09-29 17:32:25
SANBWD-002456294294,San Miguel Bulacan Water District(SAMIBUL),sanbwd,WATER-DISTRICT,2025-07-01 10:14:00,Q3,Research Purpose,SUCCESSFUL,successful,True,True,True,2025-07-02 10:07:00,0.995,2025-07-02 11:00:00,2025-07-02 10:07:11,2025-07-02 11:00:03,1.032,4,1,False,150,150,1.0,2026-09-29 17:32:27
SANBWD-656774821042,San Miguel Bulacan Water District(SAMIBUL),sanbwd,WATER-DISTRICT,2025-07-01 10:15:00,Q3,Research Purpose,DENIED,unsuccessful,True,False,True,2025-07-02 10:03:00,0.992,2025-07-02 11:12:00,2025-07-02 10:03:40,2025-07-02 11:12:26,1.04,2,1,False,150,150,1.0,2026-09-29 17:32:28
SAMIWAD-595661163790,Sanchez Mira Water District(SAMIWAD),samiwad,WATER-DISTRICT,2025-07-01 10:17:00,Q3,Research Purpose,SUCCESSFUL,successful,True,True,True,2025-07-02 10:03:00,0.99,2025-07-02 11:00:00,2025-07-02 10:03:39,2025-07-02 11:00:19,1.03,3,1,False,150,150,1.0,2026-09-29 17:32:31
SAMIWAD-170123142903,Sanchez Mira Water District(SAMIWAD),samiwad,WATER-DISTRICT,2025-07-01 10:18:00,Q3,Research Purpose,DENIED,unsuccessful,True,False,True,2025-07-02 11:15:00,1.04,2025-07-02 11:19:00,2025-07-02 11:15:20,2025-07-02 11:19:37,1.043,3,1,False,150,150,1.0,2026-09-29 17:32:33
SCWD-479230865473,Santa Cruz (Laguna) Water District(SCWD),scwd,WATER-DISTRICT,2025-07-01 10:19:00,Q3,Research Purpose,SUCCESSFUL,successful,True,True,True,2025-07-02 10:05:00,0.99,2025-07-02 11:00:00,2025-07-02 10:05:42,2025-07-02 11:00:28,1.029,4,1,False,150,150,1.0,2026-09-29 17:32:34
SCWD-097730946435,Santa Cruz (Laguna) Water District(SCWD),scwd,WATER-DISTRICT,2025-07-01 10:20:00,Q3,Research Purpose,DENIED,unsuccessful,True,False,True,2025-07-02 11:18:00,1.04,2025-07-02 11:18:00,,2025-07-02 11:18:33,1.041,1,1,False,150,150,1.0,2026-09-29 17:32:36
SIWADI-147971081216,Siniloan Water District(SIWADI),siwadi,WATER-DISTRICT,2025-07-01 10:21:00,Q3,Research Purpose,SUCCESSFUL,successful,True,True,True,2025-07-02 10:10:00,0.992,2025-07-02 10:59:00,2025-07-02 10:10:54,2025-07-02 10:59:55,1.027,3,1,False,150,150,1.0,2026-09-29 17:32:39
SIWADI-918614424592,Siniloan Water District(SIWADI),siwadi,WATER-DISTRICT,2025-07-01 10:22:00,Q3,Research Purpose,DENIED,unsuccessful,True,False,True,2025-07-02 10:06:00,0.989,2025-07-04 09:28:00,2025-07-02 10:06:20,2025-07-04 09:28:58,2.963,2,1,False,150,150,1.0,2026-09-29 17:32:41
SOGWD-235770827198,Sogod Water District(SOGWD),sogwd,WATER-DISTRICT,2025-07-01 10:24:00,Q3,Research Purpose,DENIED,unsuccessful,True,False,True,2025-07-02 11:13:00,1.034,2025-07-02 11:13:00,,2025-07-02 11:13:05,1.034,1,1,False,150,150,1.0,2026-09-29 17:32:43
SOGWD-360031821558,Sogod Water District(SOGWD),sogwd,WATER-DISTRICT,2025-07-01 10:24:00,Q3,Research Purposes,SUCCESSFUL,successful,True,True,True,2025-07-02 10:06:00,0.988,2025-07-02 10:58:00,2025-07-02 10:15:18,2025-07-02 10:58:53,1.024,5,1,False,150,150,1.0,2026-09-29 17:32:45
SLSU-069548549961,Southern Leyte State University(SLSU),slsu,SUC,2025-07-01 10:26:00,Q3,Research Purpose,SUCCESSFUL,successful,True,True,True,2025-07-02 10:15:00,0.992,2025-07-02 10:59:00,2025-07-02 10:15:27,2025-07-02 10:59:48,1.023,3,1,False,94,82,1.146341463414634,2026-09-29 17:32:47
SLSU-617984814407,Southern Leyte State University(SLSU),slsu,SUC,2025-07-01 10:27:00,Q3,Research Purpose,DENIED,unsuccessful,True,False,True,2025-07-02 10:06:00,0.985,2025-07-02 10:50:00,2025-07-02 10:06:33,2025-07-02 10:50:12,1.016,2,1,False,94,82,1.146341463414634,2026-09-29 17:32:49
SIWAD-846995557208,STA. IGNACIA WATER DISTRICT(SIWAD),siwad,WATER-DISTRICT,2025-07-01 10:28:00,Q3,Research Purpose,CLOSED,unsuccessful,True,False,True,2025-07-09 13:13:00,8.115,2025-07-09 13:13:00,2025-07-09 13:13:54,,,1,1,False,150,150,1.0,2026-09-29 17:32:51
SIWAD-097129807731,STA. IGNACIA WATER DISTRICT(SIWAD),siwad,WATER-DISTRICT,2025-07-01 10:30:00,Q3,Research Purpose,DENIED,unsuccessful,True,False,True,2025-07-09 13:03:00,8.106,2025-07-09 13:04:00,,2025-07-09 13:04:57,8.108,2,1,False,150,150,1.0,2026-09-29 17:32:53
SRWD-740237020005,Surallah Water District(SRWD),srwd,WATER-DISTRICT,2025-07-01 10:31:00,Q3,Research Purpose,SUCCESSFUL,successful,True,True,True,2025-07-02 10:03:00,0.981,2025-07-02 10:59:00,2025-07-02 10:03:42,2025-07-02 10:59:08,1.02,3,1,False,150,150,1.0,2026-09-29 17:32:55
SRWD-750332803658,Surallah Water District(SRWD),srwd,WATER-DISTRICT,2025-07-01 10:31:00,Q3,Research Purpose,DENIED,unsuccessful,True,False,True,2025-07-02 11:17:00,1.032,2025-07-02 11:17:00,,2025-07-02 11:17:54,1.033,1,1,False,150,150,1.0,2026-09-29 17:32:57
TANWD-672227903417,Tanauan Water District(TANWD),tanwd,WATER-DISTRICT,2025-07-01 10:33:00,Q3,Research Purpose,SUCCESSFUL,successful,True,True,True,2025-07-02 10:03:00,0.979,2025-07-02 11:00:00,2025-07-02 10:03:44,2025-07-02 11:00:34,1.019,3,1,False,150,150,1.0,2026-09-29 17:33:13
TANWD-648982998281,Tanauan Water District(TANWD),tanwd,WATER-DISTRICT,2025-07-01 10:34:00,Q3,Research Purpose,DENIED,unsuccessful,True,False,True,2025-07-02 11:12:00,1.026,2025-07-02 11:12:00,,2025-07-02 11:12:34,1.027,1,1,False,150,150,1.0,2026-09-29 17:33:15
TANZWD-313366256822,Tanza Water District(TANZWD),tanzwd,WATER-DISTRICT,2025-07-01 10:35:00,Q3,Research Purpose,SUCCESSFUL,successful,True,True,True,2025-07-02 08:32:00,0.915,2025-07-02 11:02:00,2025-07-02 08:32:35,2025-07-02 11:02:08,1.019,2,1,False,150,150,1.0,2026-09-29 17:33:17
TANZWD-356697177861,Tanza Water District(TANZWD),tanzwd,WATER-DISTRICT,2025-07-01 10:36:00,Q3,Research Purpose,DENIED,unsuccessful,True,False,True,2025-07-02 10:05:00,0.978,2025-07-02 11:11:00,2025-07-02 10:05:52,2025-07-02 11:11:35,1.025,2,1,False,150,150,1.0,2026-09-29 17:33:19
MRWD-881639626882,Metro Roxas Water District(MRWD),mrwd,WATER-DISTRICT,2025-07-01 11:33:00,Q3,Research Purpose,CLOSED,unsuccessful,True,False,True,2025-07-24 13:58:00,23.101,2025-07-24 14:04:00,2025-07-24 14:04:17,,,2,1,False,150,150,1.0,2026-09-29 17:33:21
MRWD-318726968952,Metro Roxas Water District(MRWD),mrwd,WATER-DISTRICT,2025-07-01 11:34:00,Q3,Research Purpose,DENIED,unsuccessful,True,False,True,2025-07-24 14:00:00,23.101,2025-07-24 14:02:00,,2025-07-24 14:02:39,23.103,2,1,False,150,150,1.0,2026-09-29 17:33:23
PPA-903295413437,Philippine Ports Authority(PPA),ppa,GOCC,2025-07-01 12:50:00,Q3,Research and development,SUCCESSFUL,successful,True,True,True,2025-07-03 09:52:00,1.876,2025-07-03 09:52:00,,2025-07-03 09:52:17,1.877,1,1,False,394,92,4.282608695652174,2026-09-29 17:33:24
CULWD-151855085118,Culasi Water District(CULWD),culwd,WATER-DISTRICT,2025-07-01 18:38:00,Q3,Research Purpose,SUCCESSFUL,successful,True,True,True,2025-07-02 10:08:00,0.646,2025-07-02 10:59:00,2025-07-02 10:08:27,2025-07-02 10:59:32,0.682,3,1,False,150,150,1.0,2026-09-29 17:33:27
CULWD-082033357086,Culasi Water District(CULWD),culwd,WATER-DISTRICT,2025-07-01 18:38:00,Q3,Research Purpose,DENIED,unsuccessful,True,False,True,2025-07-02 10:05:00,0.644,2025-07-02 11:17:00,2025-07-02 10:05:05,2025-07-02 11:17:31,0.694,3,1,False,150,150,1.0,2026-09-29 17:33:29
TMCWD-907919159207,Trece Martires City Water District(TMCWD),tmcwd,WATER-DISTRICT,2025-07-01 18:45:00,Q3,Research Purpose,SUCCESSFUL,successful,True,True,True,2025-07-02 10:07:00,0.64,2025-07-02 10:59:00,2025-07-02 10:07:36,2025-07-02 10:59:33,0.677,2,1,False,150,150,1.0,2026-09-29 17:33:31
TMCWD-609065202377,Trece Martires City Water District(TMCWD),tmcwd,WATER-DISTRICT,2025-07-01 18:45:00,Q3,Research Purpose,DENIED,unsuccessful,True,False,True,2025-07-02 10:07:00,0.64,2025-07-02 11:09:00,2025-07-02 10:07:07,2025-07-02 11:09:17,0.684,4,1,False,150,150,1.0,2026-09-29 17:33:33
MADWD-266666946953,Madrid Water District(MADWD),madwd,WATER-DISTRICT,2025-07-01 18:53:00,Q3,Research Purpose,SUCCESSFUL,successful,True,True,True,2025-07-02 11:05:00,0.675,2025-07-02 11:05:00,,2025-07-02 11:05:44,0.676,1,1,False,150,150,1.0,2026-09-29 17:33:35
MADWD-340925570338,Madrid Water District(MADWD),madwd,WATER-DISTRICT,2025-07-01 18:54:00,Q3,Research Purpose,CLOSED,unsuccessful,True,False,True,2025-07-02 10:03:00,0.631,2025-07-02 11:19:00,2025-07-02 10:03:43,,,3,1,False,150,150,1.0,2026-09-29 17:33:36
DAGCWD-098800131576,Dagupan City Water District(DAGCWD),dagcwd,WATER-DISTRICT,2025-07-01 18:59:00,Q3,Research Purpose,DENIED,unsuccessful,True,False,True,2025-07-02 11:18:00,0.68,2025-07-02 11:18:00,,2025-07-02 11:18:31,0.68,1,1,False,150,150,1.0,2026-09-29 17:33:38
DAGCWD-864507817159,Dagupan City Water District(DAGCWD),dagcwd,WATER-DISTRICT,2025-07-01 19:00:00,Q3,Research Purpose,SUCCESSFUL,successful,True,True,True,2025-07-02 10:05:00,0.628,2025-07-02 11:00:00,2025-07-02 10:05:47,2025-07-02 11:00:37,0.667,5,1,False,150,150,1.0,2026-09-29 17:33:40
CUYWD-758437398349,Cuyapo Water District(CUYWD),cuywd,WATER-DISTRICT,2025-07-01 19:42:00,Q3,Research Purpose,SUCCESSFUL,successful,True,True,True,2025-07-02 10:12:00,0.604,2025-07-02 11:00:00,2025-07-02 10:12:48,2025-07-02 11:00:21,0.638,3,1,False,150,150,1.0,2026-09-29 17:33:43
CUYWD-156205841123,Cuyapo Water District(CUYWD),cuywd,WATER-DISTRICT,2025-07-01 19:43:00,Q3,Research Purpose,DENIED,unsuccessful,True,False,True,2025-07-02 11:05:00,0.64,2025-07-02 11:18:00,2025-07-02 11:05:44,2025-07-02 11:18:19,0.65,2,1,False,150,150,1.0,2026-09-29 17:33:45
BAWADI-718334807441,Banaue Water District(BAWADI),bawadi,WATER-DISTRICT,2025-07-01 19:47:00,Q3,Research Purpose,CLOSED,unsuccessful,True,False,False,,,,,,,0,1,False,150,150,1.0,2026-09-29 17:33:47
BAWADI-451893710012,Banaue Water District(BAWADI),bawadi,WATER-DISTRICT,2025-07-01 19:50:00,Q3,Research Purpose,SUCCESSFUL,successful,True,True,True,2025-07-02 11:00:00,0.632,2025-07-02 11:00:00,,2025-07-02 11:00:54,0.633,1,1,False,150,150,1.0,2026-09-29 17:33:49
BSWD-644989365610,Benito Soliven Water District(BSWD),bswd,WATER-DISTRICT,2025-07-01 20:40:00,Q3,Research Purpose,SUCCESSFUL,successful,True,True,True,2025-07-02 10:03:00,0.558,2025-07-02 11:04:00,2025-07-02 10:03:44,2025-07-02 11:04:42,0.6,4,1,False,150,150,1.0,2026-09-29 17:33:51
BSWD-300676813999,Benito Soliven Water District(BSWD),bswd,WATER-DISTRICT,2025-07-01 20:40:00,Q3,Research Purpose,DENIED,unsuccessful,True,False,True,2025-07-02 11:17:00,0.609,2025-07-02 11:17:00,,2025-07-02 11:17:48,0.61,1,1,False,150,150,1.0,2026-09-29 17:33:53
BAGAWD-339257543584,Baganga Water District(BAGAWD),bagawd,WATER-DISTRICT,2025-07-01 20:41:00,Q3,Research Purpose,SUCCESSFUL,successful,True,True,True,2025-07-02 10:53:00,0.592,2025-07-02 10:59:00,2025-07-02 10:53:34,2025-07-02 10:59:55,0.596,2,1,False,150,150,1.0,2026-09-29 17:33:55
BAGAWD-572814912720,Baganga Water District(BAGAWD),bagawd,WATER-DISTRICT,2025-07-01 20:42:00,Q3,Research Purpose,DENIED,unsuccessful,True,False,True,2025-07-02 10:05:00,0.558,2025-07-02 10:05:00,,2025-07-02 10:05:50,0.558,1,1,False,150,150,1.0,2026-09-29 17:33:58
MORDWD-688532129366,Morong Water District(MORDWD),mordwd,WATER-DISTRICT,2025-07-01 20:43:00,Q3,Research Purpose,SUCCESSFUL,successful,True,True,True,2025-07-02 10:15:00,0.564,2025-07-02 10:55:00,2025-07-02 10:15:45,2025-07-02 10:55:41,0.592,2,1,False,150,150,1.0,2026-09-29 17:33:59
MORDWD-608668181487,Morong Water District(MORDWD),mordwd,WATER-DISTRICT,2025-07-01 20:44:00,Q3,Research Purpose,DENIED,unsuccessful,True,False,True,2025-07-02 10:03:00,0.555,2025-07-02 11:18:00,2025-07-02 11:10:48,2025-07-02 10:45:57,0.585,4,1,False,150,150,1.0,2026-09-29 17:34:01
LEWADI-236427486150,Lebak Water District(LEWADI),lewadi,WATER-DISTRICT,2025-07-02 06:17:00,Q3,Research Purpose,SUCCESSFUL,successful,True,True,True,2025-07-02 10:06:00,0.159,2025-07-02 11:00:00,2025-07-02 10:06:07,2025-07-02 11:00:30,0.197,4,1,False,150,150,1.0,2026-09-29 17:34:03
LEWADI-619207654292,Lebak Water District(LEWADI),lewadi,WATER-DISTRICT,2025-07-02 06:18:00,Q3,Research Purpose,DENIED,unsuccessful,True,False,True,2025-07-02 10:59:00,0.195,2025-07-02 11:18:00,,2025-07-02 10:59:12,0.195,2,1,False,150,150,1.0,2026-09-29 17:34:05
PENAWD-386755489948,Penablanca Water District(PENAWD),penawd,WATER-DISTRICT,2025-07-02 06:19:00,Q3,Research Purpose,CLOSED,unsuccessful,True,False,True,2025-07-02 10:17:00,0.165,2025-07-02 10:17:00,2025-07-02 10:17:41,,,1,1,False,150,150,1.0,2026-09-29 17:34:07
PENAWD-999935210386,Penablanca Water District(PENAWD),penawd,WATER-DISTRICT,2025-07-02 06:19:00,Q3,Research Purpose,CLOSED,unsuccessful,True,False,False,,,,,,,0,1,False,150,150,1.0,2026-09-29 17:34:08
ROXASWD-465106273456,Roxas Water District(ROXASWD),roxaswd,WATER-DISTRICT,2025-07-02 06:20:00,Q3,Research Purpose,SUCCESSFUL,successful,True,True,True,2025-07-02 11:01:00,0.195,2025-07-02 11:01:00,,2025-07-02 11:01:18,0.195,1,1,False,150,150,1.0,2026-09-29 17:34:10
ROXASWD-304787508589,Roxas Water District(ROXASWD),roxaswd,WATER-DISTRICT,2025-07-02 06:21:00,Q3,Research Purpose,DENIED,unsuccessful,True,False,True,2025-07-02 10:03:00,0.154,2025-07-06 15:19:00,2025-07-02 10:03:50,2025-07-06 15:19:00,4.374,3,1,False,150,150,1.0,2026-09-29 17:34:12
CABWADI-439218825315,Cabangan Water District(CABWADI),cabwadi,WATER-DISTRICT,2025-07-02 06:23:00,Q3,Research Purpose,SUCCESSFUL,successful,True,True,True,2025-07-02 10:20:00,0.165,2025-07-02 11:00:00,2025-07-02 10:20:42,2025-07-02 11:00:44,0.193,2,1,False,150,150,1.0,2026-09-29 17:34:15
CABWADI-512740467328,Cabangan Water District(CABWADI),cabwadi,WATER-DISTRICT,2025-07-02 06:24:00,Q3,Research Purpose,DENIED,unsuccessful,True,False,True,2025-07-02 10:03:00,0.152,2025-07-02 11:19:00,2025-07-02 10:03:49,2025-07-02 11:19:36,0.205,3,1,False,150,150,1.0,2026-09-29 17:34:17
PATWD-276230692072,Patnongon Water District(PATWD),patwd,WATER-DISTRICT,2025-07-02 06:25:00,Q3,Research Purpose,CLOSED,unsuccessful,True,False,False,,,,,,,0,1,False,150,150,1.0,2026-09-29 17:34:23
PATWD-015012497291,Patnongon Water District(PATWD),patwd,WATER-DISTRICT,2025-07-02 06:26:00,Q3,Research Purpose,DENIED,unsuccessful,True,False,True,2025-07-02 11:18:00,0.203,2025-07-02 11:18:00,,2025-07-02 11:18:07,0.203,1,1,False,150,150,1.0,2026-09-29 17:34:25
BOTWD-603829245395,Botolan Water District(BOTWD),botwd,WATER-DISTRICT,2025-07-02 06:27:00,Q3,Research Purpose,SUCCESSFUL,successful,True,True,True,2025-07-02 10:05:00,0.151,2025-07-02 11:01:00,2025-07-02 10:05:36,2025-07-02 11:01:08,0.19,3,1,False,150,150,1.0,2026-09-29 17:34:27
BOTWD-446005526811,Botolan Water District(BOTWD),botwd,WATER-DISTRICT,2025-07-02 06:28:00,Q3,Research Purpose,DENIED,unsuccessful,True,False,True,2025-07-02 11:12:00,0.197,2025-07-02 11:12:00,,2025-07-02 11:12:14,0.197,1,1,False,150,150,1.0,2026-09-29 17:34:29
MIWD-813667670997,Metro Iloilo Water District(MIWD),miwd,WATER-DISTRICT,2025-07-02 06:29:00,Q3,Research Purpose,CLOSED,unsuccessful,True,False,False,,,,,,,0,1,False,150,150,1.0,2026-09-29 17:34:31
MIWD-708057766450,Metro Iloilo Water District(MIWD),miwd,WATER-DISTRICT,2025-07-02 07:28:00,Q3,Research Purpose,CLOSED,unsuccessful,True,False,False,,,,,,,0,1,False,150,150,1.0,2026-09-29 17:34:32
BEWD-352665159483,Belison Water District(BEWD),bewd,WATER-DISTRICT,2025-07-02 09:45:00,Q3,Research Purpose,CLOSED,unsuccessful,True,False,True,2025-07-02 10:23:00,0.026,2025-07-02 10:28:00,2025-07-02 10:23:46,,,2,1,False,150,150,1.0,2026-09-29 17:34:35
BEWD-431512915415,Belison Water District(BEWD),bewd,WATER-DISTRICT,2025-07-02 09:46:00,Q3,Research Purpose,SUCCESSFUL,successful,True,True,True,2025-07-02 10:59:00,0.051,2025-07-02 10:59:00,,2025-07-02 10:59:14,0.051,1,1,False,150,150,1.0,2026-09-29 17:34:36
MAMWD-758338565591,Mambajao Water District(MAMWD),mamwd,WATER-DISTRICT,2025-07-02 10:17:00,Q3,Research Purpose,CLOSED,unsuccessful,True,False,True,2025-07-02 10:18:00,0.001,2025-07-02 10:40:00,2025-07-02 10:19:05,,,4,1,False,150,150,1.0,2026-09-29 17:34:39
MAMWD-848173135126,Mambajao Water District(MAMWD),mamwd,WATER-DISTRICT,2025-07-02 10:18:00,Q3,Research Purpose,CLOSED,unsuccessful,True,False,False,,,,,,,0,1,False,150,150,1.0,2026-09-29 17:34:41
CCP-022652006986,Cultural Center of the Philippines(CCP),ccp,GOCC,2025-07-02 13:50:00,Q3,Research/Thesis,PARTIALLY SUCCESSFUL,partially successful,True,True,True,2025-07-02 15:56:00,0.088,2025-07-02 15:56:00,,2025-07-02 15:56:00,0.088,1,1,False,394,92,4.282608695652174,2026-09-29 17:34:43
USAP-019500144422,"City of Pasig, NCR(USAP)",usap,LGU,2025-07-02 16:17:00,Q3,Academic research,CLOSED,unsuccessful,True,False,True,2025-07-10 08:54:00,7.692,2025-08-07 15:48:00,2025-07-10 08:54:20,,,5,1,False,71,71,1.0,2026-09-29 17:34:45
COB-731412011483,City Government of Balanga(COB),cob,LGU,2025-07-02 17:08:00,Q3,For public health research and med school purposes,CLOSED,unsuccessful,True,False,True,2025-07-14 11:35:00,11.769,2025-07-14 11:35:00,2025-07-14 11:35:51,,,1,1,False,71,71,1.0,2026-09-29 17:34:47
DOTr-475107161430,Department of Transportation(DOTr),dotr,NGA,2025-07-02 18:21:00,Q3,Request lot property status affected on your lrt. 1 ext. Project phase 2-3 to compare on your parcelary plan. On going,DENIED,unsuccessful,True,False,True,2025-07-03 10:16:00,0.663,2025-07-03 10:16:00,,2025-07-03 10:16:38,0.664,1,1,False,4071,100,40.71,2026-09-29 17:34:49
ROMWD-923260589404,Romblon Water District(ROMWD),romwd,WATER-DISTRICT,2025-07-02 21:02:00,Q3,Research Purpose,SUCCESSFUL,successful,True,True,True,2025-07-08 09:04:00,5.501,2025-07-08 09:05:00,2025-07-08 09:04:48,2025-07-08 09:05:45,5.503,2,1,False,150,150,1.0,2026-09-29 17:34:51
ROMWD-449766369960,Romblon Water District(ROMWD),romwd,WATER-DISTRICT,2025-07-02 21:03:00,Q3,Research Purpose,SUCCESSFUL,successful,True,True,True,2025-07-08 09:03:00,5.5,2025-07-08 09:03:00,,2025-07-08 09:03:32,5.5,1,1,False,150,150,1.0,2026-09-29 17:34:53
TARCWD-629000493356,Tarlac City Water District(TARCWD),tarcwd,WATER-DISTRICT,2025-07-02 21:04:00,Q3,Research Purpose,DENIED,unsuccessful,True,False,True,2025-07-04 11:23:00,1.597,2025-07-07 08:08:00,2025-07-04 11:23:10,2025-07-07 08:08:53,4.462,2,1,False,150,150,1.0,2026-09-29 17:34:55
TARCWD-251800652925,Tarlac City Water District(TARCWD),tarcwd,WATER-DISTRICT,2025-07-02 21:04:00,Q3,Research Purpose,DENIED,unsuccessful,True,False,True,2025-07-07 08:06:00,4.46,2025-07-07 08:06:00,,2025-07-07 08:06:21,4.46,1,1,False,150,150,1.0,2026-09-29 17:34:57
PAGCOR-856009018161,Philippine Amusement and Gaming Corporation(PAGCOR),pagcor,GOCC,2025-07-03 06:46:00,Q3,The purpose of this request is to obtain information that will contribute to an academic study on international cloud infrastructure. This concerns your IT department.,SUCCESSFUL,successful,True,True,True,2025-07-15 18:40:00,12.496,2025-07-16 08:28:00,2025-07-15 18:40:30,2025-07-16 08:28:51,13.071,2,1,False,394,92,4.282608695652174,2026-09-29 17:34:59
MLWD-124900305390,Metro Lipa Water District(MLWD),mlwd,WATER-DISTRICT,2025-07-03 10:19:00,Q3,Reference for Existing Site Utilties Study,PROCESSING,open,False,False,True,2025-07-03 15:55:00,0.233,2025-07-03 15:55:00,2025-07-03 15:55:07,,,1,2,False,150,150,1.0,2026-09-29 17:35:00
BUWD-344757168536,Bugasong Water District(BuWD),buwd,WATER-DISTRICT,2025-07-03 13:14:00,Q3,Research Purpose,SUCCESSFUL,successful,True,True,True,2025-07-04 11:08:00,0.912,2025-07-04 11:27:00,2025-07-04 11:24:27,2025-07-04 11:27:30,0.926,3,1,False,150,150,1.0,2026-09-29 17:35:03
BUWD-495748505651,Bugasong Water District(BuWD),buwd,WATER-DISTRICT,2025-07-03 13:16:00,Q3,Research Purpose,CLOSED,unsuccessful,True,False,True,2025-07-03 14:16:00,0.042,2025-07-04 11:07:00,2025-07-03 14:16:12,,,2,1,False,150,150,1.0,2026-09-29 17:35:05
GONWD-825186270920,Gonzaga Water District(GONWD),gonwd,WATER-DISTRICT,2025-07-03 13:18:00,Q3,Research Purpose,CLOSED,unsuccessful,True,False,False,,,,,,,0,1,False,150,150,1.0,2026-09-29 17:35:06
GONWD-621007821771,Gonzaga Water District(GONWD),gonwd,WATER-DISTRICT,2025-07-03 13:20:00,Q3,Research Purpose,CLOSED,unsuccessful,True,False,False,,,,,,,0,1,False,150,150,1.0,2026-09-29 17:35:08
SILWD-437433890101,Silang Water District(SILWD),silwd,WATER-DISTRICT,2025-07-03 13:21:00,Q3,Research Purpose,DENIED,unsuccessful,True,False,True,2025-07-04 11:01:00,0.903,2025-07-04 11:01:00,,2025-07-04 11:01:53,0.903,1,1,False,150,150,1.0,2026-09-29 17:35:10
SILWD-256375299215,Silang Water District(SILWD),silwd,WATER-DISTRICT,2025-07-03 13:21:00,Q3,Research Purpose,CLOSED,unsuccessful,True,False,False,,,,,,,0,1,False,150,150,1.0,2026-09-29 17:35:12
ODIWD-054937654093,Odiongan Water District(ODIWD),odiwdf,WATER-DISTRICT,2025-07-03 13:22:00,Q3,Research Purpose,CLOSED,unsuccessful,True,False,False,,,,,,,0,1,False,150,150,1.0,2026-09-29 17:35:13
ODIWD-470453540524,Odiongan Water District(ODIWD),odiwdf,WATER-DISTRICT,2025-07-03 13:25:00,Q3,Research Purpose,CLOSED,unsuccessful,True,False,False,,,,,,,0,1,False,150,150,1.0,2026-09-29 17:35:18
DOLE-350143009244,Department of Labor and Employment(DOLE),dole,NGA,2025-07-03 13:51:00,Q3,Creation of company policy regarding medical retention and disposal,CLOSED,unsuccessful,True,False,True,2025-07-28 17:55:00,25.169,2025-07-28 17:55:00,2025-07-28 17:55:30,,,1,1,False,4071,100,40.71,2026-09-29 17:35:20
SIBWD-882245751333,Sibalom Water District(SIBWD),sibwd,WATER-DISTRICT,2025-07-04 07:28:00,Q3,Research Purpose,DENIED,unsuccessful,True,False,True,2025-07-04 15:30:00,0.335,2025-07-04 15:30:00,,2025-07-04 15:30:16,0.335,1,1,False,150,150,1.0,2026-09-29 17:35:22
SIBWD-752553103363,Sibalom Water District(SIBWD),sibwd,WATER-DISTRICT,2025-07-04 07:29:00,Q3,Research Purpose,DENIED,unsuccessful,True,False,True,2025-07-04 15:28:00,0.333,2025-07-04 15:28:00,,2025-07-04 15:28:23,0.333,1,1,False,150,150,1.0,2026-09-29 17:35:24
DINAWD-875303355775,Dinagat Water District(DINAWD),dinawd,WATER-DISTRICT,2025-07-04 07:31:00,Q3,Research Purpose,DENIED,unsuccessful,True,False,True,2025-07-04 12:44:00,0.217,2025-07-04 12:44:00,,2025-07-04 12:44:44,0.218,1,1,False,150,150,1.0,2026-09-29 17:35:26
DINAWD-414513104192,Dinagat Water District(DINAWD),dinawd,WATER-DISTRICT,2025-07-04 07:32:00,Q3,Research Purpose,DENIED,unsuccessful,True,False,True,2025-07-04 12:44:00,0.217,2025-07-04 12:44:00,,2025-07-04 12:44:11,0.217,1,1,False,150,150,1.0,2026-09-29 17:35:28
CAMIWD-618080165704,Camiling Water District(CAMIWD),camiwd,WATER-DISTRICT,2025-07-04 07:33:00,Q3,Research Purpose,CLOSED,unsuccessful,True,False,False,,,,,,,0,1,False,150,150,1.0,2026-09-29 17:35:29
CAMIWD-478763635521,Camiling Water District(CAMIWD),camiwd,WATER-DISTRICT,2025-07-04 07:33:00,Q3,Research Purpose,CLOSED,unsuccessful,True,False,False,,,,,,,0,1,False,150,150,1.0,2026-09-29 17:35:31
LNU-996100909324,Leyte Normal University(LNU),lnu,SUC,2025-07-04 07:34:00,Q3,Research Purpose,DENIED,unsuccessful,True,False,True,2025-07-04 15:28:00,0.329,2025-07-04 15:28:00,,2025-07-04 15:28:38,0.33,1,1,False,94,82,1.146341463414634,2026-09-29 17:35:34
MMSU-118221207013,Mariano Marcos State University(MMSU),mmsu,SUC,2025-07-04 13:14:00,Q3,For the Formulation of the RDS of Caraga State University.,ACCEPTED,open,False,False,True,2025-09-12 08:43:00,69.812,2025-09-12 08:43:00,2025-09-12 08:43:56,,,1,1,False,94,82,1.146341463414634,2026-09-29 17:35:35
DDOSC-706629172902,Davao de Oro State College(DDOSC),ddosc,SUC,2025-07-04 13:17:00,Q3,Formulation of our University's RDS,SUCCESSFUL,successful,True,True,True,2025-07-09 11:51:00,4.94,2025-09-10 10:06:00,2025-07-09 11:51:40,2025-09-10 10:06:13,67.868,4,3,False,94,82,1.146341463414634,2026-09-29 17:35:37
CEZA-400367550627,Cagayan Economic Zone Authority(CEZA),ceza,GOCC,2025-07-04 15:02:00,Q3,for research purposes,SUCCESSFUL,successful,True,True,True,2025-07-17 10:45:00,12.822,2025-07-21 10:32:00,2025-07-17 10:45:56,2025-07-21 10:32:24,16.813,2,1,False,394,92,4.282608695652174,2026-09-29 17:35:40
USAP-987754540372,"City of Pasig, NCR(USAP)",usap,LGU,2025-07-05 14:12:00,Q3,Research Development for Market Research in Business Plan,SUCCESSFUL,successful,True,True,True,2025-07-09 11:58:00,3.907,2025-07-21 09:19:00,2025-07-09 11:58:07,2025-07-21 09:19:43,15.797,3,1,False,71,71,1.0,2026-09-29 17:35:42
PNPDIDM-884860345130,Philippine National Police - Directorate for Investigation and Detective Management(PNPDIDM),pnpdidm,LEA,2025-07-06 22:11:00,Q3,For the Crime Assessment and Analysis as part of the mandate stated in RA 8551,DENIED,unsuccessful,True,False,True,2025-09-02 19:54:00,57.905,2025-09-02 19:54:00,,2025-09-02 19:54:01,57.905,1,1,False,122,102,1.196078431372549,2026-09-29 17:35:44
PNU-961023051704,Philippine Normal University(PNU),pnu,SUC,2025-07-07 08:43:00,Q3,For benchmark purposes,SUCCESSFUL,successful,True,True,True,2025-07-21 19:02:00,14.43,2025-07-28 13:38:00,2025-07-21 19:02:34,2025-07-28 13:38:14,21.205,2,1,False,94,82,1.146341463414634,2026-09-29 17:35:46
NISU-701111517163,Northern Iloilo State University(NISU),nisu,SUC,2025-07-07 08:58:00,Q3,For Accreditation,SUCCESSFUL,successful,True,True,True,2025-07-11 11:50:00,4.119,2025-08-12 10:05:00,2025-07-11 11:50:31,2025-08-12 10:05:53,36.047,3,2,False,94,82,1.146341463414634,2026-09-29 17:35:48
PEZA-456241150824,Philippine Economic Zone Authority(PEZA),peza,GOCC,2025-07-07 09:54:00,Q3,Research and Development,PENDING,open,False,False,False,,,,,,,0,3,False,394,92,4.282608695652174,2026-09-29 17:35:50
PGI-536604513042,Provincial Government of Isabela(PGI),pgi,LGU,2025-07-07 11:30:00,Q3,Research and Development,SUCCESSFUL,successful,True,True,True,2025-08-07 11:25:00,30.997,2025-08-07 15:37:00,2025-08-07 11:25:06,2025-08-07 15:37:36,31.172,3,1,False,71,71,1.0,2026-09-29 17:35:52
PNP-385846229174,Philippine National Police(PNP),pnp,LEA,2025-07-07 17:05:00,Q3,For CAR crime assessment and analysis,SUCCESSFUL,successful,True,True,True,2025-07-08 09:41:00,0.692,2025-08-14 16:34:00,2025-07-08 09:41:01,2025-08-14 16:34:42,37.979,2,1,False,122,102,1.196078431372549,2026-09-29 17:35:53
PNP-306072551769,Philippine National Police(PNP),pnp,LEA,2025-07-08 03:11:00,Q3,"we are incoming 4th year BSIT Major in Business Analytics at Bulacan State University, and we will use the data in our capstone",SUCCESSFUL,successful,True,True,True,2025-07-08 09:42:00,0.272,2025-07-15 09:01:00,2025-07-08 09:42:18,2025-07-15 09:01:41,7.244,4,1,False,122,102,1.196078431372549,2026-09-29 17:35:55
UPD-771246950943,University of the Philippines Diliman(UPD),upd,SUC,2025-07-08 10:21:00,Q3,Undergraduate Thesis,SUCCESSFUL,successful,True,True,True,2025-07-10 05:02:00,1.778,2025-08-17 15:32:00,2025-07-10 05:02:51,2025-08-17 15:32:58,40.217,3,1,False,94,82,1.146341463414634,2026-09-29 17:35:57
SMWD-234376576943,Santa Maria Water District(SMWD),smwd,WATER-DISTRICT,2025-07-08 11:44:00,Q3,Research and Development,SUCCESSFUL,successful,True,True,True,2025-07-14 08:19:00,5.858,2025-07-14 10:33:00,2025-07-14 08:19:16,2025-07-14 10:33:28,5.951,2,2,False,150,150,1.0,2026-09-29 17:35:59
PH-106850981859,PhilHealth(PH),ph,GOCC,2025-07-08 17:43:00,Q3,Research and Development,SUCCESSFUL,successful,True,True,True,2025-07-09 08:42:00,0.624,2025-07-17 10:25:00,2025-07-09 08:42:23,2025-07-17 10:25:29,8.696,3,1,False,394,92,4.282608695652174,2026-09-29 17:36:01
DILG-703091758261,Department of the Interior and Local Government(DILG),dilg,NGA,2025-07-09 13:34:00,Q3,Provincial Product Account Estimation,DENIED,unsuccessful,True,False,True,2025-07-11 14:57:00,2.058,2025-07-11 14:57:00,,2025-07-11 14:57:59,2.058,1,1,False,4071,100,40.71,2026-09-29 17:36:03
PNP-812093039953,Philippine National Police(PNP),pnp,LEA,2025-07-10 10:56:00,Q3,Research and development,DENIED,unsuccessful,True,False,True,2025-07-10 21:40:00,0.447,2025-08-05 12:58:00,2025-07-10 21:40:09,2025-08-05 12:58:45,26.085,3,1,False,122,102,1.196078431372549,2026-09-29 17:36:05
USEP-246463510461,University of Southeastern Philippines(USEP),usep,SUC,2025-07-10 13:14:00,Q3,BASIS FOR THE FORMULATION OF OUR OWN ETEEAP GUIDELINES,SUCCESSFUL,successful,True,True,True,2025-07-10 13:40:00,0.018,2025-07-22 14:13:00,2025-07-10 13:40:40,2025-07-22 14:13:43,12.041,2,1,False,94,82,1.146341463414634,2026-09-29 17:36:08
PNP-637219367671,Philippine National Police(PNP),pnp,LEA,2025-07-10 14:38:00,Q3,Research Paper,SUCCESSFUL,successful,True,True,True,2025-07-10 21:40:00,0.293,2025-07-21 08:56:00,2025-07-10 21:40:56,2025-07-21 08:56:38,10.763,3,1,False,122,102,1.196078431372549,2026-09-29 17:36:11
SPCWD-809511147179,San Pablo City Water District(SPCWD),spcwd,WATER-DISTRICT,2025-07-10 17:37:00,Q3,Research purpose - Thesis Writing,PENDING,open,False,False,False,,,,,,,0,1,False,150,150,1.0,2026-09-29 17:36:14
DMMMSU-646231730840,Don Mariano Marcos Memorial State University(DMMMSU),dmmmsu,SUC,2025-07-11 14:06:00,Q3,Benchmark purposes,ACCEPTED,open,False,False,True,2025-07-14 11:11:00,2.878,2025-07-14 11:11:00,2025-07-14 11:11:10,,,1,1,False,94,82,1.146341463414634,2026-09-29 17:36:17
NHMFC-216858854282,National Home Mortgage Finance Corporation(NHMFC),nhmfc,GOCC,2025-07-11 15:07:00,Q3,for academic and research purposes,SUCCESSFUL,successful,True,True,True,2025-07-30 15:03:00,18.997,2025-07-30 15:03:00,,2025-07-30 15:03:16,18.997,1,1,False,394,92,4.282608695652174,2026-09-29 17:36:21
PNP-320783381468,Philippine National Police(PNP),pnp,LEA,2025-07-11 19:33:00,Q3,Research and Development,PARTIALLY SUCCESSFUL,partially successful,True,True,True,2025-07-14 07:47:00,2.51,2025-08-15 09:36:00,2025-07-14 07:47:22,2025-08-15 09:36:59,34.586,3,2,False,122,102,1.196078431372549,2026-09-29 17:37:10
NHA-972859177014,National Housing Authority(NHA),nha,GOCC,2025-07-15 12:28:00,Q3,Research for school purpose,SUCCESSFUL,successful,True,True,True,2025-07-17 07:57:00,1.812,2025-07-30 08:38:00,2025-07-17 07:57:38,2025-07-30 08:38:12,14.84,2,1,False,394,92,4.282608695652174,2026-09-29 17:38:24
NEA-861271728173,National Electrification Administration(NEA),nea,GOCC,2025-07-15 13:17:00,Q3,For Verification and Validation of 4Ps Applicant in determining the Lifeline Rate Program (Discount on Electric Bill),REFERRED,referred,False,False,False,,,,,,,0,1,False,394,92,4.282608695652174,2026-09-29 17:38:26
PNP-871851790036,Philippine National Police(PNP),pnp,LEA,2025-07-15 13:58:00,Q3,Research and Development,SUCCESSFUL,successful,True,True,True,2025-07-16 08:57:00,0.791,2025-07-28 17:38:00,2025-07-16 08:57:10,2025-07-28 17:38:32,13.153,4,2,False,122,102,1.196078431372549,2026-09-29 17:39:14
NEA-302909463511,National Electrification Administration(NEA),nea,GOCC,2025-07-15 14:51:00,Q3,For business planning.,DENIED,unsuccessful,True,False,True,2025-07-15 16:37:00,0.074,2025-07-29 14:31:00,2025-07-15 16:37:27,2025-07-29 14:31:12,13.986,3,1,False,394,92,4.282608695652174,2026-09-29 17:39:16
PNPDIDM-367049482497,Philippine National Police - Directorate for Investigation and Detective Management(PNPDIDM),pnpdidm,LEA,2025-07-15 14:52:00,Q3,Researh and Development,DENIED,unsuccessful,True,False,True,2025-09-02 19:54:00,49.21,2025-09-02 19:54:00,,2025-09-02 19:54:27,49.21,1,2,False,122,102,1.196078431372549,2026-09-29 17:39:18
DOH-135849814534,Department of Health(DOH),doh,NGA,2025-07-15 23:14:00,Q3,Research and Development,SUCCESSFUL,successful,True,True,True,2025-07-16 13:59:00,0.615,2025-08-27 21:19:00,2025-07-16 13:59:13,2025-08-27 21:19:28,42.92,2,1,False,4071,100,40.71,2026-09-29 17:39:20
DOLE-385940027664,Department of Labor and Employment(DOLE),dole,NGA,2025-07-16 11:53:00,Q3,Makuha ang mga benepisyo na dapat kong matangap ganun na din po ang aking separation fee at 13th month na hindi pa nakukuha.,SUCCESSFUL,successful,True,True,True,2025-07-16 16:07:00,0.176,2025-07-16 16:07:00,,2025-07-16 16:07:55,0.177,1,1,False,4071,100,40.71,2026-09-29 17:39:24
NIA-012482428241,National Irrigation Administration(NIA),nia,GOCC,2025-07-17 15:58:00,Q3,Project Study,SUCCESSFUL,successful,True,True,True,2025-08-04 09:04:00,17.712,2025-08-04 09:04:00,,2025-08-04 09:04:13,17.713,1,1,False,394,92,4.282608695652174,2026-09-29 17:39:26
PNP-189548809802,Philippine National Police(PNP),pnp,LEA,2025-07-17 16:12:00,Q3,Research and Development,SUCCESSFUL,successful,True,True,True,2025-07-18 17:33:00,1.056,2025-08-03 11:32:00,2025-07-18 17:33:34,2025-08-03 11:32:31,16.806,3,1,False,122,102,1.196078431372549,2026-09-29 17:39:28
PNPDIDM-332379232943,Philippine National Police - Directorate for Investigation and Detective Management(PNPDIDM),pnpdidm,LEA,2025-07-18 11:08:00,Q3,To check...,DENIED,unsuccessful,True,False,True,2025-09-02 19:55:00,46.366,2025-09-02 19:55:00,,2025-09-02 19:55:01,46.366,1,1,False,122,102,1.196078431372549,2026-09-29 17:39:30
ALWAD-332249580986,Alicia Water District(ALWAD),alwad,WATER-DISTRICT,2025-07-18 11:40:00,Q3,Thesis additional informations,SUCCESSFUL,successful,True,True,True,2025-07-22 11:07:00,3.977,2025-07-22 11:07:00,,2025-07-22 11:07:48,3.978,1,1,False,150,150,1.0,2026-09-29 17:39:33
PGI-566204060217,Provincial Government of Isabela(PGI),pgi,LGU,2025-07-18 15:29:00,Q3,Requesting the tax declaration number 011-12-0053-036-11,SUCCESSFUL,successful,True,True,True,2025-08-07 14:25:00,19.956,2025-08-07 15:39:00,2025-08-07 14:25:48,2025-08-07 15:39:13,20.007,2,1,False,71,71,1.0,2026-09-29 17:39:34
METCEBWD-231908467223,Metropolitan Cebu Water District(METCEBWD),metcebwd,WATER-DISTRICT,2025-07-19 16:00:00,Q3,Thesis Purposes,ACCEPTED,open,False,False,True,2025-07-29 09:03:00,9.71,2025-07-29 09:03:00,2025-07-29 09:03:16,,,1,1,False,150,150,1.0,2026-09-29 17:39:37
SSS-405730597151,Social Security System(SSS),sss,GOCC,2025-07-20 17:25:00,Q3,Research and Development,SUCCESSFUL,successful,True,True,True,2025-08-05 10:27:00,15.71,2025-08-05 10:27:00,,2025-08-05 10:27:43,15.71,1,1,False,394,92,4.282608695652174,2026-09-29 17:39:38
USAP-537725949725,"City of Pasig, NCR(USAP)",usap,LGU,2025-07-21 11:49:00,Q3,Academic Research,SUCCESSFUL,successful,True,True,True,2025-07-28 11:52:00,7.002,2025-08-06 12:03:00,2025-07-28 11:52:10,2025-08-06 12:03:47,16.01,2,1,False,71,71,1.0,2026-09-29 17:39:41
DOH-195743182597,Department of Health(DOH),doh,NGA,2025-07-21 15:02:00,Q3,For the compilation of the Countryside in Figures of Oriental Mindoro,PARTIALLY SUCCESSFUL,partially successful,True,True,True,2025-07-24 10:54:00,2.828,2025-07-31 16:43:00,2025-07-24 10:54:15,2025-07-31 16:43:40,10.071,2,1,False,4071,100,40.71,2026-09-29 17:39:42
SILWD-441519260418,Silang Water District(SILWD),silwd,WATER-DISTRICT,2025-07-21 16:45:00,Q3,"Supplementary data for the ongoing Geo-resistivity Survey in Brgy. Tibig Silang, Cavite.",DENIED,unsuccessful,True,False,True,2025-09-15 21:09:00,56.183,2025-09-15 21:09:00,,2025-09-15 21:09:07,56.183,1,1,False,150,150,1.0,2026-09-29 17:39:44
UP-250982402997,University of the Philippines System(UP),up,SUC,2025-07-22 14:10:00,Q3,For Benchmark purposes,SUCCESSFUL,successful,True,True,True,2025-07-24 22:55:00,2.365,2025-07-28 21:22:00,2025-07-24 22:55:22,2025-07-28 21:22:08,6.3,2,1,False,94,82,1.146341463414634,2026-09-29 17:39:46
BSU-839209007476,Benguet State University(BSU),bsu,SUC,2025-07-22 14:19:00,Q3,Benchmark purposes only for our ARDS.,SUCCESSFUL,successful,True,True,True,2025-08-22 14:53:00,31.024,2025-08-22 14:53:00,,2025-08-22 14:53:47,31.024,1,1,False,94,82,1.146341463414634,2026-09-29 17:39:48
PNR-060639841843,Philippine National Railways(PNR),pnr,GOCC,2025-07-22 15:24:00,Q3,"These documents are being requested for the purpose of official documentation, verification, and inventory of land reserved for the public domain, speficically those falling under the jurisdiction of DENR CENRO Sipocot.",DENIED,unsuccessful,True,False,True,2025-07-23 11:00:00,0.817,2025-08-14 10:47:00,2025-07-23 11:00:58,2025-08-14 10:47:47,22.808,2,1,False,394,92,4.282608695652174,2026-09-29 17:39:50
DOH-254345290273,Department of Health(DOH),doh,NGA,2025-07-22 16:24:00,Q3,School and Hospital Duty Purposes,SUCCESSFUL,successful,True,True,True,2025-07-24 13:43:00,1.888,2025-07-24 13:43:00,,2025-07-24 13:43:11,1.888,1,1,False,4071,100,40.71,2026-09-29 17:39:55
PNPDIDM-859089167281,Philippine National Police - Directorate for Investigation and Detective Management(PNPDIDM),pnpdidm,LEA,2025-07-22 22:08:00,Q3,Research and educational purposes,DENIED,unsuccessful,True,False,True,2025-09-02 19:55:00,41.908,2025-09-02 19:55:00,,2025-09-02 19:55:49,41.908,1,1,False,122,102,1.196078431372549,2026-09-29 17:39:57
SSS-055897050564,Social Security System(SSS),sss,GOCC,2025-07-23 21:10:00,Q3,For Visa application,SUCCESSFUL,successful,True,True,True,2025-07-30 10:31:00,6.556,2025-07-30 10:31:00,,2025-07-30 10:31:09,6.556,1,1,False,394,92,4.282608695652174,2026-09-29 17:39:59
PSA-591198763256,Philippine Statistics Authority(PSA),psa,NGA,2025-07-24 00:19:00,Q3,Undergraduate Thesis,PARTIALLY SUCCESSFUL,partially successful,True,True,True,2025-07-25 14:54:00,1.608,2025-07-25 14:54:00,,2025-07-25 14:54:27,1.608,1,1,False,4071,100,40.71,2026-09-29 17:40:01
DTI-703108694207,Department of Trade and Industry(DTI),dti,NGA,2025-07-24 08:25:00,Q3,Market Research,REFERRED,referred,False,False,False,,,,,,,0,1,False,4071,100,40.71,2026-09-29 17:40:03
DENRNWRB-636762888249,National Water Resources Board(DENRNWRB),denrnwrb,NGA,2025-07-24 14:25:00,Q3,Payment Reference,DENIED,unsuccessful,True,False,True,2025-07-28 09:31:00,3.796,2025-07-28 09:31:00,,2025-07-28 09:31:43,3.796,1,1,False,4071,100,40.71,2026-09-29 17:40:05
CGA-025687949290,"City of Antipolo, Region IV-A(CGA)",cga,LGU,2025-07-24 14:48:00,Q3,For college requirement,REFERRED,referred,False,False,False,,,,,,,0,1,False,71,71,1.0,2026-09-29 17:40:06
PFDA-400715714286,Philippine Fisheries Development Authority(PFDA),pfda,GOCC,2025-07-24 16:16:00,Q3,For undergraduate research and thesis,SUCCESSFUL,successful,True,True,True,2025-07-30 15:45:00,5.978,2025-08-06 10:08:00,2025-07-30 15:45:54,2025-08-06 10:08:49,12.745,2,1,False,394,92,4.282608695652174,2026-09-29 17:40:08
SSS-882439986061,Social Security System(SSS),sss,GOCC,2025-07-24 16:32:00,Q3,Purpose: Business analysis of payment trends and digital adoption in social insurance.,SUCCESSFUL,successful,True,True,True,2025-08-01 11:02:00,7.771,2025-08-01 11:02:00,,2025-08-01 11:02:41,7.771,1,2,False,394,92,4.282608695652174,2026-09-29 17:40:10
DENRLMB-230451391797,Land Management Bureau(DENRLMB),denrlmb,NGA,2025-07-25 05:01:00,Q3,Architectural Thesis,SUCCESSFUL,successful,True,True,True,2025-07-28 11:49:00,3.283,2025-08-15 16:27:00,2025-07-28 11:49:19,2025-08-15 16:27:37,21.477,2,1,False,4071,100,40.71,2026-09-29 17:40:12
BFAR-390137782079,Bureau of Fisheries and Aquatic Resources(BFAR),bfar,NGA,2025-07-25 08:57:00,Q3,Architectural Research Thesis,SUCCESSFUL,successful,True,True,True,2025-07-25 16:21:00,0.308,2025-08-04 11:15:00,2025-07-25 16:21:18,2025-08-04 11:15:51,10.096,2,1,False,4071,100,40.71,2026-09-29 17:40:14
DOLE-570151911416,Department of Labor and Employment(DOLE),dole,NGA,2025-07-25 14:56:00,Q3,For creating of Organization/union of COS/JO at University of Southern Mindanao,SUCCESSFUL,successful,True,True,True,2025-07-29 17:27:00,4.105,2025-07-29 17:27:00,,2025-07-29 17:27:09,4.105,1,1,False,4071,100,40.71,2026-09-29 17:40:16
PNP-844850324887,Philippine National Police(PNP),pnp,LEA,2025-07-25 18:54:00,Q3,Architectural Thesis,DENIED,unsuccessful,True,False,True,2025-07-25 20:53:00,0.083,2025-08-18 11:43:00,2025-07-25 20:53:49,2025-08-18 11:43:00,23.701,3,1,False,122,102,1.196078431372549,2026-09-29 17:40:19
PNP-790212964144,Philippine National Police(PNP),pnp,LEA,2025-07-25 19:05:00,Q3,Architectural Thesis,DENIED,unsuccessful,True,False,True,2025-07-25 20:54:00,0.076,2025-08-18 11:42:00,2025-07-25 20:54:40,2025-08-18 11:42:24,23.693,3,1,False,122,102,1.196078431372549,2026-09-29 17:40:21
PNP-566825573634,Philippine National Police(PNP),pnp,LEA,2025-07-25 19:11:00,Q3,"For academic research and development purposes, which involves analyzing crime trends in North Cotabato using data mining techniques.",SUCCESSFUL,successful,True,True,True,2025-07-25 20:56:00,0.073,2025-08-01 09:34:00,2025-07-25 20:56:59,2025-08-01 09:34:08,6.599,4,1,False,122,102,1.196078431372549,2026-09-29 17:40:23
PNP-998584055886,Philippine National Police(PNP),pnp,LEA,2025-07-25 20:52:00,Q3,Architectural Research,DENIED,unsuccessful,True,False,True,2025-07-25 20:58:00,0.004,2025-08-18 11:41:00,2025-07-25 20:58:02,2025-08-18 11:41:47,23.618,6,1,False,122,102,1.196078431372549,2026-09-29 17:40:25
USAP-225998835153,"City of Pasig, NCR(USAP)",usap,LGU,2025-07-26 13:38:00,Q3,For research,SUCCESSFUL,successful,True,True,True,2025-07-28 11:54:00,1.928,2025-08-06 12:06:00,2025-07-28 11:54:51,2025-08-06 12:06:31,10.936,2,1,False,71,71,1.0,2026-09-29 17:40:27
PNP-066380010744,Philippine National Police(PNP),pnp,LEA,2025-07-27 01:47:00,Q3,Architectural Thesis,SUCCESSFUL,successful,True,True,True,2025-07-28 15:07:00,1.556,2025-08-15 16:40:00,2025-07-28 15:07:05,2025-08-15 16:40:27,19.62,3,1,False,122,102,1.196078431372549,2026-09-29 17:40:29
DOH-282701169108,Department of Health(DOH),doh,NGA,2025-07-27 22:18:00,Q3,Research and Development,SUCCESSFUL,successful,True,True,True,2025-07-29 08:23:00,1.42,2025-07-29 08:23:00,,2025-07-29 08:23:06,1.42,1,1,False,4071,100,40.71,2026-09-29 17:40:31
TIEZA-341682938160,Tourism Infrastructure and Enterprise Zone Authority(TIEZA),tieza,GOCC,2025-07-28 10:16:00,Q3,For National Accounts,ACCEPTED,open,False,False,True,2025-07-28 11:51:00,0.066,2025-07-28 11:51:00,2025-07-28 11:51:19,,,1,1,False,394,92,4.282608695652174,2026-09-29 17:40:32
DOLE-794098416008,Department of Labor and Employment(DOLE),dole,NGA,2025-07-28 10:47:00,Q3,The purpose of this request is for academic research and socioeconomic analysis focused on CAVITE.,DENIED,unsuccessful,True,False,True,2025-07-28 18:08:00,0.306,2025-07-28 18:08:00,,2025-07-28 18:08:45,0.307,1,1,False,4071,100,40.71,2026-09-29 17:40:35
SRWD2-621686189362,Santa Rosa (N.E.) Water District(SRWD2),srwd2,WATER-DISTRICT,2025-07-28 11:09:00,Q3,Academic Research Study,SUCCESSFUL,successful,True,True,True,2025-07-29 08:28:00,0.888,2025-07-29 09:43:00,2025-07-29 08:28:12,2025-07-29 09:43:58,0.941,2,1,False,150,150,1.0,2026-09-29 17:40:37
DOH-973973572485,Department of Health(DOH),doh,NGA,2025-07-28 17:04:00,Q3,For research purposes,PARTIALLY SUCCESSFUL,partially successful,True,True,True,2025-07-29 09:40:00,0.692,2025-07-30 15:55:00,2025-07-29 09:40:24,2025-07-30 15:55:26,1.952,2,1,False,4071,100,40.71,2026-09-29 17:40:39
USAP-052160382313,"City of Pasig, NCR(USAP)",usap,LGU,2025-07-28 19:47:00,Q3,Research and Development,SUCCESSFUL,successful,True,True,True,2025-07-29 15:15:00,0.811,2025-09-24 09:23:00,2025-07-29 15:15:10,2025-09-24 09:23:49,57.567,4,2,False,71,71,1.0,2026-09-29 17:40:41
UPD-153028662600,University of the Philippines Diliman(UPD),upd,SUC,2025-07-28 21:05:00,Q3,Academic Research,DENIED,unsuccessful,True,False,True,2025-08-14 04:55:00,16.326,2025-08-14 04:55:00,,2025-08-14 04:55:24,16.327,1,1,False,94,82,1.146341463414634,2026-09-29 17:40:43
DOH-942847770932,Department of Health(DOH),doh,NGA,2025-07-29 13:05:00,Q3,"Laboratory rules and regulations, enforcement of checklists by Licensing bureau",SUCCESSFUL,successful,True,True,True,2025-07-29 17:10:00,0.17,2025-08-20 14:44:00,2025-07-29 17:10:29,2025-08-20 14:44:50,22.069,2,1,False,4071,100,40.71,2026-09-29 17:40:45
PGB-865369888559,Provincial Government of Bataan(PGB),pgb,LGU,2025-07-29 14:41:00,Q3,News research,SUCCESSFUL,successful,True,True,True,2026-07-30 16:49:00,366.089,2026-07-30 16:49:00,,2026-07-30 16:49:43,366.089,1,1,False,71,71,1.0,2026-09-29 17:40:47
PNP-827010752062,Philippine National Police(PNP),pnp,LEA,2025-07-29 18:18:00,Q3,Architectural Undergraduate Thesis,SUCCESSFUL,successful,True,True,True,2025-07-30 14:52:00,0.857,2025-09-03 15:28:00,2025-07-30 14:52:23,2025-09-03 15:28:03,35.882,6,1,False,122,102,1.196078431372549,2026-09-29 17:40:49
USAP-964045036139,"City of Pasig, NCR(USAP)",usap,LGU,2025-07-30 03:15:00,Q3,Architectural Undergraduate Thesis,PARTIALLY SUCCESSFUL,partially successful,True,True,True,2025-07-31 09:50:00,1.274,2025-08-22 15:57:00,2025-07-31 09:50:59,2025-08-22 15:57:57,23.53,3,1,False,71,71,1.0,2026-09-29 17:40:51
BATSU-865806946600,Batangas State University(BATSU),batsu,SUC,2025-07-30 09:24:00,Q3,Research purpose,SUCCESSFUL,successful,True,True,True,2025-07-30 11:58:00,0.107,2025-08-05 08:45:00,2025-07-30 11:58:36,2025-08-05 08:45:09,5.973,2,1,False,94,82,1.146341463414634,2026-09-29 17:40:53
BAYWD-589198748090,Bayawan Water District(BAYWD),baywd,WATER-DISTRICT,2025-07-30 13:45:00,Q3,For research,SUCCESSFUL,successful,True,True,True,2025-08-01 16:14:00,2.103,2025-08-01 16:21:00,,2025-08-01 16:21:13,2.108,2,1,False,150,150,1.0,2026-09-29 17:40:54
PNP-192804767008,Philippine National Police(PNP),pnp,LEA,2025-07-30 17:05:00,Q3,"Public Awareness, Report/News Article",SUCCESSFUL,successful,True,True,True,2025-08-01 10:40:00,1.733,2025-08-21 11:06:00,2025-08-01 10:40:32,2025-08-21 11:06:23,21.751,5,3,False,122,102,1.196078431372549,2026-09-29 17:40:56
PNP-764992401382,Philippine National Police(PNP),pnp,LEA,2025-07-30 20:17:00,Q3,Research and Development for my Dissertation Paper,SUCCESSFUL,successful,True,True,True,2025-08-01 10:41:00,1.6,2025-08-28 11:49:00,2025-08-01 10:41:25,2025-08-28 11:49:28,28.648,4,1,False,122,102,1.196078431372549,2026-09-29 17:40:58
DepEd-792941376776,Department of Education(DepEd),deped,NGA,2025-07-31 15:34:00,Q3,Enrollment,DENIED,unsuccessful,True,False,True,2025-08-04 08:50:00,3.719,2025-08-04 08:50:00,,2025-08-04 08:50:57,3.72,1,1,False,4071,100,40.71,2026-09-29 17:41:14
PPMC-734939338750,Poro Point Management Corporation(PPMC),ppmc,GOCC,2025-07-31 16:53:00,Q3,Estimation of Provincial Product Accounts,SUCCESSFUL,successful,True,True,True,2025-08-01 10:46:00,0.745,2025-08-13 09:04:00,2025-08-01 10:50:06,2025-08-13 09:04:49,12.675,5,4,False,394,92,4.282608695652174,2026-09-29 17:41:16
BULSU-537289616773,Bulacan State University(BULSU),bulsu,SUC,2025-07-31 21:05:00,Q3,Academic Research,SUCCESSFUL,successful,True,True,True,2025-08-01 11:21:00,0.594,2025-08-01 11:21:00,,2025-08-01 11:21:11,0.595,1,1,False,94,82,1.146341463414634,2026-09-29 17:41:18
DOH-255914057568,Department of Health(DOH),doh,NGA,2025-08-01 00:55:00,Q3,Hospital Duty,SUCCESSFUL,successful,True,True,True,2025-08-01 15:57:00,0.626,2025-08-01 15:57:00,,2025-08-01 15:57:35,0.627,1,1,False,4071,100,40.71,2026-09-29 17:41:20
DOH-239569659823,Department of Health(DOH),doh,NGA,2025-08-01 10:43:00,Q3,Architectural Thesis,SUCCESSFUL,successful,True,True,True,2025-08-01 13:19:00,0.108,2025-08-12 17:55:00,2025-08-01 13:19:17,2025-08-12 17:55:22,11.3,2,1,False,4071,100,40.71,2026-09-29 17:41:22
NEA-620269891960,National Electrification Administration(NEA),nea,GOCC,2025-08-01 10:54:00,Q3,Research and development,SUCCESSFUL,successful,True,True,True,2025-08-04 09:21:00,2.935,2025-08-12 14:34:00,2025-08-04 09:21:15,2025-08-12 14:34:49,11.153,3,1,False,394,92,4.282608695652174,2026-09-29 17:41:25
PNP-586881434119,Philippine National Police(PNP),pnp,LEA,2025-08-01 11:20:00,Q3,Academic Research / Thesis Project,SUCCESSFUL,successful,True,True,True,2025-08-05 15:16:00,4.164,2025-08-13 12:07:00,2025-08-05 15:16:01,2025-08-13 12:07:41,12.033,3,2,False,122,102,1.196078431372549,2026-09-29 17:41:27
USEP-501607223617,University of Southeastern Philippines(USEP),usep,SUC,2025-08-01 12:16:00,Q3,Reference for adoption of Best Practice,SUCCESSFUL,successful,True,True,True,2025-08-01 14:03:00,0.074,2025-08-04 09:59:00,2025-08-01 14:03:46,2025-08-04 09:59:37,2.905,3,1,False,94,82,1.146341463414634,2026-09-29 17:41:28
TUP-849297139358,Technological University of the Philippines(TUP),tup,SUC,2025-08-01 21:06:00,Q3,Requirements for Employment,DENIED,unsuccessful,True,False,True,2026-02-16 23:02:00,199.081,2026-02-16 23:02:00,,2026-02-16 23:02:04,199.081,1,1,False,94,82,1.146341463414634,2026-09-29 17:41:30
DENRLMB-188230708338,Land Management Bureau(DENRLMB),denrlmb,NGA,2025-08-02 01:24:00,Q3,Academic Research,SUCCESSFUL,successful,True,True,True,2025-08-05 09:38:00,3.343,2025-08-15 16:56:00,2025-08-05 09:38:26,2025-08-15 16:56:40,13.648,2,1,False,4071,100,40.71,2026-09-29 17:41:32
DENRLMB-458494009407,Land Management Bureau(DENRLMB),denrlmb,NGA,2025-08-02 01:28:00,Q3,Academic Research,SUCCESSFUL,successful,True,True,True,2025-08-05 09:42:00,3.343,2025-08-15 17:22:00,2025-08-05 09:42:55,2025-08-15 17:22:10,13.663,2,1,False,4071,100,40.71,2026-09-29 17:41:34
RTU-255908540721,Rizal Technological University(RTU),rtu,SUC,2025-08-02 08:16:00,Q3,For educational purposes only.,PROCESSING,open,False,False,True,2025-08-04 11:58:00,2.154,2025-08-04 11:58:00,2025-08-04 11:58:29,,,1,1,False,94,82,1.146341463414634,2026-09-29 17:41:36
SSS-694064790186,Social Security System(SSS),sss,GOCC,2025-08-02 12:54:00,Q3,Pre-employment Requirement,SUCCESSFUL,successful,True,True,True,2025-08-05 08:48:00,2.829,2025-08-05 08:49:00,,2025-08-05 08:49:22,2.83,2,1,False,394,92,4.282608695652174,2026-09-29 17:41:38
NCCA-267672923733,National Commission for Culture and the Arts(NCCA),ncca,NGA,2025-08-02 15:44:00,Q3,Undergraduate Thesis Purposes,PENDING,open,False,False,False,,,,,,,0,1,False,4071,100,40.71,2026-09-29 17:41:54
CGA-123506627105,"City of Antipolo, Region IV-A(CGA)",cga,LGU,2025-08-03 00:47:00,Q3,Research and Development,SUCCESSFUL,successful,True,True,True,2025-09-25 08:52:00,53.337,2025-09-25 08:52:00,,2025-09-25 08:52:04,53.337,1,1,False,71,71,1.0,2026-09-29 17:41:56
USAP-256222147822,"City of Pasig, NCR(USAP)",usap,LGU,2025-08-04 00:13:00,Q3,RESEARCH ON MY PROJECTS,SUCCESSFUL,successful,True,True,True,2025-08-04 14:08:00,0.58,2025-08-04 14:16:00,2025-08-04 14:08:51,2025-08-04 14:16:04,0.585,3,1,False,71,71,1.0,2026-09-29 17:41:58
TSU-926388617899,Tarlac State University(TSU),tsu,SUC,2025-08-04 10:43:00,Q3,As reference for best practices in PPE reconciliation.,PARTIALLY SUCCESSFUL,partially successful,True,True,True,2025-08-05 07:41:00,0.874,2025-08-05 07:41:00,,2025-08-05 07:41:00,0.874,1,1,False,94,82,1.146341463414634,2026-09-29 17:41:59
FDCP-693196025763,Film Development Council of the Philippines(FDCP),fdcp,NGA,2025-08-04 15:37:00,Q3,Thesis writing,PARTIALLY SUCCESSFUL,partially successful,True,True,True,2025-08-27 08:29:00,22.703,2025-08-27 09:11:00,2025-08-27 08:29:02,2025-08-27 09:11:32,22.732,3,1,False,4071,100,40.71,2026-09-29 17:42:02
BI-853678146270,Bureau of Immigration(BI),bi,NGA,2025-08-04 16:45:00,Q3,Filing a civil case,DENIED,unsuccessful,True,False,True,2025-08-05 09:11:00,0.685,2025-11-20 16:30:00,2025-08-05 09:11:36,2025-11-20 16:30:49,107.99,3,1,False,4071,100,40.71,2026-09-29 17:42:04
RTU-919603211817,Rizal Technological University(RTU),rtu,SUC,2025-08-04 17:57:00,Q3,Architectural Thesis,SUCCESSFUL,successful,True,True,True,2025-08-05 09:06:00,0.631,2025-08-05 09:06:00,,2025-08-05 09:06:20,0.631,1,1,False,94,82,1.146341463414634,2026-09-29 17:42:05
PGI-132266870703,Provincial Government of Isabela(PGI),pgi,LGU,2025-08-04 19:37:00,Q3,For Capstone Design Project,SUCCESSFUL,successful,True,True,True,2025-08-07 14:23:00,2.782,2025-08-07 15:44:00,2025-08-07 14:23:57,2025-08-07 15:44:00,2.838,4,1,False,71,71,1.0,2026-09-29 17:42:07
NKTI-545137185086,National Kidney and Transplant Institute(NKTI),nkti,GOCC,2025-08-05 10:01:00,Q3,BS Architecture 5th year undergraduate capstone,PARTIALLY SUCCESSFUL,partially successful,True,True,True,2025-08-05 18:18:00,0.345,2025-08-05 18:18:00,,2025-08-05 18:18:04,0.345,1,1,False,394,92,4.282608695652174,2026-09-29 17:42:09
ERC-974541631421,Energy Regulatory Commission(ERC),erc,NGA,2025-08-05 13:18:00,Q3,Research and Development,CLOSED,unsuccessful,True,False,True,2025-08-05 13:58:00,0.028,2025-08-05 13:58:00,2025-08-05 13:58:11,,,1,1,False,4071,100,40.71,2026-09-29 17:42:11
DOTr-528681213172,Department of Transportation(DOTr),dotr,NGA,2025-08-05 13:50:00,Q3,Research and Development,PARTIALLY SUCCESSFUL,partially successful,True,True,True,2025-08-11 08:58:00,5.797,2025-08-14 14:27:00,2025-08-11 08:58:08,2025-08-14 14:27:35,9.026,2,2,False,4071,100,40.71,2026-09-29 17:42:13
LCP-072903655012,Lung Center of the Philippines(LCP),lcp,GOCC,2025-08-05 13:53:00,Q3,5th years BS architecture Undergraduate Capstone,SUCCESSFUL,successful,True,True,True,2026-02-19 13:31:00,197.985,2026-02-19 13:31:00,,2026-02-19 13:31:53,197.985,1,1,False,394,92,4.282608695652174,2026-09-29 17:42:15
UPPGH-776218658244,University of the Philippines - Philippine General Hospital(UPPGH),uppgh,SUC,2025-08-05 13:56:00,Q3,5th yr BS Architecture Undergraduate Capstone,CLOSED,unsuccessful,True,False,True,2025-08-05 14:30:00,0.024,2025-08-05 14:30:00,2025-08-05 14:30:58,,,1,1,False,94,82,1.146341463414634,2026-09-29 17:42:17
BI-456214861381,Bureau of Immigration(BI),bi,NGA,2025-08-05 15:15:00,Q3,Research and Development,SUCCESSFUL,successful,True,True,True,2025-08-09 12:14:00,3.874,2026-01-22 12:59:00,2025-08-09 12:14:44,2026-01-22 12:59:20,169.906,3,2,False,4071,100,40.71,2026-09-29 17:42:19
BU-229598222219,Bicol University(BU),bu,SUC,2025-08-05 18:28:00,Q3,"Document required in enrolling to Graduate School-MBA at University of Saint Anthony, Iriga City",DENIED,unsuccessful,True,False,True,2025-08-06 16:05:00,0.901,2025-08-06 16:05:00,,2025-08-06 16:05:45,0.901,1,1,False,94,82,1.146341463414634,2026-09-29 17:42:21
PH-081107042330,PhilHealth(PH),ph,GOCC,2025-08-05 22:24:00,Q3,Research for my Capstone,SUCCESSFUL,successful,True,True,True,2025-08-06 11:05:00,0.528,2025-10-10 13:30:00,2025-08-06 11:05:37,2025-10-10 13:30:31,65.63,2,1,False,394,92,4.282608695652174,2026-09-29 17:42:23
USAP-624580191471,"City of Pasig, NCR(USAP)",usap,LGU,2025-08-06 13:30:00,Q3,Undergraduate Thesis,SUCCESSFUL,successful,True,True,True,2025-08-07 15:49:00,1.097,2025-08-13 14:28:00,2025-08-07 15:49:05,2025-08-13 14:28:52,7.041,3,1,False,71,71,1.0,2026-09-29 17:42:25
DDNSC-446117975986,Davao Del Norte State College(DDNSC),ddnsc,SUC,2025-08-06 15:33:00,Q3,Academic Research,ACCEPTED,open,False,False,True,2025-08-08 09:55:00,1.765,2025-08-08 09:55:00,2025-08-08 09:55:54,,,1,1,False,94,82,1.146341463414634,2026-09-29 17:42:28
USAP-516288788566,"City of Pasig, NCR(USAP)",usap,LGU,2025-08-06 17:00:00,Q3,1. Assessing real healthcare demand in Pasig city 2. Identifying critical service gaps 3. Informing evidence-based design strategies,PARTIALLY SUCCESSFUL,partially successful,True,True,True,2025-08-13 14:26:00,6.893,2025-08-13 14:26:00,,2025-08-13 14:26:27,6.893,1,1,False,71,71,1.0,2026-09-29 17:42:29
BPSU-536397605270,Bataan Peninsula State University(BPSU),bpsu,SUC,2025-08-06 19:10:00,Q3,Thesis Research,SUCCESSFUL,successful,True,True,True,2025-09-09 16:41:00,33.897,2025-09-09 16:41:00,,2025-09-09 16:41:32,33.897,1,1,False,94,82,1.146341463414634,2026-09-29 17:42:31
CLSU-415716021641,Central Luzon State University(CLSU),clsu,SUC,2025-08-06 23:22:00,Q3,Employment Purposes / Verification,SUCCESSFUL,successful,True,True,True,2025-08-07 15:54:00,0.689,2025-08-08 18:33:00,2025-08-07 15:54:34,2025-08-08 18:33:32,1.8,3,1,False,94,82,1.146341463414634,2026-09-29 17:42:33
CGA-874607974375,"City of Antipolo, Region IV-A(CGA)",cga,LGU,2025-08-07 13:14:00,Q3,Thesis Research,SUCCESSFUL,successful,True,True,True,2025-10-14 10:15:00,67.876,2025-10-14 10:15:00,,2025-10-14 10:15:36,67.876,1,1,False,71,71,1.0,2026-09-29 17:42:34
PNP-542939775049,Philippine National Police(PNP),pnp,LEA,2025-08-07 21:47:00,Q3,Architecture research,SUCCESSFUL,successful,True,True,True,2025-08-09 21:29:00,1.988,2025-08-22 09:10:00,2025-08-09 21:29:55,2025-08-22 09:10:23,14.475,3,1,False,122,102,1.196078431372549,2026-09-29 17:42:37
DENRLMB-107972315425,Land Management Bureau(DENRLMB),denrlmb,NGA,2025-08-08 09:57:00,Q3,Environmental Impact Assessment,SUCCESSFUL,successful,True,True,True,2025-08-12 08:58:00,3.959,2025-08-22 13:08:00,2025-08-12 08:58:10,2025-08-22 13:08:48,14.133,2,1,False,4071,100,40.71,2026-09-29 17:42:38
DOH-844009145491,Department of Health(DOH),doh,NGA,2025-08-08 21:05:00,Q3,thesis purposes,SUCCESSFUL,successful,True,True,True,2025-08-11 15:32:00,2.769,2025-08-28 14:23:00,2025-08-11 15:32:09,2025-08-28 14:23:21,19.721,2,1,False,4071,100,40.71,2026-09-29 17:42:41
TAU-354873347750,Tarlac Agricultural University(TAU),tau,SUC,2025-08-09 13:35:00,Q3,Thesis purposes only,SUCCESSFUL,successful,True,True,True,2026-03-11 09:12:00,213.817,2026-03-11 09:12:00,,2026-03-11 09:12:56,213.818,1,1,False,94,82,1.146341463414634,2026-09-29 17:42:43
TAU-046365416468,Tarlac Agricultural University(TAU),tau,SUC,2025-08-09 13:38:00,Q3,Thesis purposes,SUCCESSFUL,successful,True,True,True,2026-03-11 09:07:00,213.812,2026-03-11 09:07:00,,2026-03-11 09:07:18,213.812,1,1,False,94,82,1.146341463414634,2026-09-29 17:42:44
TAU-550970055974,Tarlac Agricultural University(TAU),tau,SUC,2025-08-09 13:43:00,Q3,Thesis purposes,SUCCESSFUL,successful,True,True,True,2026-03-11 09:05:00,213.807,2026-03-11 09:05:00,,2026-03-11 09:05:22,213.807,1,1,False,94,82,1.146341463414634,2026-09-29 17:42:46
TAU-932435630923,Tarlac Agricultural University(TAU),tau,SUC,2025-08-09 14:16:00,Q3,Thesis purposes,SUCCESSFUL,successful,True,True,True,2026-03-11 09:02:00,213.782,2026-03-11 09:02:00,,2026-03-11 09:02:25,213.782,1,1,False,94,82,1.146341463414634,2026-09-29 17:42:48
AMLCS-513530008763,Anti-Money Laundering Council(AMLCS),amlcs,NGA,2025-08-09 16:54:00,Q3,COL Financing Application,CLOSED,unsuccessful,True,False,True,2025-08-11 09:13:00,1.68,2025-08-11 09:13:00,2025-08-11 09:13:19,,,1,1,False,4071,100,40.71,2026-09-29 17:42:50
NLP-138201362536,National Library of the Philippines(NLP),nlp,NGA,2025-08-09 18:39:00,Q3,The requested information will be used solely for academic research and development planning in support of the proposed public library.,SUCCESSFUL,successful,True,True,True,2025-08-11 07:01:00,1.515,2025-08-11 10:02:00,2025-08-11 07:01:17,2025-08-11 10:02:06,1.641,2,1,False,4071,100,40.71,2026-09-29 17:42:52
PNP-370818462195,Philippine National Police(PNP),pnp,LEA,2025-08-09 19:37:00,Q3,Thesis Research Data,SUCCESSFUL,successful,True,True,True,2025-08-09 21:31:00,0.079,2025-08-15 16:34:00,2025-08-09 21:31:41,2025-08-15 16:34:08,5.873,3,1,False,122,102,1.196078431372549,2026-09-29 17:42:54
BAI-421772711092,Bureau of Animal Industry(BAI),bai,NGA,2025-08-10 14:44:00,Q3,Architectural Thesis,PENDING,open,False,False,False,,,,,,,0,1,False,4071,100,40.71,2026-09-29 17:42:56
MarSU-220158635664,MARINDUQUE STATE UNIVERSITY(MarSU),msc,SUC,2025-08-10 14:53:00,Q3,research and study,SUCCESSFUL,successful,True,True,True,2025-08-13 17:59:00,3.129,2025-08-18 22:52:00,2025-08-13 17:59:42,2025-08-18 22:52:48,8.333,2,1,False,94,82,1.146341463414634,2026-09-29 17:42:58
LEGAZPI-530573430789,"City of Legazpi, Region V(LEGAZPI)",legazpi,LGU,2025-08-10 16:56:00,Q3,Architectural Research,PENDING,open,False,False,False,,,,,,,0,1,False,71,71,1.0,2026-09-29 17:43:15
LEGAZPI-994476497357,"City of Legazpi, Region V(LEGAZPI)",legazpi,LGU,2025-08-10 17:00:00,Q3,Architectural Research,PENDING,open,False,False,False,,,,,,,0,1,False,71,71,1.0,2026-09-29 17:43:17
SBMA-725182291882,Subic Bay Metropolitan Authority(SBMA),sbma,GOCC,2025-08-11 04:10:00,Q3,Architecture thesis,SUCCESSFUL,successful,True,True,True,2025-09-02 13:41:00,22.397,2025-09-02 13:41:00,,2025-09-02 13:41:04,22.397,1,1,False,394,92,4.282608695652174,2026-09-29 17:43:19
PNPDRD-962072004786,Philippine National Police - Directorate for Research and Development(PNPDRD),pnpdrd,LEA,2025-08-11 16:38:00,Q3,Thesis Research,DENIED,unsuccessful,True,False,True,2025-09-02 14:29:00,21.91,2025-09-02 14:29:00,,2025-09-02 14:29:53,21.911,1,2,False,122,102,1.196078431372549,2026-09-29 17:43:21
CAAP-232323616580,Civil Aviation Authority of the Philippines(CAAP),caap,GOCC,2025-08-11 18:42:00,Q3,Architecture Thesis,SUCCESSFUL,successful,True,True,True,2025-08-13 10:31:00,1.659,2025-08-13 10:31:00,,2025-08-13 10:31:15,1.659,1,1,False,394,92,4.282608695652174,2026-09-29 17:43:24
MarSU-359236214286,MARINDUQUE STATE UNIVERSITY(MarSU),msc,SUC,2025-08-11 21:36:00,Q3,Architectural Thesis,SUCCESSFUL,successful,True,True,True,2025-08-13 19:30:00,1.912,2025-08-20 18:05:00,2025-08-13 19:30:27,2025-08-20 18:05:33,8.854,2,1,False,94,82,1.146341463414634,2026-09-29 17:43:25
SBC-892859474660,Small Business Corporation(SBC),sbc,GOCC,2025-08-12 07:49:00,Q3,For research and academic purposes,SUCCESSFUL,successful,True,True,True,2025-08-12 15:47:00,0.332,2025-10-15 15:43:00,2025-08-12 15:47:12,2025-10-15 15:43:50,64.33,2,2,False,394,92,4.282608695652174,2026-09-29 17:43:27
DOT-170121012243,Department of Tourism(DOT),dot,NGA,2025-08-12 10:49:00,Q3,Capstone Research,CLOSED,unsuccessful,True,False,True,2025-08-12 11:03:00,0.01,2025-08-12 11:08:00,2025-08-12 11:03:10,,,2,1,False,4071,100,40.71,2026-09-29 17:43:29
NHA-330177075292,National Housing Authority(NHA),nha,GOCC,2025-08-12 14:16:00,Q3,Architectural Thesis,SUCCESSFUL,successful,True,True,True,2025-08-12 15:42:00,0.06,2025-08-20 08:45:00,2025-08-12 15:42:02,2025-08-20 08:45:26,7.77,2,1,False,394,92,4.282608695652174,2026-09-29 17:43:31
CAAP-298356545025,Civil Aviation Authority of the Philippines(CAAP),caap,GOCC,2025-08-12 14:30:00,Q3,Thesis/Academic Purpose Only,SUCCESSFUL,successful,True,True,True,2025-08-13 10:43:00,0.842,2025-08-13 10:43:00,,2025-08-13 10:43:15,0.843,1,1,False,394,92,4.282608695652174,2026-09-29 17:43:33
CDA-571248980133,Cooperative Development Authority(CDA),cda,NGA,2025-08-12 15:24:00,Q3,Research and development,PARTIALLY SUCCESSFUL,partially successful,True,True,True,2025-08-15 15:19:00,2.997,2025-08-15 15:19:00,,2025-08-15 15:19:18,2.997,1,1,False,4071,100,40.71,2026-09-29 17:43:35
SSS-839190033248,Social Security System(SSS),sss,GOCC,2025-08-12 15:33:00,Q3,SSS Account Recovery,DENIED,unsuccessful,True,False,True,2025-08-28 14:32:00,15.958,2025-08-28 14:32:00,,2025-08-28 14:32:46,15.958,1,1,False,394,92,4.282608695652174,2026-09-29 17:43:37
BCDA-431490745706,Bases Conversion and Development Authority(BCDA),bcda,GOCC,2025-08-12 17:02:00,Q3,Architecture Thesis,CLOSED,unsuccessful,True,False,True,2025-08-13 09:31:00,0.687,2025-08-13 09:31:00,2025-08-13 09:31:16,,,1,1,False,394,92,4.282608695652174,2026-09-29 17:43:38
DOT-505097787565,Department of Tourism(DOT),dot,NGA,2025-08-12 17:06:00,Q3,Architecture Thesis,PARTIALLY SUCCESSFUL,partially successful,True,True,True,2025-08-13 13:05:00,0.833,2025-09-08 12:56:00,2025-08-13 13:05:04,2025-09-08 12:56:26,26.827,4,2,False,4071,100,40.71,2026-09-29 17:43:40
SSC-872408714836,Siquijor State College(SSC),ssc,SUC,2025-08-12 17:29:00,Q3,for Thesis,SUCCESSFUL,successful,True,True,True,2025-08-27 16:03:00,14.94,2025-08-27 16:03:00,,2025-08-27 16:03:52,14.941,1,1,False,94,82,1.146341463414634,2026-09-29 17:43:42
DENRLMB-062019171332,Land Management Bureau(DENRLMB),denrlmb,NGA,2025-08-12 18:41:00,Q3,For Upcoming Commercial Construction Project,SUCCESSFUL,successful,True,True,True,2025-08-15 19:06:00,3.017,2025-09-18 10:25:00,2025-08-15 19:06:48,2025-09-18 10:25:17,36.656,2,1,False,4071,100,40.71,2026-09-29 17:43:43
PNP-844405772032,Philippine National Police(PNP),pnp,LEA,2025-08-13 00:11:00,Q3,This will be used to support my title proposal for my thesis.,SUCCESSFUL,successful,True,True,True,2025-08-14 09:53:00,1.404,2025-08-28 10:26:00,2025-08-14 09:53:46,2025-08-28 10:26:05,15.427,6,3,False,122,102,1.196078431372549,2026-09-29 17:43:45
PNP-599427292364,Philippine National Police(PNP),pnp,LEA,2025-08-13 00:24:00,Q3,This will be used for case studies and planning.,SUCCESSFUL,successful,True,True,True,2025-08-14 09:54:00,1.396,2025-08-27 09:18:00,2025-08-14 09:54:39,2025-08-27 09:18:41,14.371,6,1,False,122,102,1.196078431372549,2026-09-29 17:43:47
DDB-589786130107,Dangerous Drugs Board(DDB),ddb,NGA,2025-08-13 07:52:00,Q3,Update for DDE Training Module for Physicians (project with DOH),SUCCESSFUL,successful,True,True,True,2025-08-21 20:36:00,8.531,2025-08-21 20:36:00,,2025-08-21 20:36:25,8.531,1,1,False,4071,100,40.71,2026-09-29 17:43:49
PNP-723352923700,Philippine National Police(PNP),pnp,LEA,2025-08-13 08:21:00,Q3,This will be used to provide case studies for my Architectural Research.,DENIED,unsuccessful,True,False,True,2025-08-14 09:55:00,1.065,2025-08-20 11:59:00,2025-08-14 09:55:13,2025-08-18 13:10:21,5.201,4,2,False,122,102,1.196078431372549,2026-09-29 17:43:51
PNP-376770520813,Philippine National Police(PNP),pnp,LEA,2025-08-13 10:36:00,Q3,Architectural Thesis,SUCCESSFUL,successful,True,True,True,2025-08-14 09:56:00,0.972,2025-08-28 09:34:00,2025-08-14 09:56:04,2025-08-28 09:34:55,14.958,6,4,False,122,102,1.196078431372549,2026-09-29 17:43:53
PH-662605527946,PhilHealth(PH),ph,GOCC,2025-08-13 15:56:00,Q3,Research Development and Communication,SUCCESSFUL,successful,True,True,True,2025-08-15 14:02:00,1.921,2025-08-18 11:02:00,2025-08-15 14:02:02,2025-08-18 11:02:58,4.797,2,1,False,394,92,4.282608695652174,2026-09-29 17:43:55
MarSU-336088593476,MARINDUQUE STATE UNIVERSITY(MarSU),msc,SUC,2025-08-13 16:16:00,Q3,Architectural Thesis,SUCCESSFUL,successful,True,True,True,2025-08-13 19:37:00,0.14,2025-08-20 21:15:00,2025-08-13 19:37:25,2025-08-20 21:15:52,7.208,2,2,False,94,82,1.146341463414634,2026-09-29 17:43:58
CCP-247469566578,Cultural Center of the Philippines(CCP),ccp,GOCC,2025-08-14 01:23:00,Q3,Thesis Writing,SUCCESSFUL,successful,True,True,True,2025-08-15 10:08:00,1.365,2025-08-15 10:08:00,,2025-08-15 10:08:04,1.365,1,2,False,394,92,4.282608695652174,2026-09-29 17:43:59
PNP-022231326090,Philippine National Police(PNP),pnp,LEA,2025-08-14 09:26:00,Q3,"Research and Development, Communication",SUCCESSFUL,successful,True,True,True,2025-08-14 09:59:00,0.023,2025-12-26 11:42:00,2025-08-14 09:59:48,2025-12-26 11:42:40,134.095,5,1,False,122,102,1.196078431372549,2026-09-29 17:44:01
BFP-456582749701,Bureau of Fire Protection(BFP),bfp,NGA,2025-08-14 09:29:00,Q3,"Research and Development, Communication",SUCCESSFUL,successful,True,True,True,2025-08-26 10:08:00,12.027,2025-09-08 10:52:00,2025-08-26 10:08:04,2025-09-08 10:52:34,25.058,2,1,False,4071,100,40.71,2026-09-29 17:44:03
PHC-362227586536,Philippine Heart Center(PHC),phc,GOCC,2025-08-14 09:32:00,Q3,Research and development. The data will be used in computational modelling VSD for public health policy,SUCCESSFUL,successful,True,True,True,2025-09-02 16:05:00,19.273,2025-09-04 15:10:00,,2025-09-04 15:10:17,21.235,3,1,False,394,92,4.282608695652174,2026-09-29 17:44:06
BLWD-752440596444,Balanga Water District(BLWD),blwd,WATER-DISTRICT,2025-08-14 16:06:00,Q3,Research and Development,SUCCESSFUL,successful,True,True,True,2025-08-14 16:30:00,0.017,2025-08-14 16:30:00,,2025-08-14 16:30:02,0.017,1,1,False,150,150,1.0,2026-09-29 17:44:07
PNP-100209775834,Philippine National Police(PNP),pnp,LEA,2025-08-14 19:22:00,Q3,Data Gathering for Architectural Thesis,SUCCESSFUL,successful,True,True,True,2025-08-15 10:51:00,0.645,2025-08-19 11:01:00,2025-08-15 10:51:24,2025-08-19 11:01:05,4.652,7,1,False,122,102,1.196078431372549,2026-09-29 17:44:09
NORSU-472688361074,Negros Oriental State University(NORSU),norsu,SUC,2025-08-14 21:06:00,Q3,Research purposes,DENIED,unsuccessful,True,False,True,2026-03-03 15:11:00,200.753,2026-03-03 15:11:00,,2026-03-03 15:11:51,200.754,1,1,False,94,82,1.146341463414634,2026-09-29 17:44:11
USAP-875320754147,"City of Pasig, NCR(USAP)",usap,LGU,2025-08-14 21:07:00,Q3,Academic Purposes (For Architectural Thesis),SUCCESSFUL,successful,True,True,True,2025-08-22 10:07:00,7.542,2025-08-22 15:39:00,2025-08-22 10:07:47,2025-08-22 15:39:41,7.773,2,1,False,71,71,1.0,2026-09-29 17:44:14
PNP-114149120269,Philippine National Police(PNP),pnp,LEA,2025-08-14 22:08:00,Q3,Thesis Research,SUCCESSFUL,successful,True,True,True,2025-08-15 10:52:00,0.531,2025-08-26 15:28:00,2025-08-15 10:52:49,2025-08-26 15:28:36,11.723,3,1,False,122,102,1.196078431372549,2026-09-29 17:44:16
PPA-048909068907,Philippine Ports Authority(PPA),ppa,GOCC,2025-08-15 10:31:00,Q3,Thesis Project,SUCCESSFUL,successful,True,True,True,2025-08-15 17:23:00,0.286,2025-08-15 17:23:00,,2025-08-15 17:23:20,0.286,1,1,False,394,92,4.282608695652174,2026-09-29 17:44:18
USAP-756576220631,"City of Pasig, NCR(USAP)",usap,LGU,2025-08-15 12:50:00,Q3,Academic purposes (for Architectural Thesis),SUCCESSFUL,successful,True,True,True,2025-08-22 10:09:00,6.888,2025-11-19 10:40:00,2025-08-22 10:09:53,2025-11-19 10:40:16,95.91,3,1,False,71,71,1.0,2026-09-29 17:44:19
PNPDO-182294747418,Philippine National Police - Directorate for Operations(PNPDO),pnpdo,LEA,2025-08-15 13:46:00,Q3,Architectural Capstone,CLOSED,unsuccessful,True,False,True,2026-01-05 11:52:00,142.921,2026-01-05 11:52:00,2026-01-05 11:52:57,,,1,1,False,122,102,1.196078431372549,2026-09-29 17:44:21
DOLE-816545167501,Department of Labor and Employment(DOLE),dole,NGA,2025-08-15 18:26:00,Q3,SSS Unemplyment Benefit Claim,CLOSED,unsuccessful,True,False,True,2025-11-28 11:10:00,104.697,2025-11-28 11:10:00,2025-11-28 11:10:25,,,1,1,False,4071,100,40.71,2026-09-29 17:44:23
PNP-989771388670,Philippine National Police(PNP),pnp,LEA,2025-08-15 19:06:00,Q3,Upang magampanan niya ang pagiging isang ama at pagiging isang lingkod bayan,SUCCESSFUL,successful,True,True,True,2025-08-16 19:37:00,1.022,2025-08-19 13:10:00,2025-08-16 19:37:31,2025-08-19 13:10:50,3.753,3,1,False,122,102,1.196078431372549,2026-09-29 17:44:25
CDC-964748475847,Clark Development Corporation(CDC),cdc,GOCC,2025-08-15 23:58:00,Q3,Architecture Thesis,SUCCESSFUL,successful,True,True,True,2025-08-18 11:46:00,2.492,2025-09-03 14:11:00,2025-08-18 11:46:57,2025-09-03 14:11:26,18.593,3,1,False,394,92,4.282608695652174,2026-09-29 17:44:27
PNP-110512915150,Philippine National Police(PNP),pnp,LEA,2025-08-16 01:14:00,Q3,Thesis Data Research,SUCCESSFUL,successful,True,True,True,2025-08-16 19:38:00,0.767,2025-08-27 11:48:00,2025-08-16 19:38:35,2025-08-27 11:48:28,11.441,3,1,False,122,102,1.196078431372549,2026-09-29 17:44:29
PNP-881251306004,Philippine National Police(PNP),pnp,LEA,2025-08-16 02:18:00,Q3,Supporting data for my Architectural Thesis,SUCCESSFUL,successful,True,True,True,2025-08-16 19:39:00,0.723,2025-08-27 17:13:00,2025-08-16 19:39:13,2025-08-27 17:13:23,11.622,3,3,False,122,102,1.196078431372549,2026-09-29 17:44:31
PH-382222232319,PhilHealth(PH),ph,GOCC,2025-08-16 09:57:00,Q3,Archittectural Thesis,CLOSED,unsuccessful,True,False,True,2025-08-19 10:59:00,3.043,2026-01-20 15:20:00,2025-08-19 10:59:29,,,2,1,False,394,92,4.282608695652174,2026-09-29 17:44:34
NEA-097636590918,National Electrification Administration(NEA),nea,GOCC,2025-08-16 10:56:00,Q3,Research and analysis,SUCCESSFUL,successful,True,True,True,2025-08-18 09:07:00,1.924,2025-08-22 10:32:00,2025-08-18 09:07:15,2025-08-22 10:32:30,5.984,3,2,False,394,92,4.282608695652174,2026-09-29 17:44:35
DOH-062478992088,Department of Health(DOH),doh,NGA,2025-08-16 16:46:00,Q3,Architectural Thesis,SUCCESSFUL,successful,True,True,True,2025-08-19 10:58:00,2.758,2025-09-08 15:48:00,2025-08-19 10:58:45,2025-09-08 15:48:40,22.96,3,3,False,4071,100,40.71,2026-09-29 17:44:38
PGLU-259122549036,"Province of La Union, Region I(PGLU)",pglu,LGU,2025-08-16 16:54:00,Q3,Architectural Thesis,PENDING,open,False,False,False,,,,,,,0,1,False,71,71,1.0,2026-09-29 17:44:40
PNP-034810195776,Philippine National Police(PNP),pnp,LEA,2025-08-18 09:21:00,Q3,Urgent to stop the modus,DENIED,unsuccessful,True,False,True,2025-08-18 09:41:00,0.014,2025-08-18 09:58:00,2025-08-18 09:41:07,2025-08-18 09:58:52,0.026,2,2,False,122,102,1.196078431372549,2026-09-29 17:44:43
PSA-915561745899,Philippine Statistics Authority(PSA),psa,NGA,2025-08-18 11:19:00,Q3,Undergraduate thesis purposes,PARTIALLY SUCCESSFUL,partially successful,True,True,True,2025-08-18 11:33:00,0.01,2025-08-18 11:33:00,,2025-08-18 11:33:46,0.01,1,2,False,4071,100,40.71,2026-09-29 17:44:44
UP-317545545859,University of the Philippines System(UP),up,SUC,2025-08-18 12:23:00,Q3,Architectural Thesis,SUCCESSFUL,successful,True,True,True,2025-08-20 17:58:00,2.233,2025-09-11 10:23:00,2025-08-20 17:58:31,2025-09-11 10:23:36,23.917,5,6,False,94,82,1.146341463414634,2026-09-29 17:44:46
PGLU-037352367541,"Province of La Union, Region I(PGLU)",pglu,LGU,2025-08-18 15:12:00,Q3,"The purpose of this request is for my academic research on my proposal, the public library in the City of San Fernando, and the municipalities of La Union.",PENDING,open,False,False,False,,,,,,,0,1,False,71,71,1.0,2026-09-29 17:44:48
PSA-526831298470,Philippine Statistics Authority(PSA),psa,NGA,2025-08-18 17:59:00,Q3,Academic research for machine learning project on dengue prediction,PARTIALLY SUCCESSFUL,partially successful,True,True,True,2025-08-20 09:32:00,1.648,2025-08-20 09:32:00,,2025-08-20 09:32:41,1.648,1,1,False,4071,100,40.71,2026-09-29 17:44:50
PFDA-794818502797,Philippine Fisheries Development Authority(PFDA),pfda,GOCC,2025-08-18 18:10:00,Q3,Architectural Thesis,PARTIALLY SUCCESSFUL,partially successful,True,True,True,2025-08-20 08:18:00,1.589,2025-09-02 16:54:00,2025-08-20 08:18:43,2025-09-02 16:54:42,14.948,2,2,False,394,92,4.282608695652174,2026-09-29 17:44:52
UPV-660604550566,University of the Philippines Visayas(UPV),upv,SUC,2025-08-18 20:50:00,Q3,Architectural Thesis,PROCESSING,open,False,False,True,2025-09-05 10:27:00,17.567,2025-10-02 15:22:00,2025-09-05 10:32:25,,,3,1,False,94,82,1.146341463414634,2026-09-29 17:44:53
DepEd-290582221949,Department of Education(DepEd),deped,NGA,2025-08-19 11:19:00,Q3,Prospective Enrollees of a new program to be developed.,CLOSED,unsuccessful,True,False,True,2025-08-19 11:28:00,0.006,2025-08-19 11:29:00,2025-08-19 11:28:37,,,2,1,False,4071,100,40.71,2026-09-29 17:44:56
DOH-504845258293,Department of Health(DOH),doh,NGA,2025-08-19 11:32:00,Q3,School requirement,SUCCESSFUL,successful,True,True,True,2025-08-19 14:48:00,0.136,2025-08-19 14:48:00,,2025-08-19 14:48:46,0.137,1,1,False,4071,100,40.71,2026-09-29 17:44:58
USAP-776266639473,"City of Pasig, NCR(USAP)",usap,LGU,2025-08-19 11:38:00,Q3,academic research,SUCCESSFUL,successful,True,True,True,2025-08-22 10:14:00,2.942,2025-09-24 09:18:00,2025-08-22 10:14:51,2025-09-24 09:18:21,35.903,3,1,False,71,71,1.0,2026-09-29 17:45:00
PEZA-571429402980,Philippine Economic Zone Authority(PEZA),peza,GOCC,2025-08-19 13:32:00,Q3,Research article,PENDING,open,False,False,False,,,,,,,0,1,False,394,92,4.282608695652174,2026-09-29 17:45:02
MWSS-005799363904,Metropolitan Waterworks and Sewerage System Regulatory Office(MWSS),mwss,GOCC,2025-08-19 16:21:00,Q3,Research and development,SUCCESSFUL,successful,True,True,True,2025-08-20 14:01:00,0.903,2025-09-04 16:49:00,2025-08-20 14:01:32,2025-09-04 16:49:19,16.02,3,1,False,394,92,4.282608695652174,2026-09-29 17:45:04
PNPDRD-573835545406,Philippine National Police - Directorate for Research and Development(PNPDRD),pnpdrd,LEA,2025-08-19 20:19:00,Q3,Architectural Design Capstone Requirements,DENIED,unsuccessful,True,False,True,2025-09-02 14:29:00,13.757,2025-09-02 14:29:00,,2025-09-02 14:29:25,13.757,1,1,False,122,102,1.196078431372549,2026-09-29 17:45:06
USAP-667896770193,"City of Pasig, NCR(USAP)",usap,LGU,2025-08-19 20:26:00,Q3,Architectural Capstone Design Requirements,SUCCESSFUL,successful,True,True,True,2025-08-22 10:15:00,2.576,2025-08-22 10:22:00,2025-08-22 10:15:32,2025-08-22 10:22:25,2.581,2,1,False,71,71,1.0,2026-09-29 17:45:08
DENRLLDA-451149359304,Laguna Lake Development Authority(DENRLLDA),denrllda,GOCC,2025-08-20 01:22:00,Q3,Research and Development,CLOSED,unsuccessful,True,False,True,2025-08-28 08:46:00,8.308,2025-09-04 14:11:00,2025-08-28 08:46:31,,,2,2,False,394,92,4.282608695652174,2026-09-29 17:45:11
PNP-770420182715,Philippine National Police(PNP),pnp,LEA,2025-08-20 09:42:00,Q3,Architectural Thesis,SUCCESSFUL,successful,True,True,True,2025-08-20 10:09:00,0.019,2025-08-26 10:16:00,2025-08-20 10:09:29,2025-08-26 10:16:12,6.024,3,1,False,122,102,1.196078431372549,2026-09-29 17:45:13
PNP-292503390008,Philippine National Police(PNP),pnp,LEA,2025-08-20 09:48:00,Q3,Architectural Thesis,SUCCESSFUL,successful,True,True,True,2025-08-20 10:10:00,0.015,2025-08-27 08:14:00,2025-08-20 10:10:13,2025-08-27 08:14:02,6.935,3,1,False,122,102,1.196078431372549,2026-09-29 17:45:15
NORSU-993748496349,Negros Oriental State University(NORSU),norsu,SUC,2025-08-20 14:08:00,Q3,Research purposes,SUCCESSFUL,successful,True,True,True,2026-03-03 15:18:00,195.049,2026-03-03 15:18:00,,2026-03-03 15:18:42,195.049,1,1,False,94,82,1.146341463414634,2026-09-29 17:45:17
CCP-681721982572,Cultural Center of the Philippines(CCP),ccp,GOCC,2025-08-20 14:12:00,Q3,Educational Purposes,SUCCESSFUL,successful,True,True,True,2025-08-20 15:42:00,0.062,2025-08-20 15:42:00,,2025-08-20 15:42:12,0.063,1,1,False,394,92,4.282608695652174,2026-09-29 17:45:20
BATSU-399268481924,Batangas State University(BATSU),batsu,SUC,2025-08-20 14:14:00,Q3,To update Library Attendance system and Library System (for borrowing library resources).,SUCCESSFUL,successful,True,True,True,2025-08-22 07:15:00,1.709,2025-08-22 08:44:00,2025-08-22 07:15:56,2025-08-22 08:44:01,1.771,2,1,False,94,82,1.146341463414634,2026-09-29 17:45:21
DOLE-881613992273,Department of Labor and Employment(DOLE),dole,NGA,2025-08-20 15:38:00,Q3,For SSS Unemployment Assistance,DENIED,unsuccessful,True,False,True,2025-08-28 14:44:00,7.962,2025-08-28 14:44:00,,2025-08-28 14:44:28,7.963,1,1,False,4071,100,40.71,2026-09-29 17:45:24
USAP-316398319414,"City of Pasig, NCR(USAP)",usap,LGU,2025-08-20 16:34:00,Q3,Capstone Thesis,SUCCESSFUL,successful,True,True,True,2025-08-22 10:23:00,1.742,2025-10-15 09:54:00,2025-08-22 10:23:29,2025-10-15 09:54:13,55.722,3,1,False,71,71,1.0,2026-09-29 17:45:26
BPI-916658357801,Bureau of Plant Industry(BPI),bpi,NGA,2025-08-20 17:23:00,Q3,Undergraduate Thesis,SUCCESSFUL,successful,True,True,True,2025-09-09 14:27:00,19.878,2025-09-09 14:27:00,,2025-09-09 14:27:34,19.878,1,2,False,4071,100,40.71,2026-09-29 17:45:28
CCP-383730888734,Cultural Center of the Philippines(CCP),ccp,GOCC,2025-08-20 17:43:00,Q3,Educational Purposes,SUCCESSFUL,successful,True,True,True,2025-08-22 10:11:00,1.686,2025-08-22 10:11:00,,2025-08-22 10:11:29,1.686,1,1,False,394,92,4.282608695652174,2026-09-29 17:45:30
TANWD-579590709020,Tanauan Water District(TANWD),tanwd,WATER-DISTRICT,2025-08-20 18:21:00,Q3,Requirement work abroad,PENDING,open,False,False,False,,,,,,,0,1,False,150,150,1.0,2026-09-29 17:45:32
GSIS-286599669213,Government Service Insurance System(GSIS),gsis,GOCC,2025-08-21 00:24:00,Q3,Thesis Purposes (Data Gathering Plan),SUCCESSFUL,successful,True,True,True,2025-09-02 10:51:00,12.435,2025-09-02 10:51:00,,2025-09-02 10:51:13,12.436,1,1,False,394,92,4.282608695652174,2026-09-29 17:45:34
SSS-739449537880,Social Security System(SSS),sss,GOCC,2025-08-21 00:28:00,Q3,Thesis Purposes (Data Gathering Plan),SUCCESSFUL,successful,True,True,True,2025-09-03 08:14:00,13.324,2025-09-03 08:14:00,,2025-09-03 08:14:42,13.324,1,1,False,394,92,4.282608695652174,2026-09-29 17:45:35
DOE-768435161759,Department of Energy(DOE),doe,NGA,2025-08-21 06:29:00,Q3,For research and development,SUCCESSFUL,successful,True,True,True,2025-08-22 09:01:00,1.106,2025-09-09 13:33:00,2025-08-22 09:01:33,2025-09-09 13:33:39,19.295,2,1,False,4071,100,40.71,2026-09-29 17:45:37
USAP-347704510075,"City of Pasig, NCR(USAP)",usap,LGU,2025-08-21 15:16:00,Q3,Academic Research and thesis requirements in BS Architecture,PARTIALLY SUCCESSFUL,partially successful,True,True,True,2025-08-22 10:26:00,0.799,2025-09-08 09:53:00,2025-08-22 10:26:14,2025-09-08 09:53:25,17.776,3,1,False,71,71,1.0,2026-09-29 17:45:39
CHED-087039888334,Commission on Higher Education(CHED),ched,NGA,2025-08-22 03:11:00,Q3,Research and development,SUCCESSFUL,successful,True,True,True,2025-08-22 09:34:00,0.266,2025-09-05 13:19:00,2025-08-22 09:34:50,2025-09-05 13:19:23,14.422,2,1,False,4071,100,40.71,2026-09-29 17:45:40
TSU-968471406559,Tarlac State University(TSU),tsu,SUC,2025-08-22 09:46:00,Q3,Architectural Thesis,REFERRED,referred,False,False,False,,,,,,,0,1,False,94,82,1.146341463414634,2026-09-29 17:45:42
TAU-117367205019,Tarlac Agricultural University(TAU),tau,SUC,2025-08-22 09:57:00,Q3,Architectural Thesis.,SUCCESSFUL,successful,True,True,True,2026-03-11 09:00:00,200.96,2026-03-11 09:00:00,,2026-03-11 09:00:47,200.961,1,1,False,94,82,1.146341463414634,2026-09-29 17:45:44
NKTI-894268866536,National Kidney and Transplant Institute(NKTI),nkti,GOCC,2025-08-22 10:06:00,Q3,BS Arch Capstone,PARTIALLY SUCCESSFUL,partially successful,True,True,True,2025-08-22 10:48:00,0.029,2025-08-22 10:48:00,,2025-08-22 10:48:30,0.03,1,1,False,394,92,4.282608695652174,2026-09-29 17:45:46
DOLE-730529287912,Department of Labor and Employment(DOLE),dole,NGA,2025-08-22 14:19:00,Q3,For my personal record and reference,SUCCESSFUL,successful,True,True,True,2025-08-22 16:06:00,0.074,2025-08-22 16:06:00,,2025-08-22 16:06:17,0.075,1,1,False,4071,100,40.71,2026-09-29 17:45:48
PHRA-325453053236,Philippine Retirement Authority(PHRA),phra,GOCC,2025-08-22 16:59:00,Q3,Architectural Thesis,PARTIALLY SUCCESSFUL,partially successful,True,True,True,2025-09-04 19:18:00,13.097,2025-09-04 19:18:00,,2025-09-04 19:18:08,13.097,1,1,False,394,92,4.282608695652174,2026-09-29 17:45:50
PNP-570502644220,Philippine National Police(PNP),pnp,LEA,2025-08-23 05:56:00,Q3,Research Paper,CLOSED,unsuccessful,True,False,True,2025-08-23 08:24:00,0.103,2025-08-29 08:09:00,2025-08-23 08:24:51,,,2,1,False,122,102,1.196078431372549,2026-09-29 17:45:52
DOH-374301041619,Department of Health(DOH),doh,NGA,2025-08-23 07:25:00,Q3,For thesis validity,SUCCESSFUL,successful,True,True,True,2025-08-27 11:14:00,4.159,2025-09-18 17:25:00,2025-08-27 11:14:17,2025-09-18 17:25:51,26.417,2,1,False,4071,100,40.71,2026-09-29 17:45:54
BU-181827512739,Bicol University(BU),bu,SUC,2025-08-23 12:29:00,Q3,FOR EMPLOYMENT PURPOSE,DENIED,unsuccessful,True,False,True,2025-08-28 09:43:00,4.885,2025-08-28 09:43:00,,2025-08-28 09:43:16,4.885,1,1,False,94,82,1.146341463414634,2026-09-29 17:45:56
CGA-797302111175,"City of Antipolo, Region IV-A(CGA)",cga,LGU,2025-08-23 12:37:00,Q3,Architectural Design 9 Thesis,PENDING,open,False,False,False,,,,,,,0,1,False,71,71,1.0,2026-09-29 17:45:59
DOH-013461684323,Department of Health(DOH),doh,NGA,2025-08-23 13:47:00,Q3,For Architectural Capstone,PARTIALLY SUCCESSFUL,partially successful,True,True,True,2025-08-27 12:00:00,3.926,2025-09-02 17:44:00,2025-08-27 12:00:16,2025-09-02 17:44:55,10.165,2,1,False,4071,100,40.71,2026-09-29 17:46:01
PNP-119540450122,Philippine National Police(PNP),pnp,LEA,2025-08-23 16:58:00,Q3,Academic Reference of Organizational Set-up,SUCCESSFUL,successful,True,True,True,2025-08-23 17:09:00,0.008,2025-12-11 16:28:00,2025-08-23 17:09:15,2025-12-11 16:28:44,109.98,6,1,False,122,102,1.196078431372549,2026-09-29 17:46:02
PNP-189290547891,Philippine National Police(PNP),pnp,LEA,2025-08-23 20:36:00,Q3,For research purposes of graduating students of Saint Vincent College of Cabuyao,SUCCESSFUL,successful,True,True,True,2025-08-23 20:39:00,0.002,2025-09-15 15:05:00,2025-08-23 20:39:31,2025-09-15 15:05:33,22.771,3,1,False,122,102,1.196078431372549,2026-09-29 17:46:04
MIWD-439468814354,Metro Iloilo Water District(MIWD),miwd,WATER-DISTRICT,2025-08-23 21:45:00,Q3,Thesis/ Research,SUCCESSFUL,successful,True,True,True,2025-09-15 10:17:00,22.522,2025-09-25 15:58:00,,2025-09-25 15:58:08,32.759,3,1,False,150,150,1.0,2026-09-29 17:46:06
PNP-380942494121,Philippine National Police(PNP),pnp,LEA,2025-08-24 06:57:00,Q3,Thesis undergraduate reserach,SUCCESSFUL,successful,True,True,True,2025-08-24 09:54:00,0.123,2025-09-04 08:51:00,2025-08-24 09:54:21,2025-09-04 08:51:23,11.079,3,1,False,122,102,1.196078431372549,2026-09-29 17:46:08
PNP-745882111049,Philippine National Police(PNP),pnp,LEA,2025-08-24 15:40:00,Q3,Architectural Thesis,SUCCESSFUL,successful,True,True,True,2025-08-24 16:58:00,0.054,2025-08-29 12:55:00,2025-08-24 16:58:36,2025-08-29 12:55:02,4.885,3,1,False,122,102,1.196078431372549,2026-09-29 17:46:10
TAU-785570259731,Tarlac Agricultural University(TAU),tau,SUC,2025-08-24 18:56:00,Q3,Architectural Thesis,SUCCESSFUL,successful,True,True,True,2026-03-11 08:59:00,198.585,2026-03-11 08:59:00,,2026-03-11 08:59:41,198.586,1,2,False,94,82,1.146341463414634,2026-09-29 17:46:13
DOH-553428062905,Department of Health(DOH),doh,NGA,2025-08-24 21:46:00,Q3,Architectural Thesis Writing,CLOSED,unsuccessful,True,False,True,2025-08-27 14:35:00,2.701,2026-01-22 17:43:00,2026-01-22 17:43:14,,,3,1,False,4071,100,40.71,2026-09-29 17:46:15
CGA-830657677747,"City of Antipolo, Region IV-A(CGA)",cga,LGU,2025-08-24 22:26:00,Q3,"Research, Thesis",SUCCESSFUL,successful,True,True,True,2025-10-14 10:14:00,50.492,2025-10-14 10:14:00,,2025-10-14 10:14:38,50.492,1,1,False,71,71,1.0,2026-09-29 17:46:16
CGA-942791064932,"City of Antipolo, Region IV-A(CGA)",cga,LGU,2025-08-24 22:28:00,Q3,"Research, Thesis",SUCCESSFUL,successful,True,True,True,2026-07-08 09:22:00,317.454,2026-07-08 09:22:00,,2026-07-08 09:22:17,317.454,1,1,False,71,71,1.0,2026-09-29 17:46:18
OCD-372965099292,Office of Civil Defense(OCD),ocd,NGA,2025-08-24 23:57:00,Q3,Research and Policy Development,CLOSED,unsuccessful,True,False,True,2025-09-23 10:20:00,29.433,2025-09-23 10:20:00,2025-09-23 10:20:21,,,1,1,False,4071,100,40.71,2026-09-29 17:46:20
DSWD-152950162821,Department of Social Welfare and Development(DSWD),dswd,NGA,2025-08-25 06:33:00,Q3,"This request is intended for my Architectural Undergraduate Thesis Writing, thank you!",DENIED,unsuccessful,True,False,True,2025-08-27 08:12:00,2.069,2025-08-27 08:12:00,,2025-08-27 08:12:17,2.069,1,1,False,4071,100,40.71,2026-09-29 17:46:23
PNP-028754251266,Philippine National Police(PNP),pnp,LEA,2025-08-26 08:49:00,Q3,For use for Situational Analysis Report study for the Consultancy Services for the Preparation of the Regional Tourism Development Plan for the National Capital Region; Project of Department of Tourism and TIEZA,SUCCESSFUL,successful,True,True,True,2025-08-26 09:34:00,0.031,2025-09-09 16:21:00,2025-08-26 09:34:17,2025-09-09 16:21:31,14.314,3,1,False,122,102,1.196078431372549,2026-09-29 17:46:25
PCSO-574533828519,Philippine Charity Sweepstakes Office(PCSO),pcso,GOCC,2025-08-26 09:09:00,Q3,REQUEST:FOR FINANCIAL ASSISTANCE,REFERRED,referred,False,False,False,,,,,,,0,2,False,394,92,4.282608695652174,2026-09-29 17:46:27
PNPDRD-225957753307,Philippine National Police - Directorate for Research and Development(PNPDRD),pnpdrd,LEA,2025-08-26 10:11:00,Q3,Research and Development,DENIED,unsuccessful,True,False,True,2025-09-02 14:27:00,7.178,2025-09-02 14:27:00,,2025-09-02 14:27:35,7.178,1,1,False,122,102,1.196078431372549,2026-09-29 17:46:29
PNP-001587935695,Philippine National Police(PNP),pnp,LEA,2025-08-26 10:15:00,Q3,For Feasibility Study,SUCCESSFUL,successful,True,True,True,2025-08-27 10:42:00,1.019,2025-09-18 12:36:00,2025-08-27 10:42:19,2025-09-18 12:36:35,23.098,4,2,False,122,102,1.196078431372549,2026-09-29 17:46:31
BULSU-958792073411,Bulacan State University(BULSU),bulsu,SUC,2025-08-26 13:20:00,Q3,Visa Application,SUCCESSFUL,successful,True,True,True,2025-08-28 08:51:00,1.813,2025-08-28 09:40:00,2025-08-28 08:51:36,2025-08-28 09:40:22,1.847,2,1,False,94,82,1.146341463414634,2026-09-29 17:46:34
DTI-016499427350,Department of Trade and Industry(DTI),dti,NGA,2025-08-26 15:25:00,Q3,Environmental Study - Report,SUCCESSFUL,successful,True,True,True,2025-08-27 15:41:00,1.011,2025-09-10 08:10:00,2025-08-27 15:41:39,2025-09-10 08:10:00,14.698,2,1,False,4071,100,40.71,2026-09-29 17:46:36
UPM-211820879281,University of the Philippines Manila(UPM),upm,SUC,2025-08-26 19:47:00,Q3,Architectural Research - To ensure that my research remains original and does not duplicate your plans.,SUCCESSFUL,successful,True,True,True,2025-08-27 08:16:00,0.52,2025-08-28 11:50:00,2025-08-27 08:16:00,2025-08-28 11:50:04,1.669,2,1,False,94,82,1.146341463414634,2026-09-29 17:46:37
PNP-652676734256,Philippine National Police(PNP),pnp,LEA,2025-08-26 21:16:00,Q3,Architectural Thesis,SUCCESSFUL,successful,True,True,True,2025-08-27 10:43:00,0.56,2025-09-05 17:19:00,2025-08-27 10:43:00,2025-09-05 17:19:15,9.836,3,2,False,122,102,1.196078431372549,2026-09-29 17:46:39
USEP-299317158469,University of Southeastern Philippines(USEP),usep,SUC,2025-08-27 08:13:00,Q3,Attachment and Evidence for the 2025 Library Manual and AACCUP Accreditation supporting document.,SUCCESSFUL,successful,True,True,True,2025-08-27 08:37:00,0.017,2025-09-09 13:29:00,2025-08-27 08:37:43,2025-09-09 13:29:49,13.22,2,1,False,94,82,1.146341463414634,2026-09-29 17:46:41
PPA-060158576812,Philippine Ports Authority(PPA),ppa,GOCC,2025-08-27 09:22:00,Q3,Research and Development of Harbor Star Shipping,SUCCESSFUL,successful,True,True,True,2025-09-09 15:06:00,13.239,2025-09-09 15:06:00,,2025-09-09 15:06:33,13.239,1,1,False,394,92,4.282608695652174,2026-09-29 17:46:43
MCIAA-534464974439,Mactan-Cebu International Airport Authority(MCIAA),mciaa,GOCC,2025-08-27 10:46:00,Q3,"This information is needed for research and solution development as part of the CEB-i Hacks innovation challenge, which aims to develop AI-powered solutions to improve tourism experiences and optimize airport operations at MCIA. The data will help in: - Understanding current operational challenges - Developing evidence-based solutions - Creating realistic impact projections - Supporting the innovation goals of the hackathon program RESEARCH CONTEXT: I am participating in the CEB-i Hacks program as a student researcher focusing on airport operational efficiency. This FOI request supports the program's objective of encouraging student-led innovation to enhance MCIA's operations and passenger experience.",SUCCESSFUL,successful,True,True,True,2025-08-27 11:05:00,0.013,2025-09-17 09:50:00,2025-08-27 11:06:44,2025-09-17 09:50:15,20.961,3,1,False,394,92,4.282608695652174,2026-09-29 17:46:45
PSA-222153092134,Philippine Statistics Authority(PSA),psa,NGA,2025-08-27 11:02:00,Q3,Follow Up National I.D,PARTIALLY SUCCESSFUL,partially successful,True,True,True,2025-08-27 15:48:00,0.199,2025-08-27 15:48:00,,2025-08-27 15:48:41,0.199,1,1,False,4071,100,40.71,2026-09-29 17:46:47
DPWH-465944413407,Department of Public Works and Highways(DPWH),dpwh,NGA,2025-08-27 11:18:00,Q3,Capstone Design Project,PROCESSING,open,False,False,True,2025-08-28 13:27:00,1.09,2025-08-28 13:27:00,2025-08-28 13:27:01,,,1,3,False,4071,100,40.71,2026-09-29 17:46:49
USAP-616225212056,"City of Pasig, NCR(USAP)",usap,LGU,2025-08-27 11:51:00,Q3,Thesis Research,SUCCESSFUL,successful,True,True,True,2025-09-01 16:47:00,5.206,2025-09-08 09:48:00,2025-09-01 16:47:02,2025-09-08 09:48:31,11.915,3,1,False,71,71,1.0,2026-09-29 17:46:51
UPLB-444749894971,University of the Philippines Los Banos(UPLB),uplb,SUC,2025-08-27 12:32:00,Q3,Thesis Study,ACCEPTED,open,False,False,True,2025-09-02 20:17:00,6.323,2025-09-10 13:52:00,2025-09-02 20:17:54,,,2,2,False,94,82,1.146341463414634,2026-09-29 17:46:53
USAP-184134590760,"City of Pasig, NCR(USAP)",usap,LGU,2025-08-27 13:31:00,Q3,Thesis Research,SUCCESSFUL,successful,True,True,True,2025-09-01 16:48:00,5.137,2025-09-04 17:58:00,2025-09-01 16:48:16,2025-09-04 17:58:18,8.186,3,1,False,71,71,1.0,2026-09-29 17:46:54
LBP-603749103664,Land Bank of the Philippines(LBP),lbp,GOCC,2025-08-27 22:04:00,Q3,"To clarify and document the final proceeds, bond, and payment history of the late Clemente Amar's land for heirs' recordkeeping.",DENIED,unsuccessful,True,False,True,2025-08-28 11:50:00,0.574,2025-08-28 11:50:00,,2025-08-28 11:50:43,0.574,1,1,False,394,92,4.282608695652174,2026-09-29 17:46:56
PNP-333333409098,Philippine National Police(PNP),pnp,LEA,2025-08-27 23:05:00,Q3,Academic and Research purposes,SUCCESSFUL,successful,True,True,True,2025-08-28 12:54:00,0.576,2025-09-12 11:34:00,2025-08-28 12:54:57,2025-09-12 11:34:51,15.521,2,1,False,122,102,1.196078431372549,2026-09-29 17:46:57
BCDA-118646172650,Bases Conversion and Development Authority(BCDA),bcda,GOCC,2025-08-28 09:04:00,Q3,Undergraduate Thesis,REFERRED,referred,False,False,False,,,,,,,0,1,False,394,92,4.282608695652174,2026-09-29 17:46:59
DOT-858993865026,Department of Tourism(DOT),dot,NGA,2025-08-28 09:37:00,Q3,Environmental Study - Research,CLOSED,unsuccessful,True,False,True,2025-09-02 11:56:00,5.097,2025-09-02 11:56:00,2025-09-02 11:56:27,,,1,1,False,4071,100,40.71,2026-09-29 17:47:16
PNP-621111051750,Philippine National Police(PNP),pnp,LEA,2025-08-28 14:30:00,Q3,Thesis Study,SUCCESSFUL,successful,True,True,True,2025-08-28 14:47:00,0.012,2025-10-13 14:30:00,2025-08-28 14:47:14,2025-10-13 14:30:56,46.001,5,2,False,122,102,1.196078431372549,2026-09-29 17:47:18
USAP-725199585861,"City of Pasig, NCR(USAP)",usap,LGU,2025-08-28 17:14:00,Q3,For undergraduate study related to the performance of the PCS Program throughout the years.,SUCCESSFUL,successful,True,True,True,2025-09-01 16:58:00,3.989,2025-09-24 09:22:00,2025-09-01 16:58:22,2025-09-24 09:22:02,26.672,3,1,False,71,71,1.0,2026-09-29 17:47:21
PNPDRD-271214953130,Philippine National Police - Directorate for Research and Development(PNPDRD),pnpdrd,LEA,2025-08-28 18:16:00,Q3,Academic Research,DENIED,unsuccessful,True,False,True,2025-09-02 14:26:00,4.84,2025-09-02 14:26:00,,2025-09-02 14:26:11,4.84,1,1,False,122,102,1.196078431372549,2026-09-29 17:47:23
DOLE-410558190488,Department of Labor and Employment(DOLE),dole,NGA,2025-08-28 18:41:00,Q3,For Architectural Thesis,ACCEPTED,open,False,False,True,2025-09-02 09:31:00,4.618,2025-09-02 09:31:00,2025-09-02 09:31:48,,,1,1,False,4071,100,40.71,2026-09-29 17:47:24
NHA-594894261231,National Housing Authority(NHA),nha,GOCC,2025-08-29 00:53:00,Q3,Research and Development,SUCCESSFUL,successful,True,True,True,2025-09-02 19:12:00,4.763,2025-09-11 19:31:00,2025-09-02 19:12:28,2025-09-11 19:31:40,13.777,2,1,False,394,92,4.282608695652174,2026-09-29 17:47:26
PNPDIDM-029661992219,Philippine National Police - Directorate for Investigation and Detective Management(PNPDIDM),pnpdidm,LEA,2025-08-29 02:31:00,Q3,architectural design,DENIED,unsuccessful,True,False,True,2025-09-02 19:56:00,4.726,2025-09-02 19:56:00,,2025-09-02 19:56:15,4.726,1,1,False,122,102,1.196078431372549,2026-09-29 17:47:28
PNP-009610939119,Philippine National Police(PNP),pnp,LEA,2025-08-29 17:37:00,Q3,Employment,CLOSED,unsuccessful,True,False,True,2025-08-30 07:10:00,0.565,2025-09-11 14:38:00,2025-08-30 07:10:06,,,3,1,False,122,102,1.196078431372549,2026-09-29 17:47:31
PNP-640626212184,Philippine National Police(PNP),pnp,LEA,2025-08-29 19:13:00,Q3,For Thesis,SUCCESSFUL,successful,True,True,True,2025-08-30 07:10:00,0.498,2025-09-04 08:28:00,2025-08-30 07:10:48,2025-09-04 08:28:36,5.552,3,1,False,122,102,1.196078431372549,2026-09-29 17:47:33
PNP-311034379995,Philippine National Police(PNP),pnp,LEA,2025-08-30 00:49:00,Q3,Thesis Design 9 Capstone,SUCCESSFUL,successful,True,True,True,2025-08-30 07:11:00,0.265,2025-09-04 10:41:00,2025-08-30 07:11:41,2025-09-04 10:41:20,5.411,3,2,False,122,102,1.196078431372549,2026-09-29 17:47:35
PPA-828956535496,Philippine Ports Authority(PPA),ppa,GOCC,2025-08-30 10:54:00,Q3,Undergraduate Thesis,SUCCESSFUL,successful,True,True,True,2025-09-15 19:18:00,16.35,2025-09-15 19:18:00,,2025-09-15 19:18:27,16.35,1,1,False,394,92,4.282608695652174,2026-09-29 17:47:37
USAP-478006102235,"City of Pasig, NCR(USAP)",usap,LGU,2025-08-30 14:58:00,Q3,Special Problem/Thesis Purposes,PARTIALLY SUCCESSFUL,partially successful,True,True,True,2025-09-01 17:05:00,2.088,2025-10-15 10:31:00,2025-09-01 17:05:03,2025-10-15 10:31:22,45.815,4,2,False,71,71,1.0,2026-09-29 17:47:40
PNPDIDM-890829581673,Philippine National Police - Directorate for Investigation and Detective Management(PNPDIDM),pnpdidm,LEA,2025-08-31 01:47:00,Q3,Architectural Capstone,DENIED,unsuccessful,True,False,True,2025-09-02 19:56:00,2.756,2025-09-02 19:56:00,,2025-09-02 19:56:43,2.757,1,1,False,122,102,1.196078431372549,2026-09-29 17:47:41
PNP-412838563472,Philippine National Police(PNP),pnp,LEA,2025-08-31 04:48:00,Q3,Undergraduate Thesis,CLOSED,unsuccessful,True,False,True,2025-08-31 08:18:00,0.146,2025-09-01 15:27:00,2025-08-31 08:18:51,,,2,1,False,122,102,1.196078431372549,2026-09-29 17:47:44
PNP-601556471975,Philippine National Police(PNP),pnp,LEA,2025-08-31 10:31:00,Q3,Thesis Supporting Data,DENIED,unsuccessful,True,False,True,2025-09-01 05:03:00,0.772,2025-09-04 12:17:00,2025-09-01 05:03:59,2025-09-04 12:17:24,4.074,4,1,False,122,102,1.196078431372549,2026-09-29 17:47:46
MGPT-834781922880,"Municipality of Paniqui, Tarlac, Region III(MGPT)",mgpt,LGU,2025-09-01 00:14:00,Q3,Undergraduate Thesis,PENDING,open,False,False,False,,,,,,,0,1,False,71,71,1.0,2026-09-29 17:47:48
PNP-938405120617,Philippine National Police(PNP),pnp,LEA,2025-09-01 00:20:00,Q3,Undergraduate Thesis,SUCCESSFUL,successful,True,True,True,2025-09-01 05:05:00,0.198,2025-09-08 07:42:00,2025-09-01 05:05:02,2025-09-08 07:42:20,7.307,3,1,False,122,102,1.196078431372549,2026-09-29 17:47:50
USAP-934085461796,"City of Pasig, NCR(USAP)",usap,LGU,2025-09-01 01:25:00,Q3,Research and Academic Purposes,SUCCESSFUL,successful,True,True,True,2025-09-02 10:15:00,1.368,2025-10-27 15:05:00,2025-09-02 10:15:25,2025-10-27 15:05:07,56.57,4,1,False,71,71,1.0,2026-09-29 17:47:52
PNP-424011396534,Philippine National Police(PNP),pnp,LEA,2025-09-01 09:45:00,Q3,Architectural Thesis,SUCCESSFUL,successful,True,True,True,2025-09-02 09:27:00,0.988,2025-09-11 06:48:00,2025-09-02 09:27:57,2025-09-11 06:48:58,9.878,3,1,False,122,102,1.196078431372549,2026-09-29 17:47:54
LEGAZPI-743781612624,"City of Legazpi, Region V(LEGAZPI)",legazpi,LGU,2025-09-01 11:14:00,Q3,"Architectural and Academic Research about Legazpi City, Albay",PENDING,open,False,False,False,,,,,,,0,1,False,71,71,1.0,2026-09-29 17:47:56
PNP-987498297692,Philippine National Police(PNP),pnp,LEA,2025-09-01 16:47:00,Q3,Research and Development,SUCCESSFUL,successful,True,True,True,2025-09-02 09:28:00,0.695,2025-10-09 13:39:00,2025-09-02 09:28:55,2025-10-09 13:39:52,37.87,3,3,False,122,102,1.196078431372549,2026-09-29 17:47:57
DPWH-947332501158,Department of Public Works and Highways(DPWH),dpwh,NGA,2025-09-01 19:09:00,Q3,"The requested data will be used solely for our academic design project, specifically for the proposed slope protection design along Marikina-Infanta Highway, Real, Quezon",CLOSED,unsuccessful,True,False,True,2025-09-02 09:06:00,0.581,2025-09-02 09:06:00,2025-09-02 09:06:06,,,1,1,False,4071,100,40.71,2026-09-29 17:47:59
UPPGH-172377940731,University of the Philippines - Philippine General Hospital(UPPGH),uppgh,SUC,2025-09-02 08:41:00,Q3,Architectural Thesis,DENIED,unsuccessful,True,False,True,2025-09-02 14:17:00,0.233,2025-09-02 14:17:00,,2025-09-02 14:17:08,0.233,1,1,False,94,82,1.146341463414634,2026-09-29 17:48:01
PFDA-687548715643,Philippine Fisheries Development Authority(PFDA),pfda,GOCC,2025-09-02 09:44:00,Q3,Architectural thesis,SUCCESSFUL,successful,True,True,True,2025-09-02 09:58:00,0.01,2025-09-17 09:59:00,2025-09-02 09:58:19,2025-09-17 09:59:28,15.011,2,1,False,394,92,4.282608695652174,2026-09-29 17:48:04
PNP-290433294651,Philippine National Police(PNP),pnp,LEA,2025-09-02 13:34:00,Q3,Acedemic and Research,DENIED,unsuccessful,True,False,True,2025-09-02 14:17:00,0.03,2025-09-30 21:02:00,2025-09-02 14:17:32,2025-09-30 21:02:17,28.311,3,2,False,122,102,1.196078431372549,2026-09-29 17:48:06
PHLPost-325869801529,Philippine Postal Corporation(PHLPost),phlpost,GOCC,2025-09-02 18:38:00,Q3,Academic Thesis Study for Architectural Design 9 - 10 Capstone,SUCCESSFUL,successful,True,True,True,2025-09-15 09:18:00,12.611,2025-09-24 13:02:00,2025-09-23 09:21:10,2025-09-24 13:02:08,21.767,3,1,False,394,92,4.282608695652174,2026-09-29 17:48:08
USAP-673748943195,"City of Pasig, NCR(USAP)",usap,LGU,2025-09-02 20:30:00,Q3,Thesis Project,PARTIALLY SUCCESSFUL,partially successful,True,True,True,2025-09-03 10:20:00,0.576,2025-10-15 09:58:00,2025-09-03 10:23:56,2025-10-15 09:58:47,42.562,5,1,False,71,71,1.0,2026-09-29 17:48:10
DAR-796212823058,Department of Agrarian Reform(DAR),dar,NGA,2025-09-02 20:45:00,Q3,Thesis dataset,DENIED,unsuccessful,True,False,True,2026-01-16 14:35:00,135.743,2026-01-16 14:35:00,,2026-01-16 14:35:10,135.743,1,1,False,4071,100,40.71,2026-09-29 17:48:12
PNP-434681390404,Philippine National Police(PNP),pnp,LEA,2025-09-02 23:52:00,Q3,"Academic Research for undergraduate Computer Science thesis on crime pattern analysis and predictive modeling for public safety improvement in Angeles City, Pampanga.",SUCCESSFUL,successful,True,True,True,2025-09-03 06:53:00,0.292,2025-09-05 10:56:00,2025-09-03 06:53:08,2025-09-05 10:56:14,2.461,3,1,False,122,102,1.196078431372549,2026-09-29 17:48:17
PNP-581674554651,Philippine National Police(PNP),pnp,LEA,2025-09-02 23:52:00,Q3,Undergraduate Thesis,DENIED,unsuccessful,True,False,True,2025-09-03 06:51:00,0.291,2025-09-30 21:13:00,2025-09-03 06:51:26,2025-09-30 21:13:15,27.89,5,2,False,122,102,1.196078431372549,2026-09-29 17:48:14
DOJ-480567670477,Department of Justice(DOJ),doj,NGA,2025-09-03 11:48:00,Q3,To avoid forum shopping,SUCCESSFUL,successful,True,True,True,2026-01-26 16:57:00,145.215,2026-01-26 16:57:00,,2026-01-26 16:57:28,145.215,1,1,False,4071,100,40.71,2026-09-29 17:48:18
USAP-397546816110,"City of Pasig, NCR(USAP)",usap,LGU,2025-09-03 12:47:00,Q3,The requested data will be used solely for our academic research requirement under our Thesis subject,SUCCESSFUL,successful,True,True,True,2025-09-04 08:11:00,0.808,2025-09-24 09:16:00,2025-09-04 08:11:06,2025-09-24 09:16:34,20.854,3,1,False,71,71,1.0,2026-09-29 17:48:20
USAP-463241568853,"City of Pasig, NCR(USAP)",usap,LGU,2025-09-03 12:51:00,Q3,The requested data will be used solely for our academic research requirement under our Thesis subject,SUCCESSFUL,successful,True,True,True,2025-09-05 09:37:00,1.865,2025-09-24 09:17:00,2025-09-05 09:37:46,2025-09-24 09:17:08,20.851,3,1,False,71,71,1.0,2026-09-29 17:48:22
PNCC-849305780827,Philippine National Construction Corporation(PNCC),pncc,GOCC,2025-09-04 10:24:00,Q3,For research purposes,PENDING,open,False,False,False,,,,,,,0,1,False,394,92,4.282608695652174,2026-09-29 17:48:25
PNP-358661923327,Philippine National Police(PNP),pnp,LEA,2025-09-04 10:38:00,Q3,"Architectural Thesis Proposal for Special Housing for Abused Women, Children, and Men",SUCCESSFUL,successful,True,True,True,2025-09-04 17:22:00,0.281,2025-09-19 16:28:00,2025-09-04 17:22:02,2025-09-19 16:28:46,15.244,4,2,False,122,102,1.196078431372549,2026-09-29 17:48:27
DOH-719939146365,Department of Health(DOH),doh,NGA,2025-09-04 17:07:00,Q3,"for work purposes, as I am analyzing the Health indicators in BARMM",PARTIALLY SUCCESSFUL,partially successful,True,True,True,2025-09-05 13:55:00,0.867,2025-09-10 14:52:00,2025-09-05 13:55:59,2025-09-10 14:52:10,5.906,2,1,False,4071,100,40.71,2026-09-29 17:48:29
PNP-387588108557,Philippine National Police(PNP),pnp,LEA,2025-09-04 20:14:00,Q3,Undergraduate Architectural Thesis,SUCCESSFUL,successful,True,True,True,2025-09-05 10:32:00,0.596,2025-09-18 22:03:00,2025-09-05 10:32:10,2025-09-18 22:03:43,14.076,4,2,False,122,102,1.196078431372549,2026-09-29 17:48:31
HDMF-603949417215,Home Development Mutual Fund/Pag-IBIG Fund(HDMF),hdmf,GOCC,2025-09-04 21:23:00,Q3,Clarification on application requirements,SUCCESSFUL,successful,True,True,True,2025-09-19 17:14:00,14.827,2025-09-19 17:17:00,2025-09-19 17:14:54,2025-09-19 17:17:39,14.83,2,1,False,394,92,4.282608695652174,2026-09-29 17:48:33
DOH-241102417038,Department of Health(DOH),doh,NGA,2025-09-05 00:04:00,Q3,Capstone/ Educational Purposes,SUCCESSFUL,successful,True,True,True,2025-09-10 14:10:00,5.588,2025-09-10 14:10:00,,2025-09-10 14:10:15,5.588,1,1,False,4071,100,40.71,2026-09-29 17:48:35
CTU-811256504956,Cebu Technological University(CTU),ctu,SUC,2025-09-05 00:59:00,Q3,For Academic Research Purpose and Project Proposal for Design 07: Community Architecture,PENDING,open,False,False,False,,,,,,,0,1,False,94,82,1.146341463414634,2026-09-29 17:48:37
DENRLMB-439970283924,Land Management Bureau(DENRLMB),denrlmb,NGA,2025-09-05 09:42:00,Q3,"Research, Business",SUCCESSFUL,successful,True,True,True,2025-09-07 20:44:00,2.46,2025-09-18 12:05:00,2025-09-07 20:44:02,2025-09-18 12:05:27,13.1,2,1,False,4071,100,40.71,2026-09-29 17:48:38
PIDS-595308556166,Philippine Institute for Development Studies(PIDS),pids,GOCC,2025-09-05 13:34:00,Q3,For PHIC-PIDS technical Assistance on the Universal Health Care,REFERRED,referred,False,False,False,,,,,,,0,1,False,394,92,4.282608695652174,2026-09-29 17:48:41
ERC-225919036818,Energy Regulatory Commission(ERC),erc,NGA,2025-09-05 21:33:00,Q3,This will be used for an academic research project on electricity trends in the Philippines aligned with SDG 7 and SDG 13,SUCCESSFUL,successful,True,True,True,2025-09-08 08:20:00,2.449,2025-09-17 09:57:00,2025-09-08 08:20:58,2025-09-17 09:57:55,11.517,2,1,False,4071,100,40.71,2026-09-29 17:48:43
PNP-866553525880,Philippine National Police(PNP),pnp,LEA,2025-09-06 02:47:00,Q3,Architectural Thesis,SUCCESSFUL,successful,True,True,True,2025-09-06 06:08:00,0.14,2025-09-12 08:13:00,2025-09-06 06:08:42,2025-09-12 08:13:31,6.227,3,1,False,122,102,1.196078431372549,2026-09-29 17:48:44
CGA-617711293418,"City of Antipolo, Region IV-A(CGA)",cga,LGU,2025-09-06 14:20:00,Q3,Thesis purposes,PENDING,open,False,False,False,,,,,,,0,1,False,71,71,1.0,2026-09-29 17:48:46
CGA-218018014380,"City of Antipolo, Region IV-A(CGA)",cga,LGU,2025-09-06 14:24:00,Q3,Thesis Purposes,SUCCESSFUL,successful,True,True,True,2025-09-25 08:50:00,18.768,2025-09-25 08:50:00,,2025-09-25 08:50:55,18.769,1,1,False,71,71,1.0,2026-09-29 17:48:48
PURA-020693329662,"Municipality of Pura, Tarlac, Region III(PURA)",pura,LGU,2025-09-06 14:31:00,Q3,3rd year Architectural case study,CLOSED,unsuccessful,True,False,True,2025-09-08 08:19:00,1.742,2025-09-08 08:19:00,2025-09-08 08:19:41,,,1,1,False,71,71,1.0,2026-09-29 17:48:50
MGPT-112909358540,"Municipality of Paniqui, Tarlac, Region III(MGPT)",mgpt,LGU,2025-09-06 14:34:00,Q3,3rd year Architectural Case Study,PENDING,open,False,False,False,,,,,,,0,1,False,71,71,1.0,2026-09-29 17:48:52
PNP-132507761957,Philippine National Police(PNP),pnp,LEA,2025-09-06 14:58:00,Q3,For Research,PARTIALLY SUCCESSFUL,partially successful,True,True,True,2025-09-06 22:04:00,0.296,2025-09-22 09:07:00,2025-09-06 22:04:07,2025-09-22 09:07:54,15.757,6,1,False,122,102,1.196078431372549,2026-09-29 17:48:54
PNPDIDM-040999113375,Philippine National Police - Directorate for Investigation and Detective Management(PNPDIDM),pnpdidm,LEA,2025-09-06 17:24:00,Q3,"The dataset will serve as the primary basis for my thesis entitled ""Asymmetry Analysis of Crime in the Philippines"". As partb of my graduate studies in Economics, the dataset provides sufficient and reliable information to conduct the empirical analysis required.",DENIED,unsuccessful,True,False,True,2025-09-06 21:34:00,0.174,2025-09-06 21:34:00,,2025-09-06 21:34:31,0.174,1,1,False,122,102,1.196078431372549,2026-09-29 17:48:56
PNP-776181163370,Philippine National Police(PNP),pnp,LEA,2025-09-06 21:12:00,Q3,For Advocacy Project to minimize mortality and morbidity because of vehicular accidents,SUCCESSFUL,successful,True,True,True,2025-09-06 22:05:00,0.037,2025-11-11 11:24:00,2025-09-06 22:05:04,2025-11-11 11:24:53,65.592,5,1,False,122,102,1.196078431372549,2026-09-29 17:48:58
PH-206686505586,PhilHealth(PH),ph,GOCC,2025-09-06 21:16:00,Q3,Architectural Thesis,SUCCESSFUL,successful,True,True,True,2025-09-08 15:45:00,1.77,2025-11-20 10:30:00,2025-09-08 15:45:03,2025-11-20 10:30:29,74.552,2,1,False,394,92,4.282608695652174,2026-09-29 17:49:00
NIA-890420568982,National Irrigation Administration(NIA),nia,GOCC,2025-09-07 23:50:00,Q3,School research for design project,SUCCESSFUL,successful,True,True,True,2025-09-29 17:33:00,21.738,2025-09-29 17:33:00,,2025-09-29 17:33:08,21.738,1,1,False,394,92,4.282608695652174,2026-09-29 17:49:02
DPWH-068578033876,Department of Public Works and Highways(DPWH),dpwh,NGA,2025-09-08 00:13:00,Q3,For monitoring and verification of DPWH projects under my name to ensure that there are no projects being implemented or recorded without my knowledge or authorization.,ACCEPTED,open,False,False,True,2025-09-08 13:00:00,0.533,2025-10-28 10:35:00,2025-09-08 13:00:37,,,2,1,False,4071,100,40.71,2026-09-29 17:49:03
PNPDIDM-378044100339,Philippine National Police - Directorate for Investigation and Detective Management(PNPDIDM),pnpdidm,LEA,2025-09-08 08:37:00,Q3,policy development,DENIED,unsuccessful,True,False,True,2025-09-09 11:22:00,1.115,2025-09-09 11:22:00,,2025-09-09 11:22:36,1.115,1,1,False,122,102,1.196078431372549,2026-09-29 17:49:05
DOH-873177537947,Department of Health(DOH),doh,NGA,2025-09-08 14:45:00,Q3,Thesis Writing,SUCCESSFUL,successful,True,True,True,2025-09-10 09:58:00,1.801,2025-09-21 11:10:00,2025-09-10 09:58:30,2025-09-21 11:10:32,12.851,2,2,False,4071,100,40.71,2026-09-29 17:49:07
BJMP-308967076433,Bureau of Jail Management and Penology(BJMP),bjmp,NGA,2025-09-09 09:01:00,Q3,Architectural Capstone,PARTIALLY SUCCESSFUL,partially successful,True,True,True,2025-09-09 15:32:00,0.272,2025-09-10 17:15:00,2025-09-09 15:32:28,2025-09-10 17:15:47,1.344,3,1,False,4071,100,40.71,2026-09-29 17:49:09
PUP-585265399398,Polytechnic University of the Philippines(PUP),pup,SUC,2025-09-09 12:17:00,Q3,Research and Personal Development,SUCCESSFUL,successful,True,True,True,2025-09-24 14:35:00,15.096,2025-09-24 14:35:00,,2025-09-24 14:35:46,15.096,1,1,False,94,82,1.146341463414634,2026-09-29 17:49:11
PNPDIDM-079281473020,Philippine National Police - Directorate for Investigation and Detective Management(PNPDIDM),pnpdidm,LEA,2025-09-09 14:23:00,Q3,I would like to request for my research,DENIED,unsuccessful,True,False,True,2025-09-09 14:56:00,0.023,2025-09-09 14:56:00,,2025-09-09 14:56:08,0.023,1,1,False,122,102,1.196078431372549,2026-09-29 17:49:29
PNPDIDM-209128458486,Philippine National Police - Directorate for Investigation and Detective Management(PNPDIDM),pnpdidm,LEA,2025-09-09 21:38:00,Q3,For Thesis,DENIED,unsuccessful,True,False,True,2025-09-15 10:58:00,5.556,2025-09-15 10:58:00,,2025-09-15 10:58:34,5.556,1,1,False,122,102,1.196078431372549,2026-09-29 17:49:30
PLGUB-555303942211,"Province of Benguet, CAR(PLGUB)",plgub,LGU,2025-09-10 00:18:00,Q3,For undergraduate research/thesis.,SUCCESSFUL,successful,True,True,True,2026-02-11 11:05:00,154.449,2026-02-11 11:05:00,,2026-02-11 11:05:37,154.45,1,1,False,71,71,1.0,2026-09-29 17:49:32
PNP-287137046218,Philippine National Police(PNP),pnp,LEA,2025-09-10 01:19:00,Q3,Undergraduate Architectural Thesis,SUCCESSFUL,successful,True,True,True,2025-09-10 22:25:00,0.879,2025-09-19 08:20:00,2025-09-10 22:25:37,2025-09-19 08:20:02,9.292,11,1,False,122,102,1.196078431372549,2026-09-29 17:49:34
LRTA-195825309941,Light Rail Transit Authority(LRTA),lrta,GOCC,2025-09-10 07:40:00,Q3,Thesis and Research,SUCCESSFUL,successful,True,True,True,2025-09-15 16:10:00,5.354,2025-09-15 16:10:00,,2025-09-15 16:10:55,5.355,1,1,False,394,92,4.282608695652174,2026-09-29 17:49:36
UP-837101894545,University of the Philippines System(UP),up,SUC,2025-09-10 09:57:00,Q3,Undergraduate Architectural Thesis,SUCCESSFUL,successful,True,True,True,2025-09-14 11:11:00,4.051,2025-09-14 11:11:00,,2025-09-14 11:11:32,4.052,1,2,False,94,82,1.146341463414634,2026-09-29 17:49:39
PNPDIDM-932488118150,Philippine National Police - Directorate for Investigation and Detective Management(PNPDIDM),pnpdidm,LEA,2025-09-10 10:43:00,Q3,Undergraduate Architectural Thesis,DENIED,unsuccessful,True,False,True,2025-09-15 10:58:00,5.01,2025-09-15 10:58:00,,2025-09-15 10:58:59,5.011,1,2,False,122,102,1.196078431372549,2026-09-29 17:49:41
PNP-323373379406,Philippine National Police(PNP),pnp,LEA,2025-09-10 14:18:00,Q3,Thesis project,SUCCESSFUL,successful,True,True,True,2025-09-10 22:26:00,0.339,2025-09-26 08:24:00,2025-09-10 22:26:42,2025-09-26 08:24:37,15.755,3,1,False,122,102,1.196078431372549,2026-09-29 17:49:43
DPWH-673576808288,Department of Public Works and Highways(DPWH),dpwh,NGA,2025-09-10 15:34:00,Q3,Capstone Design Project,SUCCESSFUL,successful,True,True,True,2025-09-11 06:36:00,0.626,2026-06-17 09:44:00,2025-09-11 06:36:36,2026-06-17 09:44:19,279.757,2,3,False,4071,100,40.71,2026-09-29 17:49:45
PAKIL-428699616995,"Municipality of Pakil, Laguna, Region IV-A(PAKIL)",pakil,LGU,2025-09-10 15:38:00,Q3,FOR OUR CAPTONE DESIGN PROJECT,PENDING,open,False,False,False,,,,,,,0,1,False,71,71,1.0,2026-09-29 17:49:46
BIR-868112919189,Bureau of Internal Revenue(BIR),bir,NGA,2025-09-10 16:54:00,Q3,VISA Application,DENIED,unsuccessful,True,False,True,2025-09-11 08:05:00,0.633,2025-09-11 08:05:00,,2025-09-11 08:05:23,0.633,1,1,False,4071,100,40.71,2026-09-29 17:49:48
LEGAZPI-683616981530,"City of Legazpi, Region V(LEGAZPI)",legazpi,LGU,2025-09-10 22:26:00,Q3,Research and Development,PENDING,open,False,False,False,,,,,,,0,1,False,71,71,1.0,2026-09-29 17:49:50
USAP-060841737919,"City of Pasig, NCR(USAP)",usap,LGU,2025-09-10 22:41:00,Q3,Architectural Thesis Capstone - Site Selection,SUCCESSFUL,successful,True,True,True,2025-09-11 09:36:00,0.455,2025-09-11 10:26:00,2025-09-11 09:36:44,2025-09-11 10:26:38,0.49,2,1,False,71,71,1.0,2026-09-29 17:49:52
UPLB-529794693380,University of the Philippines Los Banos(UPLB),uplb,SUC,2025-09-11 09:00:00,Q3,"The domestic wastewater will be used in undergraduate thesis, particularly the efficiency evaluation of nature-based solutions treating domestic wastewater",ACCEPTED,open,False,False,True,2025-09-24 09:52:00,13.036,2025-09-30 08:11:00,2025-09-24 09:52:11,,,3,1,False,94,82,1.146341463414634,2026-09-29 17:49:54
PNP-262305724277,Philippine National Police(PNP),pnp,LEA,2025-09-11 09:34:00,Q3,This is for my thesis,SUCCESSFUL,successful,True,True,True,2025-09-11 16:40:00,0.296,2025-09-25 22:09:00,2025-09-11 16:40:48,2025-09-25 22:09:37,14.525,4,2,False,122,102,1.196078431372549,2026-09-29 17:49:56
USAP-529044289863,"City of Pasig, NCR(USAP)",usap,LGU,2025-09-11 11:54:00,Q3,Request for Gathering of Population (Academic Purpose),SUCCESSFUL,successful,True,True,True,2025-09-15 08:57:00,3.877,2025-10-06 14:36:00,2025-09-15 08:57:15,2025-10-06 14:36:42,25.113,3,2,False,71,71,1.0,2026-09-29 17:49:58
CCP-917100270352,Cultural Center of the Philippines(CCP),ccp,GOCC,2025-09-11 16:02:00,Q3,Thesis purposes,SUCCESSFUL,successful,True,True,True,2025-09-12 14:31:00,0.937,2025-09-12 14:31:00,,2025-09-12 14:31:08,0.937,1,1,False,394,92,4.282608695652174,2026-09-29 17:50:00
PNP-793696659161,Philippine National Police(PNP),pnp,LEA,2025-09-11 16:24:00,Q3,Supporting data for Architectural Thesis,SUCCESSFUL,successful,True,True,True,2025-09-11 16:41:00,0.012,2025-09-18 10:55:00,2025-09-11 16:41:56,2025-09-18 10:55:19,6.772,2,2,False,122,102,1.196078431372549,2026-09-29 17:50:02
NKTI-953238016731,National Kidney and Transplant Institute(NKTI),nkti,GOCC,2025-09-11 18:22:00,Q3,Academic Research,PARTIALLY SUCCESSFUL,partially successful,True,True,True,2025-09-11 23:16:00,0.204,2025-09-11 23:16:00,,2025-09-11 23:16:26,0.204,1,1,False,394,92,4.282608695652174,2026-09-29 17:50:04
NHA-076222628749,National Housing Authority(NHA),nha,GOCC,2025-09-11 18:47:00,Q3,Cost Construction Engineering,SUCCESSFUL,successful,True,True,True,2025-09-12 08:58:00,0.591,2025-09-30 09:00:00,2025-09-12 08:58:30,2025-09-30 09:00:06,18.592,2,1,False,394,92,4.282608695652174,2026-09-29 17:50:06
PNPDIDM-060414490094,Philippine National Police - Directorate for Investigation and Detective Management(PNPDIDM),pnpdidm,LEA,2025-09-12 01:26:00,Q3,"For Background checking purposes of employees, we are planning to use the PNP clearance as an alternative to the NBI clearance",DENIED,unsuccessful,True,False,True,2025-09-15 10:59:00,3.398,2025-09-15 10:59:00,,2025-09-15 10:59:26,3.398,1,1,False,122,102,1.196078431372549,2026-09-29 17:50:07
CHED-864903623236,Commission on Higher Education(CHED),ched,NGA,2025-09-12 11:20:00,Q3,Research Study,SUCCESSFUL,successful,True,True,True,2025-09-15 08:53:00,2.898,2025-11-11 09:10:00,2025-09-15 08:53:01,2025-11-11 09:10:52,59.91,2,2,False,4071,100,40.71,2026-09-29 17:50:10
PNP-589838797495,Philippine National Police(PNP),pnp,LEA,2025-09-12 13:32:00,Q3,For research purposes,SUCCESSFUL,successful,True,True,True,2025-09-12 19:02:00,0.229,2025-09-26 14:55:00,2025-09-12 19:02:49,2025-09-26 14:55:32,14.058,2,1,False,122,102,1.196078431372549,2026-09-29 17:50:11
CGB-283384122679,CITY GOVERNMENT OF BATANGAS(CGB),cgb,LGU,2025-09-12 14:10:00,Q3,Achitectural Thesis,SUCCESSFUL,successful,True,True,True,2026-02-05 16:54:00,146.114,2026-02-05 16:54:00,,2026-02-05 16:54:46,146.114,1,1,False,71,71,1.0,2026-09-29 17:50:14
PNP-587540007780,Philippine National Police(PNP),pnp,LEA,2025-09-12 15:00:00,Q3,FIND MISSING PERSON,SUCCESSFUL,successful,True,True,True,2025-09-12 19:43:00,0.197,2025-12-07 12:18:00,2025-09-12 19:43:49,2025-12-07 12:18:30,85.888,2,2,False,122,102,1.196078431372549,2026-09-29 17:50:15
PNP-881002917807,Philippine National Police(PNP),pnp,LEA,2025-09-12 15:05:00,Q3,Undergraduate Thesis,SUCCESSFUL,successful,True,True,True,2025-09-12 19:44:00,0.194,2025-09-15 06:37:00,2025-09-12 19:44:52,2025-09-15 06:37:33,2.648,2,1,False,122,102,1.196078431372549,2026-09-29 17:50:16
PICC-669858506669,Philippine International Convention Center(PICC),picc,GOCC,2025-09-12 15:47:00,Q3,Research and development,PENDING,open,False,False,False,,,,,,,0,1,False,394,92,4.282608695652174,2026-09-29 17:50:18
PNOC-239239475249,Philippine National Oil Company(PNOC),pnoc,GOCC,2025-09-12 16:24:00,Q3,Academic Purpose for Architectural Thesis,SUCCESSFUL,successful,True,True,True,2025-09-16 09:54:00,3.729,2025-09-18 17:06:00,2025-09-16 09:54:16,2025-09-18 17:06:08,6.029,2,2,False,394,92,4.282608695652174,2026-09-29 17:50:20
PH-224237743426,PhilHealth(PH),ph,GOCC,2025-09-12 18:27:00,Q3,Academic Research,SUCCESSFUL,successful,True,True,True,2025-09-15 08:30:00,2.585,2025-10-14 08:30:00,2025-09-15 08:30:09,2025-10-14 08:30:59,31.586,2,1,False,394,92,4.282608695652174,2026-09-29 17:50:22
PGLU-254162768851,"Province of La Union, Region I(PGLU)",pglu,LGU,2025-09-12 21:37:00,Q3,Thesis Research,PENDING,open,False,False,False,,,,,,,0,1,False,71,71,1.0,2026-09-29 17:50:24
PNP-937881757165,Philippine National Police(PNP),pnp,LEA,2025-09-13 14:12:00,Q3,Architectural Thesis,SUCCESSFUL,successful,True,True,True,2025-09-13 23:01:00,0.367,2025-09-17 08:41:00,2025-09-13 23:01:27,2025-09-17 08:41:46,3.771,5,1,False,122,102,1.196078431372549,2026-09-29 17:50:26
NHA-736140506257,National Housing Authority(NHA),nha,GOCC,2025-09-13 20:13:00,Q3,Housing Program for Solo Parent,SUCCESSFUL,successful,True,True,True,2025-09-15 13:47:00,1.732,2025-09-30 09:04:00,2025-09-15 13:47:59,2025-09-30 09:04:13,16.536,2,1,False,394,92,4.282608695652174,2026-09-29 17:50:28
PNP-824544363025,Philippine National Police(PNP),pnp,LEA,2025-09-13 20:30:00,Q3,Architectural Thesis,SUCCESSFUL,successful,True,True,True,2025-09-13 23:02:00,0.106,2025-10-09 17:45:00,2025-09-13 23:02:15,2025-10-09 17:45:17,25.886,4,2,False,122,102,1.196078431372549,2026-09-29 17:50:30
USAP-659856026025,"City of Pasig, NCR(USAP)",usap,LGU,2025-09-13 21:35:00,Q3,Thesis Project,SUCCESSFUL,successful,True,True,True,2025-09-15 14:51:00,1.719,2025-09-24 09:19:00,2025-09-15 14:51:21,2025-09-24 09:19:23,10.489,3,1,False,71,71,1.0,2026-09-29 17:50:31
UPOU-736985584065,University of the Philippines Open University(UPOU),upou,SUC,2025-09-13 23:38:00,Q3,Architectural Thesis,DENIED,unsuccessful,True,False,True,2025-09-30 10:22:00,16.447,2025-09-30 10:29:00,,2025-09-30 10:29:16,16.452,2,1,False,94,82,1.146341463414634,2026-09-29 17:50:33
CCP-375557446915,Cultural Center of the Philippines(CCP),ccp,GOCC,2025-09-13 23:45:00,Q3,Architectural Thesis,PARTIALLY SUCCESSFUL,partially successful,True,True,True,2025-09-18 15:29:00,4.656,2025-09-18 15:29:00,,2025-09-18 15:29:33,4.656,1,1,False,394,92,4.282608695652174,2026-09-29 17:50:34
USAP-334977249692,"City of Pasig, NCR(USAP)",usap,LGU,2025-09-14 02:12:00,Q3,Thesis purposes,SUCCESSFUL,successful,True,True,True,2025-09-15 14:56:00,1.531,2025-09-24 10:57:00,2025-09-15 14:56:47,2025-09-24 10:57:12,10.365,3,1,False,71,71,1.0,2026-09-29 17:50:36
PNP-271481219697,Philippine National Police(PNP),pnp,LEA,2025-09-14 10:41:00,Q3,Research and development,SUCCESSFUL,successful,True,True,True,2025-09-14 11:32:00,0.035,2025-09-22 12:38:00,2025-09-14 11:32:55,2025-09-22 12:38:52,8.082,3,1,False,122,102,1.196078431372549,2026-09-29 17:50:38
PSA-903931370550,Philippine Statistics Authority(PSA),psa,NGA,2025-09-14 12:26:00,Q3,ARCHITECTURAL THESIS,PARTIALLY SUCCESSFUL,partially successful,True,True,True,2025-09-15 13:56:00,1.062,2025-09-15 13:56:00,,2025-09-15 13:56:48,1.063,1,1,False,4071,100,40.71,2026-09-29 17:50:40
PNP-199688142072,Philippine National Police(PNP),pnp,LEA,2025-09-14 12:30:00,Q3,Architectural Thesis,SUCCESSFUL,successful,True,True,True,2025-09-15 10:54:00,0.933,2025-09-26 15:10:00,2025-09-15 10:54:36,2025-09-26 15:10:35,12.112,2,1,False,122,102,1.196078431372549,2026-09-29 17:50:42
NKTI-410598043520,National Kidney and Transplant Institute(NKTI),nkti,GOCC,2025-09-14 12:31:00,Q3,Bs Arch Capstone,PARTIALLY SUCCESSFUL,partially successful,True,True,True,2025-09-14 15:56:00,0.142,2025-09-14 15:56:00,,2025-09-14 15:56:35,0.143,1,2,False,394,92,4.282608695652174,2026-09-29 17:50:44
BJMP-162760467722,Bureau of Jail Management and Penology(BJMP),bjmp,NGA,2025-09-14 13:36:00,Q3,Academic Research,PARTIALLY SUCCESSFUL,partially successful,True,True,True,2025-09-17 10:04:00,2.853,2025-09-19 17:21:00,2025-09-17 10:04:26,2025-09-19 17:21:30,5.157,3,1,False,4071,100,40.71,2026-09-29 17:50:46
PNP-007020262992,Philippine National Police(PNP),pnp,LEA,2025-09-14 21:29:00,Q3,Research and data analysis,SUCCESSFUL,successful,True,True,True,2025-09-15 10:55:00,0.56,2025-10-01 19:47:00,2025-09-15 10:55:17,2025-10-01 19:47:35,16.93,3,1,False,122,102,1.196078431372549,2026-09-29 17:50:48
DOE-955679494497,Department of Energy(DOE),doe,NGA,2025-09-14 21:57:00,Q3,Architectural Undergraduate Thesis,PARTIALLY SUCCESSFUL,partially successful,True,True,True,2025-09-19 07:53:00,4.414,2025-09-24 12:15:00,2025-09-19 07:53:28,2025-09-24 12:15:04,9.596,2,1,False,4071,100,40.71,2026-09-29 17:51:06
HDMF-519729869940,Home Development Mutual Fund/Pag-IBIG Fund(HDMF),hdmf,GOCC,2025-09-14 22:13:00,Q3,Inquiry and Guidelines,SUCCESSFUL,successful,True,True,True,2025-10-03 10:16:00,18.502,2025-10-03 10:17:00,2025-10-03 10:16:05,2025-10-03 10:17:28,18.503,2,1,False,394,92,4.282608695652174,2026-09-29 17:51:07
MMDA-657094427369,Metropolitan Manila Development Authority(MMDA),mmda,NGA,2025-09-15 09:42:00,Q3,Academic Research,PARTIALLY SUCCESSFUL,partially successful,True,True,True,2025-09-23 13:12:00,8.146,2025-10-16 15:33:00,2025-09-23 13:12:08,2025-10-16 15:33:48,31.244,2,2,False,4071,100,40.71,2026-09-29 17:51:09
TSU-135901498057,Tarlac State University(TSU),tsu,SUC,2025-09-15 10:27:00,Q3,Architectural Thesis,SUCCESSFUL,successful,True,True,True,2025-09-18 12:03:00,3.067,2025-09-23 07:04:00,2025-09-18 12:03:31,2025-09-23 07:04:23,7.859,2,1,False,94,82,1.146341463414634,2026-09-29 17:51:11
PNP-392308602716,Philippine National Police(PNP),pnp,LEA,2025-09-15 11:14:00,Q3,Polivy Development,SUCCESSFUL,successful,True,True,True,2025-09-15 15:41:00,0.185,2025-09-16 12:38:00,2025-09-15 15:41:32,2025-09-16 12:38:32,1.059,3,1,False,122,102,1.196078431372549,2026-09-29 17:51:14
PEZA-854395121133,Philippine Economic Zone Authority(PEZA),peza,GOCC,2025-09-15 11:15:00,Q3,RESEARCH AND DEVELOPMENT,PENDING,open,False,False,False,,,,,,,0,1,False,394,92,4.282608695652174,2026-09-29 17:51:16
UPLB-871485729817,University of the Philippines Los Banos(UPLB),uplb,SUC,2025-09-15 12:46:00,Q3,Undergraduate Architecture Thesis,DENIED,unsuccessful,True,False,True,2025-09-24 09:56:00,8.882,2025-10-02 09:03:00,2025-09-24 09:56:21,2025-10-02 09:03:21,16.845,2,1,False,94,82,1.146341463414634,2026-09-29 17:51:18
NKTI-336895654419,National Kidney and Transplant Institute(NKTI),nkti,GOCC,2025-09-15 15:08:00,Q3,ARCHITECTURAL THESIS,PARTIALLY SUCCESSFUL,partially successful,True,True,True,2025-09-15 16:28:00,0.056,2025-09-15 16:28:00,,2025-09-15 16:28:58,0.056,1,1,False,394,92,4.282608695652174,2026-09-29 17:51:24
PNP-191013887082,Philippine National Police(PNP),pnp,LEA,2025-09-16 08:04:00,Q3,Thesis Writing,SUCCESSFUL,successful,True,True,True,2025-09-16 08:51:00,0.033,2025-12-03 17:03:00,2025-09-16 08:51:09,2025-12-03 17:03:19,78.375,3,2,False,122,102,1.196078431372549,2026-09-29 17:51:26
USEP-784129215543,University of Southeastern Philippines(USEP),usep,SUC,2025-09-16 08:09:00,Q3,Attachment and Evidence for the 2025 Library Manual and AACCUP Accreditation supporting document,DENIED,unsuccessful,True,False,True,2025-09-17 13:06:00,1.206,2025-09-17 16:08:00,2025-09-17 13:06:06,2025-09-17 16:08:34,1.333,2,1,False,94,82,1.146341463414634,2026-09-29 17:51:28
NIA-975112920675,National Irrigation Administration(NIA),nia,GOCC,2025-09-16 08:41:00,Q3,Research for the Province of Quezon,SUCCESSFUL,successful,True,True,True,2025-10-03 09:35:00,17.038,2025-10-03 09:35:00,,2025-10-03 09:35:39,17.038,1,1,False,394,92,4.282608695652174,2026-09-29 17:51:30
PNP-735625973977,Philippine National Police(PNP),pnp,LEA,2025-09-16 09:08:00,Q3,undergraduate thesis,PARTIALLY SUCCESSFUL,partially successful,True,True,True,2025-09-16 10:46:00,0.068,2025-09-22 09:05:00,2025-09-16 10:46:38,2025-09-22 09:05:18,5.998,3,1,False,122,102,1.196078431372549,2026-09-29 17:51:31
CGA-112718898115,"City of Antipolo, Region IV-A(CGA)",cga,LGU,2025-09-17 01:20:00,Q3,Architectural Thesis,SUCCESSFUL,successful,True,True,True,2025-10-14 10:21:00,27.376,2025-10-14 10:21:00,,2025-10-14 10:21:21,27.376,1,1,False,71,71,1.0,2026-09-29 17:51:33
USAP-608043413475,"City of Pasig, NCR(USAP)",usap,LGU,2025-09-17 09:58:00,Q3,Architectural Capstone Research,SUCCESSFUL,successful,True,True,True,2025-10-06 14:42:00,19.197,2025-10-15 09:47:00,2025-10-06 14:42:49,2025-10-15 09:47:17,27.993,3,1,False,71,71,1.0,2026-09-29 17:51:35
DENRLMB-710003868034,Land Management Bureau(DENRLMB),denrlmb,NGA,2025-09-17 10:03:00,Q3,Thesis writing,SUCCESSFUL,successful,True,True,True,2025-09-17 10:50:00,0.033,2025-09-25 17:17:00,2025-09-17 10:50:56,2025-09-25 17:17:26,8.302,2,1,False,4071,100,40.71,2026-09-29 17:51:36
PNP-962147508865,Philippine National Police(PNP),pnp,LEA,2025-09-17 11:32:00,Q3,Research and Development,SUCCESSFUL,successful,True,True,True,2025-09-17 16:29:00,0.206,2025-10-08 11:28:00,2025-09-17 16:29:13,2025-10-08 11:28:46,20.998,3,5,False,122,102,1.196078431372549,2026-09-29 17:51:38
PNP-507275255554,Philippine National Police(PNP),pnp,LEA,2025-09-17 12:26:00,Q3,Architectural Thesis,SUCCESSFUL,successful,True,True,True,2025-09-17 16:30:00,0.169,2025-09-18 17:03:00,2025-09-17 16:30:28,2025-09-18 17:03:37,1.193,3,1,False,122,102,1.196078431372549,2026-09-29 17:51:40
CGA-710488548685,"City of Antipolo, Region IV-A(CGA)",cga,LGU,2025-09-17 14:06:00,Q3,Research and Development,SUCCESSFUL,successful,True,True,True,2025-09-19 14:29:00,2.016,2025-09-19 14:29:00,,2025-09-19 14:29:09,2.016,1,1,False,71,71,1.0,2026-09-29 17:51:41
PNP-028764032313,Philippine National Police(PNP),pnp,LEA,2025-09-17 15:44:00,Q3,Thesis Writing,SUCCESSFUL,successful,True,True,True,2025-09-17 16:31:00,0.033,2025-12-10 13:20:00,2025-09-17 16:31:50,2025-12-10 13:20:47,83.901,3,1,False,122,102,1.196078431372549,2026-09-29 17:51:43
LGULINGAYEN-324281167432,"Municipality of Lingayen, Pangasinan(LGULINGAYEN)",lgulingayen,LGU,2025-09-17 16:01:00,Q3,Medical Allowance,PENDING,open,False,False,False,,,,,,,0,1,False,71,71,1.0,2026-09-29 17:51:45
PSA-327938820051,Philippine Statistics Authority(PSA),psa,NGA,2025-09-17 16:30:00,Q3,ARCHITETCURAL THESIS,PARTIALLY SUCCESSFUL,partially successful,True,True,True,2025-09-19 15:53:00,1.974,2025-09-19 15:53:00,,2025-09-19 15:53:43,1.975,1,1,False,4071,100,40.71,2026-09-29 17:51:47
NISU-853065199289,Northern Iloilo State University(NISU),nisu,SUC,2025-09-17 16:55:00,Q3,Dissertaion data,SUCCESSFUL,successful,True,True,True,2025-09-18 09:01:00,0.671,2025-10-22 14:38:00,2025-09-18 09:01:33,2025-10-22 14:38:19,34.905,4,1,False,94,82,1.146341463414634,2026-09-29 17:51:49
LEGAZPI-205249968352,"City of Legazpi, Region V(LEGAZPI)",legazpi,LGU,2025-09-17 22:55:00,Q3,Capstone/Thesis/Research,PENDING,open,False,False,False,,,,,,,0,1,False,71,71,1.0,2026-09-29 17:51:52
DOT-375031336355,Department of Tourism(DOT),dot,NGA,2025-09-18 02:53:00,Q3,Architecture Thesis,PARTIALLY SUCCESSFUL,partially successful,True,True,True,2025-09-19 09:04:00,1.258,2025-10-08 18:47:00,2025-09-19 09:04:28,2025-10-08 18:47:36,20.663,4,2,False,4071,100,40.71,2026-09-29 17:51:54
MSWD-405561520397,Metro Siargao Water District(MSWD),mswd,WATER-DISTRICT,2025-09-18 09:32:00,Q3,Research and development,PENDING,open,False,False,False,,,,,,,0,1,False,150,150,1.0,2026-09-29 17:51:56
MWSSCO-148045542789,Metropolitan Waterworks and Sewerage System Corporate Office(MWSSCO),mwssco,GOCC,2025-09-18 15:14:00,Q3,Undergraduate Thesis,DENIED,unsuccessful,True,False,True,2025-09-18 23:36:00,0.349,2025-09-18 23:36:00,,2025-09-18 23:36:06,0.349,1,1,False,394,92,4.282608695652174,2026-09-29 17:51:59
DINAWD-776271550327,Dinagat Water District(DINAWD),dinawd,WATER-DISTRICT,2025-09-18 15:44:00,Q3,Thesis Project,PENDING,open,False,False,False,,,,,,,0,1,False,150,150,1.0,2026-09-29 17:52:01
DENRLMB-727601541825,Land Management Bureau(DENRLMB),denrlmb,NGA,2025-09-19 00:10:00,Q3,Thesis Writing,SUCCESSFUL,successful,True,True,True,2025-09-19 09:26:00,0.386,2025-10-14 20:45:00,2025-09-19 09:26:55,2025-10-14 20:45:03,25.858,2,1,False,4071,100,40.71,2026-09-29 17:52:03
PNP-134473721478,Philippine National Police(PNP),pnp,LEA,2025-09-19 11:57:00,Q3,"I am doing a thesis proposal relating to Forensic Science, the data will be used to support my proposal.",SUCCESSFUL,successful,True,True,True,2025-09-19 12:28:00,0.022,2025-10-01 20:16:00,2025-09-19 12:28:06,2025-10-01 20:16:41,12.347,2,2,False,122,102,1.196078431372549,2026-09-29 17:52:04
LEGAZPI-885984812827,"City of Legazpi, Region V(LEGAZPI)",legazpi,LGU,2025-09-19 12:45:00,Q3,Capstone Design/Thesis,PENDING,open,False,False,False,,,,,,,0,1,False,71,71,1.0,2026-09-29 17:52:06
DOTr-337049760949,Department of Transportation(DOTr),dotr,NGA,2025-09-19 14:43:00,Q3,Research and development,DENIED,unsuccessful,True,False,True,2025-09-19 15:09:00,0.018,2025-09-19 15:09:00,,2025-09-19 15:09:53,0.019,1,1,False,4071,100,40.71,2026-09-29 17:52:07
HUDCC-700095168775,Housing and Urban Development Coordinating Council(HUDCC),hudcc,NGA,2025-09-19 15:27:00,Q3,Restaurant Feasibility Research,PENDING,open,False,False,False,,,,,,,0,2,False,4071,100,40.71,2026-09-29 17:52:09
USAP-429592009839,"City of Pasig, NCR(USAP)",usap,LGU,2025-09-19 15:48:00,Q3,Research: (ARM 203: Law and ethics in Archives and Records Management) Topic: Transparency,DENIED,unsuccessful,True,False,True,2025-10-06 15:15:00,16.977,2025-10-06 15:15:00,,2025-10-06 15:15:11,16.977,1,1,False,71,71,1.0,2026-09-29 17:52:11
PNP-041362795056,Philippine National Police(PNP),pnp,LEA,2025-09-19 18:18:00,Q3,Research for Thesis,SUCCESSFUL,successful,True,True,True,2025-09-20 12:01:00,0.738,2025-10-08 11:19:00,2025-09-20 12:01:02,2025-10-08 11:19:18,18.709,2,1,False,122,102,1.196078431372549,2026-09-29 17:52:12
PNP-917816739328,Philippine National Police(PNP),pnp,LEA,2025-09-20 11:55:00,Q3,For Research in History Course,DENIED,unsuccessful,True,False,True,2025-09-20 12:02:00,0.005,2025-09-22 16:33:00,2025-09-20 12:02:04,2025-09-22 16:33:57,2.194,2,1,False,122,102,1.196078431372549,2026-09-29 17:52:14
DOH-225815406612,Department of Health(DOH),doh,NGA,2025-09-20 12:46:00,Q3,For Drugstore Compliance,SUCCESSFUL,successful,True,True,True,2025-09-22 17:39:00,2.203,2025-09-25 11:36:00,2025-09-22 17:39:23,2025-09-25 11:36:33,4.952,2,1,False,4071,100,40.71,2026-09-29 17:52:16
PNP-517622194820,Philippine National Police(PNP),pnp,LEA,2025-09-20 15:02:00,Q3,Undergraduate Thesis,SUCCESSFUL,successful,True,True,True,2025-09-21 20:56:00,1.246,2025-09-23 08:33:00,2025-09-21 20:56:36,2025-09-23 08:33:32,2.73,2,1,False,122,102,1.196078431372549,2026-09-29 17:52:18
CSFWD-805831001405,City of San Fernando Water District(CSFWD),csfwd,WATER-DISTRICT,2025-09-20 17:07:00,Q3,Architectural Thesis,ACCEPTED,open,False,False,True,2025-10-09 12:35:00,18.811,2025-10-09 12:35:00,2025-10-09 12:35:51,,,1,1,False,150,150,1.0,2026-09-29 17:52:20
CLSU-698211949774,Central Luzon State University(CLSU),clsu,SUC,2025-09-20 18:11:00,Q3,Undergraduate thesis,SUCCESSFUL,successful,True,True,True,2025-09-23 16:39:00,2.936,2025-09-24 13:45:00,2025-09-23 16:39:54,2025-09-24 13:45:47,3.816,3,1,False,94,82,1.146341463414634,2026-09-29 17:52:22
BUCOR-100339282556,Bureau of Corrections(BUCOR),bucor,NGA,2025-09-20 22:24:00,Q3,To know his case status and situation inside,DENIED,unsuccessful,True,False,True,2025-10-13 14:48:00,22.683,2025-10-13 14:48:00,,2025-10-13 14:48:04,22.683,1,1,False,4071,100,40.71,2026-09-29 17:52:23
PNP-561147499496,Philippine National Police(PNP),pnp,LEA,2025-09-20 22:32:00,Q3,"This data will be critical in helping me determine site suitability and formulate the design framework of my proposal. Once again, I am deeply grateful for your continued patience, understanding, and invaluable support in assisting me through this research process.",SUCCESSFUL,successful,True,True,True,2025-09-21 20:57:00,0.934,2025-10-11 07:52:00,2025-09-21 20:57:45,2025-10-11 07:52:54,20.39,2,2,False,122,102,1.196078431372549,2026-09-29 17:52:26
PIDS-779890625225,Philippine Institute for Development Studies(PIDS),pids,GOCC,2025-09-21 17:36:00,Q3,Research for Thesis Proposal,SUCCESSFUL,successful,True,True,True,2025-09-23 07:16:00,1.569,2025-09-24 07:55:00,2025-09-23 07:16:57,2025-09-24 07:55:35,2.597,2,1,False,394,92,4.282608695652174,2026-09-29 17:52:27
PNP-516256118155,Philippine National Police(PNP),pnp,LEA,2025-09-22 03:43:00,Q3,Legal case,DENIED,unsuccessful,True,False,True,2025-09-22 05:30:00,0.074,2025-09-25 16:15:00,2025-09-22 05:30:19,2025-09-25 16:15:37,3.523,2,1,False,122,102,1.196078431372549,2026-09-29 17:52:29
CGB-076176334776,CITY GOVERNMENT OF BATANGAS(CGB),cgb,LGU,2025-09-22 15:22:00,Q3,We are currently taking Feasibility study on Batangas State University - Alangilan as part of our curriculum,SUCCESSFUL,successful,True,True,True,2026-02-05 16:52:00,136.062,2026-02-05 16:52:00,,2026-02-05 16:52:39,136.063,1,1,False,71,71,1.0,2026-09-29 17:52:31
USAP-062162585009,"City of Pasig, NCR(USAP)",usap,LGU,2025-09-22 16:01:00,Q3,Architectural Thesis,SUCCESSFUL,successful,True,True,True,2025-10-06 15:17:00,13.969,2025-10-27 13:13:00,2025-10-06 15:17:55,2025-10-27 13:13:16,34.884,3,1,False,71,71,1.0,2026-09-29 17:52:33
USAP-609400898261,"City of Pasig, NCR(USAP)",usap,LGU,2025-09-22 16:29:00,Q3,it will use for our feasibility study,SUCCESSFUL,successful,True,True,True,2025-10-06 15:25:00,13.956,2025-10-15 09:59:00,2025-10-06 15:25:10,2025-10-15 09:59:49,22.73,3,1,False,71,71,1.0,2026-09-29 17:52:35
CDC-104893165066,Clark Development Corporation(CDC),cdc,GOCC,2025-09-22 17:27:00,Q3,Achitectural Thesis Research Writing,DENIED,unsuccessful,True,False,True,2025-09-23 09:48:00,0.681,2025-09-23 09:48:00,,2025-09-23 09:48:09,0.681,1,1,False,394,92,4.282608695652174,2026-09-29 17:52:37
DOH-025227054544,Department of Health(DOH),doh,NGA,2025-09-22 18:56:00,Q3,Thesis Purposes,SUCCESSFUL,successful,True,True,True,2025-10-01 15:03:00,8.838,2025-10-09 09:45:00,2025-10-01 15:03:52,2025-10-09 09:45:45,16.618,2,1,False,4071,100,40.71,2026-09-29 17:53:47
UPLB-324490330489,University of the Philippines Los Banos(UPLB),uplb,SUC,2025-09-22 20:45:00,Q3,Architecture Undergraduate Thesis,DENIED,unsuccessful,True,False,True,2025-09-24 09:56:00,1.549,2025-10-02 09:02:00,2025-09-24 09:56:59,2025-10-02 09:02:28,9.512,4,1,False,94,82,1.146341463414634,2026-09-29 17:53:49
TIEZA-562635134362,Tourism Infrastructure and Enterprise Zone Authority(TIEZA),tieza,GOCC,2025-09-23 00:32:00,Q3,Architectural Thesis,ACCEPTED,open,False,False,True,2025-09-23 08:18:00,0.324,2025-09-23 08:18:00,2025-09-23 08:18:46,,,1,1,False,394,92,4.282608695652174,2026-09-29 17:53:51
CLSU-736015394797,Central Luzon State University(CLSU),clsu,SUC,2025-09-23 00:38:00,Q3,Architectural Thesis,SUCCESSFUL,successful,True,True,True,2025-09-23 10:08:00,0.396,2025-09-23 10:08:00,,2025-09-23 10:08:23,0.396,1,1,False,94,82,1.146341463414634,2026-09-29 17:53:54
TSU-516173737786,Tarlac State University(TSU),tsu,SUC,2025-09-23 00:41:00,Q3,Architectural Thesis,DENIED,unsuccessful,True,False,True,2025-09-23 09:37:00,0.372,2025-09-23 09:37:00,,2025-09-23 09:37:58,0.373,1,1,False,94,82,1.146341463414634,2026-09-29 17:53:55
NCDA-237733589799,National Council on Disability Affairs(NCDA),ncda,NGA,2025-09-23 12:20:00,Q3,Architectural thesis research,PENDING,open,False,False,False,,,,,,,0,1,False,4071,100,40.71,2026-09-29 17:53:58
DOH-276399798797,Department of Health(DOH),doh,NGA,2025-09-23 14:01:00,Q3,For Research purposes,DENIED,unsuccessful,True,False,True,2025-09-24 14:23:00,1.015,2025-10-17 09:23:00,2025-09-24 14:23:45,2025-10-17 09:23:37,23.807,3,2,False,4071,100,40.71,2026-09-29 17:53:59
USAP-270624837367,"City of Pasig, NCR(USAP)",usap,LGU,2025-09-23 14:20:00,Q3,"Research purposes, Master's thesis in Civil Engineering",SUCCESSFUL,successful,True,True,True,2025-10-06 15:27:00,13.047,2025-10-20 10:54:00,2025-10-06 15:27:56,2025-10-20 10:54:39,26.857,3,1,False,71,71,1.0,2026-09-29 17:54:02
DOH-100470304079,Department of Health(DOH),doh,NGA,2025-09-23 14:35:00,Q3,Architecture Undergraduate Thesis,PARTIALLY SUCCESSFUL,partially successful,True,True,True,2025-09-24 14:06:00,0.98,2025-10-16 17:11:00,2025-09-24 14:06:37,2025-10-16 17:11:32,23.109,2,2,False,4071,100,40.71,2026-09-29 17:54:03
CAAP-067648077841,Civil Aviation Authority of the Philippines(CAAP),caap,GOCC,2025-09-23 18:57:00,Q3,Architectural Research and Thesis Writing,SUCCESSFUL,successful,True,True,True,2025-09-25 15:07:00,1.84,2025-09-25 15:07:00,,2025-09-25 15:07:13,1.84,1,2,False,394,92,4.282608695652174,2026-09-29 17:54:06
METCEBWD-235220649429,Metropolitan Cebu Water District(METCEBWD),metcebwd,WATER-DISTRICT,2025-09-24 00:11:00,Q3,Thesis purposes,SUCCESSFUL,successful,True,True,True,2025-09-24 10:43:00,0.439,2025-10-09 14:53:00,2025-09-24 10:43:13,2025-10-09 14:53:17,15.613,2,1,False,150,150,1.0,2026-09-29 17:54:07
USAP-067537197502,"City of Pasig, NCR(USAP)",usap,LGU,2025-09-24 07:50:00,Q3,Research and Academic Purposes,SUCCESSFUL,successful,True,True,True,2025-10-06 15:30:00,12.319,2025-10-15 09:53:00,2025-10-06 15:30:52,2025-10-15 09:53:01,21.085,3,1,False,71,71,1.0,2026-09-29 17:54:09
AFP-712212695894,Armed Forces of the Philippines(AFP),afp,NGA,2025-09-24 14:45:00,Q3,Data for thesis,SUCCESSFUL,successful,True,True,True,2025-09-24 16:10:00,0.059,2025-10-14 16:39:00,,2025-10-14 16:39:06,20.079,2,1,False,4071,100,40.71,2026-09-29 17:54:12
PGLU-939105931165,"Province of La Union, Region I(PGLU)",pglu,LGU,2025-09-24 15:01:00,Q3,Thesis Research,PENDING,open,False,False,False,,,,,,,0,1,False,71,71,1.0,2026-09-29 17:54:13
SILWD-472046553832,Silang Water District(SILWD),silwd,WATER-DISTRICT,2025-09-24 15:56:00,Q3,For research project,SUCCESSFUL,successful,True,True,True,2025-09-25 14:58:00,0.96,2025-10-02 17:42:00,2025-09-25 14:58:00,2025-10-02 17:42:27,8.074,3,1,False,150,150,1.0,2026-09-29 17:54:15
UPD-505552890349,University of the Philippines Diliman(UPD),upd,SUC,2025-09-24 22:37:00,Q3,Architectural Thesis,DENIED,unsuccessful,True,False,True,2025-09-29 02:13:00,4.15,2025-09-29 02:13:00,,2025-09-29 02:13:50,4.151,1,1,False,94,82,1.146341463414634,2026-09-29 17:54:17
USAP-082201669552,"City of Pasig, NCR(USAP)",usap,LGU,2025-09-24 22:41:00,Q3,Research Purposes,SUCCESSFUL,successful,True,True,True,2025-10-06 15:32:00,11.702,2025-10-13 17:26:00,2025-10-06 15:32:08,2025-10-13 17:26:12,18.781,3,1,False,71,71,1.0,2026-09-29 17:54:19
USAP-319712487830,"City of Pasig, NCR(USAP)",usap,LGU,2025-09-24 23:08:00,Q3,Thesis Project,SUCCESSFUL,successful,True,True,True,2025-10-06 15:34:00,11.685,2025-10-17 17:36:00,2025-10-06 15:34:24,2025-10-17 17:36:42,22.77,4,1,False,71,71,1.0,2026-09-29 17:54:21
CHED-668542961809,Commission on Higher Education(CHED),ched,NGA,2025-09-25 00:52:00,Q3,Thesis Research,SUCCESSFUL,successful,True,True,True,2025-09-25 13:39:00,0.533,2025-10-07 13:22:00,2025-09-25 13:39:58,2025-10-07 13:22:46,12.521,2,1,False,4071,100,40.71,2026-09-29 17:54:22
PNP-866420151175,Philippine National Police(PNP),pnp,LEA,2025-09-25 06:33:00,Q3,Architectural Thesis,SUCCESSFUL,successful,True,True,True,2025-09-25 13:10:00,0.276,2025-10-08 09:16:00,2025-09-25 13:10:23,2025-10-08 09:16:57,13.114,2,2,False,122,102,1.196078431372549,2026-09-29 17:54:24
USEP-703234371274,University of Southeastern Philippines(USEP),usep,SUC,2025-09-25 09:40:00,Q3,For reference and integration in the Library Manual.,SUCCESSFUL,successful,True,True,True,2025-09-25 09:43:00,0.002,2025-09-26 12:55:00,2025-09-25 09:43:50,2025-09-26 12:55:09,1.136,2,1,False,94,82,1.146341463414634,2026-09-29 17:54:26
USAP-491656654715,"City of Pasig, NCR(USAP)",usap,LGU,2025-09-25 10:16:00,Q3,Architectural Thesis,DENIED,unsuccessful,True,False,True,2025-10-06 15:40:00,11.225,2025-10-06 15:40:00,,2025-10-06 15:40:09,11.225,1,1,False,71,71,1.0,2026-09-29 17:54:27
CTU-531954542078,Cebu Technological University(CTU),ctu,SUC,2025-09-25 16:47:00,Q3,Egonomics Research paper,DENIED,unsuccessful,True,False,True,2025-10-09 08:35:00,13.658,2025-10-09 08:37:00,,2025-10-09 08:37:43,13.66,2,1,False,94,82,1.146341463414634,2026-09-29 17:54:29
DSWD-450463540947,Department of Social Welfare and Development(DSWD),dswd,NGA,2025-09-25 20:16:00,Q3,For Architectural Thesis,SUCCESSFUL,successful,True,True,True,2025-09-26 09:37:00,0.556,2025-11-19 15:39:00,2025-09-26 09:37:32,2025-11-19 15:39:40,54.808,3,1,False,4071,100,40.71,2026-09-29 17:54:31
DICT-448807964434,Department of Information and Communications Technology(DICT),dict,NGA,2025-09-25 21:44:00,Q3,Architectural thesis,SUCCESSFUL,successful,True,True,True,2025-09-29 09:48:00,3.503,2025-10-01 14:54:00,2025-09-29 09:48:01,2025-10-01 14:54:00,5.715,2,1,False,4071,100,40.71,2026-09-29 17:54:33
NAPOCOR-553643570291,National Power Corporation(NAPOCOR),napocor,GOCC,2025-09-26 09:10:00,Q3,Proper Documentation and Records,SUCCESSFUL,successful,True,True,True,2025-09-30 15:35:00,4.267,2025-10-10 16:25:00,2025-09-30 15:35:46,2025-10-10 16:25:01,14.302,2,1,False,394,92,4.282608695652174,2026-09-29 17:54:35
PSALM-136551312180,Power Sector Assets and Liabilities Management Corporation(PSALM),psalm,GOCC,2025-09-26 09:16:00,Q3,Proper Documentation of Correct Jurisdictional Boundaries,SUCCESSFUL,successful,True,True,True,2025-09-29 10:38:00,3.057,2025-10-16 08:12:00,2025-09-29 10:38:51,2025-10-16 08:12:22,19.956,2,1,False,394,92,4.282608695652174,2026-09-29 17:54:36
PPA-561870466161,Philippine Ports Authority(PPA),ppa,GOCC,2025-09-26 20:21:00,Q3,Architectural Thesis,REFERRED,referred,False,False,False,,,,,,,0,1,False,394,92,4.282608695652174,2026-09-29 17:54:38
PCIC-055493208275,Philippine Crop Insurance Corporation(PCIC),pcic,GOCC,2025-09-28 21:42:00,Q3,Undergraduate Thesis,DENIED,unsuccessful,True,False,True,2025-10-02 17:54:00,3.842,2025-10-02 17:54:00,,2025-10-02 17:54:14,3.842,1,1,False,394,92,4.282608695652174,2026-09-29 17:54:40
PCIC-810806503076,Philippine Crop Insurance Corporation(PCIC),pcic,GOCC,2025-09-28 21:44:00,Q3,Thesis undergrad,DENIED,unsuccessful,True,False,True,2025-10-02 17:34:00,3.826,2025-10-02 17:56:00,,2025-10-02 17:56:27,3.842,2,1,False,394,92,4.282608695652174,2026-09-29 17:54:42
PSA-253004748036,Philippine Statistics Authority(PSA),psa,NGA,2025-09-29 09:54:00,Q3,Architectural Rsearch,PARTIALLY SUCCESSFUL,partially successful,True,True,True,2025-09-30 14:00:00,1.171,2025-09-30 14:00:00,,2025-09-30 14:00:58,1.172,1,2,False,4071,100,40.71,2026-09-29 17:54:44
UPPGH-641476180001,University of the Philippines - Philippine General Hospital(UPPGH),uppgh,SUC,2025-09-29 10:35:00,Q3,Background of the study of thesis study,SUCCESSFUL,successful,True,True,True,2025-09-30 09:09:00,0.94,2025-09-30 09:09:00,,2025-09-30 09:09:28,0.941,1,1,False,94,82,1.146341463414634,2026-09-29 17:54:46
DHSUD-171489419991,Department of Human Settlements and Urban Development(DHSUD),dhsud,NGA,2025-09-29 11:25:00,Q3,for thesis,SUCCESSFUL,successful,True,True,True,2025-10-01 17:49:00,2.267,2025-11-06 14:08:00,2025-10-01 17:49:55,2025-11-06 14:08:20,38.113,3,1,False,4071,100,40.71,2026-09-29 17:54:47
BFAR-092954403638,Bureau of Fisheries and Aquatic Resources(BFAR),bfar,NGA,2025-09-29 14:16:00,Q3,Research Purposes,SUCCESSFUL,successful,True,True,True,2025-09-30 08:47:00,0.772,2025-10-09 15:29:00,2025-09-30 08:47:46,2025-10-09 15:29:11,10.051,3,1,False,4071,100,40.71,2026-09-29 17:54:49
CPA-043211105355,Cebu Port Authority(CPA),cpa,GOCC,2025-09-29 15:47:00,Q3,Research and development,SUCCESSFUL,successful,True,True,True,2025-09-29 16:31:00,0.031,2025-10-28 11:22:00,2025-09-29 16:31:27,2025-10-28 11:22:20,28.816,2,1,False,394,92,4.282608695652174,2026-09-29 17:54:51
DILG-741933109585,Department of the Interior and Local Government(DILG),dilg,NGA,2025-09-29 15:56:00,Q3,Architectural Thesis,DENIED,unsuccessful,True,False,True,2025-09-30 16:03:00,1.005,2025-09-30 16:03:00,,2025-09-30 16:03:24,1.005,1,1,False,4071,100,40.71,2026-09-29 17:54:53
SBMA-434534012733,Subic Bay Metropolitan Authority(SBMA),sbma,GOCC,2025-09-29 16:05:00,Q3,Research and development,SUCCESSFUL,successful,True,True,True,2025-09-30 09:20:00,0.719,2025-10-08 11:23:00,2025-09-30 09:20:44,2025-10-08 11:23:38,8.805,2,1,False,394,92,4.282608695652174,2026-09-29 17:54:54
UPLB-228174833165,University of the Philippines Los Banos(UPLB),uplb,SUC,2025-09-29 16:48:00,Q3,Architectural Thesis,DENIED,unsuccessful,True,False,True,2025-09-30 08:21:00,0.648,2025-10-10 15:42:00,2025-09-30 08:21:48,2025-10-10 15:42:28,10.954,3,3,False,94,82,1.146341463414634,2026-09-29 17:55:12
UP-743703149991,University of the Philippines System(UP),up,SUC,2025-09-29 17:04:00,Q3,Architectural Thesis,SUCCESSFUL,successful,True,True,True,2025-09-30 16:41:00,0.984,2025-10-09 09:39:00,2025-09-30 16:41:04,2025-10-09 09:39:08,9.691,3,2,False,94,82,1.146341463414634,2026-09-29 17:55:13
DPWH-869707638385,Department of Public Works and Highways(DPWH),dpwh,NGA,2025-09-29 22:13:00,Q3,"Verify and secure my professional records, ensure that my credentials are not being used or have not been used without my consent.",SUCCESSFUL,successful,True,True,True,2025-09-30 08:08:00,0.413,2025-10-07 09:22:00,2025-09-30 08:08:39,2025-10-07 09:22:22,7.465,2,1,False,4071,100,40.71,2026-09-29 17:55:15
USAP-496458182159,"City of Pasig, NCR(USAP)",usap,LGU,2025-09-29 22:29:00,Q3,Architectural Undergraduate Thesis,PARTIALLY SUCCESSFUL,partially successful,True,True,True,2025-10-06 15:52:00,6.724,2025-10-13 17:59:00,2025-10-06 15:52:15,2025-10-13 17:59:40,13.813,2,1,False,71,71,1.0,2026-09-29 17:55:17
PNP-949472208843,Philippine National Police(PNP),pnp,LEA,2025-09-29 22:32:00,Q3,5th Year Architectural Thesis,SUCCESSFUL,successful,True,True,True,2025-09-30 15:05:00,0.69,2025-12-03 08:05:00,2025-09-30 15:05:03,2025-12-03 08:05:13,64.398,3,2,False,122,102,1.196078431372549,2026-09-29 17:55:19
CDC-591379793641,Clark Development Corporation(CDC),cdc,GOCC,2025-09-30 08:45:00,Q3,Architectural Thesis Study,PARTIALLY SUCCESSFUL,partially successful,True,True,True,2025-09-30 16:51:00,0.338,2025-09-30 16:51:00,,2025-09-30 16:51:17,0.338,1,1,False,394,92,4.282608695652174,2026-09-29 17:55:21
PNP-270745075797,Philippine National Police(PNP),pnp,LEA,2025-09-30 09:51:00,Q3,Architectural Research,DENIED,unsuccessful,True,False,True,2025-09-30 15:05:00,0.218,2025-10-06 12:01:00,2025-09-30 15:05:40,2025-10-06 12:01:31,6.091,3,1,False,122,102,1.196078431372549,2026-09-29 17:55:23
PNP-694880814618,Philippine National Police(PNP),pnp,LEA,2025-09-30 10:27:00,Q3,Architectural Research,SUCCESSFUL,successful,True,True,True,2025-09-30 15:09:00,0.196,2025-10-08 10:58:00,2025-09-30 15:09:00,2025-10-08 10:58:43,8.022,3,1,False,122,102,1.196078431372549,2026-09-29 17:55:25
CGA-729773953538,"City of Antipolo, Region IV-A(CGA)",cga,LGU,2025-09-30 10:32:00,Q3,architectural thesis purposes,SUCCESSFUL,successful,True,True,True,2025-10-14 10:16:00,13.989,2025-10-14 10:16:00,,2025-10-14 10:16:09,13.989,1,1,False,71,71,1.0,2026-09-29 17:55:27
MWSS-014266921170,Metropolitan Waterworks and Sewerage System Regulatory Office(MWSS),mwss,GOCC,2025-09-30 15:04:00,Q3,Research and Business Reports,CLOSED,unsuccessful,True,False,True,2025-10-01 11:24:00,0.847,2025-10-01 11:32:00,2025-10-01 11:32:39,,,2,1,False,394,92,4.282608695652174,2026-09-29 17:55:29
DENRLMB-621401577964,Land Management Bureau(DENRLMB),denrlmb,NGA,2025-09-30 17:27:00,Q3,"Research and Development, Architectural Thesis",SUCCESSFUL,successful,True,True,True,2025-10-01 17:28:00,1.001,2025-10-17 10:51:00,2025-10-01 17:28:17,2025-10-17 10:51:27,16.725,2,1,False,4071,100,40.71,2026-09-29 17:55:31
DOH-061126025074,Department of Health(DOH),doh,NGA,2025-09-30 19:09:00,Q3,FOR THESIS UNDERGRADUATE,SUCCESSFUL,successful,True,True,True,2025-10-02 09:59:00,1.618,2025-10-02 09:59:00,,2025-10-02 09:59:02,1.618,1,1,False,4071,100,40.71,2026-09-29 17:55:33
MIAA-871415618260,Manila International Airport Authority(MIAA),miaa,GOCC,2025-10-01 05:52:00,Q4,Tourism Research Paper,DENIED,unsuccessful,True,False,True,2025-11-18 17:36:00,48.489,2025-11-18 17:36:00,,2025-11-18 17:36:51,48.489,1,2,False,459,107,4.289719626168225,2026-09-29 17:55:35
CAAP-509366830916,Civil Aviation Authority of the Philippines(CAAP),caap,GOCC,2025-10-01 08:16:00,Q4,Feasibility Study for the Subject Airport Planning and Design Laboratory,SUCCESSFUL,successful,True,True,True,2025-10-13 10:13:00,12.081,2025-10-16 13:31:00,2025-10-13 10:13:06,2025-10-16 13:31:14,15.219,2,1,False,459,107,4.289719626168225,2026-09-29 17:55:37
PNP-165392982045,Philippine National Police(PNP),pnp,LEA,2025-10-01 14:33:00,Q4,For the quarterly Crime Assessment Report,SUCCESSFUL,successful,True,True,True,2025-10-01 21:15:00,0.279,2025-10-03 14:39:00,2025-10-01 21:15:17,2025-10-03 14:39:04,2.004,2,1,False,109,91,1.1978021978021978,2026-09-29 17:55:38
CGA-095850827519,"City of Antipolo, Region IV-A(CGA)",cga,LGU,2025-10-01 14:36:00,Q4,For Architectural Thesis Study,SUCCESSFUL,successful,True,True,True,2025-10-14 10:12:00,12.817,2025-10-14 10:12:00,,2025-10-14 10:12:44,12.817,1,1,False,59,59,1.0,2026-09-29 17:55:40
PNP-650910456695,Philippine National Police(PNP),pnp,LEA,2025-10-01 14:41:00,Q4,For the quarterly crime assessment of the the region,SUCCESSFUL,successful,True,True,True,2025-10-01 21:15:00,0.274,2025-10-03 14:37:00,2025-10-01 21:15:58,2025-10-03 14:37:03,1.997,2,1,False,109,91,1.1978021978021978,2026-09-29 17:55:42
PNP-204686560647,Philippine National Police(PNP),pnp,LEA,2025-10-01 18:03:00,Q4,"this will be utilized solely for academic and undergraduate research purposes in connection with my thesis in architecture in BULACAN STATE UNIVERSITY. Specifically, the data will be serve as a basis for analyzing rthe current profile and needs of CICL in order to propose innovation in architecture and design solution for juvenile rehabilitation facilities.",CLOSED,unsuccessful,True,False,True,2025-10-01 21:16:00,0.134,2025-10-04 11:07:00,2025-10-01 21:16:31,,,2,1,False,109,91,1.1978021978021978,2026-09-29 17:55:44
PNP-686378914715,Philippine National Police(PNP),pnp,LEA,2025-10-02 02:37:00,Q4,Architectural research,SUCCESSFUL,successful,True,True,True,2025-10-03 14:31:00,1.496,2025-10-07 14:16:00,2025-10-03 14:31:59,2025-10-07 14:16:12,5.486,3,1,False,109,91,1.1978021978021978,2026-09-29 17:55:47
USAP-222748475471,"City of Pasig, NCR(USAP)",usap,LGU,2025-10-02 13:27:00,Q4,INTENDED FOR ACADEMIC USE,SUCCESSFUL,successful,True,True,True,2025-10-06 16:03:00,4.108,2025-10-15 09:51:00,2025-10-06 16:03:09,2025-10-15 09:51:20,12.85,3,1,False,59,59,1.0,2026-09-29 17:55:49
UPLB-493077637396,University of the Philippines Los Banos(UPLB),uplb,SUC,2025-10-02 15:34:00,Q4,Research and development,ACCEPTED,open,False,False,True,2025-10-15 16:57:00,13.058,2025-11-04 13:14:00,2025-10-15 16:57:08,,,2,1,False,81,71,1.1408450704225352,2026-09-29 17:55:51
PSA-273830661408,Philippine Statistics Authority(PSA),psa,NGA,2025-10-02 15:39:00,Q4,Research and Development,PARTIALLY SUCCESSFUL,partially successful,True,True,True,2025-10-02 16:12:00,0.023,2025-10-02 16:12:00,,2025-10-02 16:12:34,0.023,1,1,False,3945,97,40.670103092783506,2026-09-29 17:55:53
USAP-453114359933,"City of Pasig, NCR(USAP)",usap,LGU,2025-10-02 16:18:00,Q4,Architectural Capstone Thesis,SUCCESSFUL,successful,True,True,True,2025-10-06 16:05:00,3.991,2025-10-20 10:58:00,2025-10-06 16:05:59,2025-10-20 10:58:59,17.778,3,1,False,59,59,1.0,2026-09-29 17:55:55
DHVSU-230029424580,Don Honorio Ventura State University(DHVSU),dhvsu,SUC,2025-10-02 16:21:00,Q4,Undergraduate Thesis,SUCCESSFUL,successful,True,True,True,2025-10-20 15:06:00,17.948,2025-10-28 09:27:00,2025-10-20 15:06:24,2025-10-28 09:27:41,25.713,2,2,False,81,71,1.1408450704225352,2026-09-29 17:55:57
PH-923040626364,PhilHealth(PH),ph,GOCC,2025-10-02 16:30:00,Q4,Thesis Capstone,SUCCESSFUL,successful,True,True,True,2025-10-03 11:22:00,0.786,2025-10-03 13:52:00,2025-10-03 11:22:01,2025-10-03 13:52:49,0.891,2,1,False,459,107,4.289719626168225,2026-09-29 17:55:59
LSPU-742797341595,Laguna State Polytechnic University(LSPU),lspu,SUC,2025-10-02 16:35:00,Q4,Undergraduate Thesis,SUCCESSFUL,successful,True,True,True,2025-10-07 08:25:00,4.66,2025-10-07 09:16:00,2025-10-07 08:25:27,2025-10-07 09:16:01,4.695,2,1,False,81,71,1.1408450704225352,2026-09-29 17:56:01
USAP-853747163305,"City of Pasig, NCR(USAP)",usap,LGU,2025-10-02 19:39:00,Q4,Thesis Project,SUCCESSFUL,successful,True,True,True,2025-10-06 16:08:00,3.853,2025-10-27 13:14:00,2025-10-06 16:08:50,2025-10-27 13:14:14,24.733,3,1,False,59,59,1.0,2026-09-29 17:56:03
DTI-009315075396,Department of Trade and Industry(DTI),dti,NGA,2025-10-02 19:49:00,Q4,Feasibility study (Quantitative research),DENIED,unsuccessful,True,False,True,2025-10-03 11:47:00,0.665,2025-10-03 11:47:00,,2025-10-03 11:47:40,0.666,1,1,False,3945,97,40.670103092783506,2026-09-29 17:56:05
DMMMSU-040436942279,Don Mariano Marcos Memorial State University(DMMMSU),dmmmsu,SUC,2025-10-02 22:01:00,Q4,"I am currently working on my academic capstone project entitled ""Coral Legacy: A contemporary Hybrid Public Library over Crafted Water Court."" Based on my criteria and site analysis, the selected site is located within the vicinity of DMMSU and near TESDA. This strategic location highlights the potential for academic and community partnerships, particularly with DMMSU (San Fernando City, La Union), as the project may directly benefit both the university and the community. Establishing such collaboration would not only enhance the relevance of the project, Hybrid Public Library, but also maximize its impact in promoting literacy, education, and skills development in La Union.",SUCCESSFUL,successful,True,True,True,2025-10-10 15:08:00,7.713,2025-10-10 15:08:00,,2025-10-10 15:08:31,7.714,1,1,False,81,71,1.1408450704225352,2026-09-29 17:56:07
PNP-836021781496,Philippine National Police(PNP),pnp,LEA,2025-10-03 09:16:00,Q4,To report loan app,DENIED,unsuccessful,True,False,True,2025-10-03 14:32:00,0.219,2025-10-06 09:51:00,2025-10-03 14:32:29,2025-10-06 09:51:14,3.024,2,1,False,109,91,1.1978021978021978,2026-09-29 17:56:10
PNPDO-568518814050,Philippine National Police - Directorate for Operations(PNPDO),pnpdo,LEA,2025-10-03 16:11:00,Q4,For thesis demand analysis,CLOSED,unsuccessful,True,False,True,2026-01-05 11:57:00,93.824,2026-01-05 11:57:00,2026-01-05 11:57:24,,,1,2,False,109,91,1.1978021978021978,2026-09-29 17:56:11
NBSC-664589954574,Northern Bukidnon State College(NBSC),nbsc,SUC,2025-10-03 16:25:00,Q4,For email blast of NBSC Advisories and Issuances.,SUCCESSFUL,successful,True,True,True,2025-10-07 09:35:00,3.715,2025-10-07 15:18:00,2025-10-07 09:35:34,2025-10-07 15:18:43,3.954,2,1,False,81,71,1.1408450704225352,2026-09-29 17:56:13
GSIS-319019233714,Government Service Insurance System(GSIS),gsis,GOCC,2025-10-03 18:41:00,Q4,For an Undergraduate architecture thesis study,SUCCESSFUL,successful,True,True,True,2025-10-20 15:38:00,16.873,2025-12-26 17:10:00,2025-10-22 09:01:19,2025-12-26 17:10:47,83.937,6,1,False,459,107,4.289719626168225,2026-09-29 17:56:16
CDC-819846360496,Clark Development Corporation(CDC),cdc,GOCC,2025-10-05 15:08:00,Q4,Architectural Undergraduate Thesis Research Project,PARTIALLY SUCCESSFUL,partially successful,True,True,True,2025-10-06 12:14:00,0.879,2025-10-06 12:14:00,,2025-10-06 12:14:18,0.879,1,1,False,459,107,4.289719626168225,2026-09-29 17:56:17
CGB-068506532248,CITY GOVERNMENT OF BATANGAS(CGB),cgb,LGU,2025-10-05 16:57:00,Q4,for employment,SUCCESSFUL,successful,True,True,True,2026-02-05 16:47:00,122.993,2026-02-05 16:47:00,,2026-02-05 16:47:51,122.994,1,1,False,59,59,1.0,2026-09-29 17:56:19
PNP-710241715018,Philippine National Police(PNP),pnp,LEA,2025-10-05 22:09:00,Q4,Research and analysis,SUCCESSFUL,successful,True,True,True,2025-10-06 11:34:00,0.559,2025-10-17 15:03:00,2025-10-06 11:34:59,2025-10-17 15:03:48,11.705,3,1,False,109,91,1.1978021978021978,2026-09-29 17:56:21
CCP-843573680002,Cultural Center of the Philippines(CCP),ccp,GOCC,2025-10-06 06:11:00,Q4,Research for Thesis Project,SUCCESSFUL,successful,True,True,True,2025-10-08 11:34:00,2.224,2025-10-08 11:34:00,,2025-10-08 11:34:56,2.225,1,1,False,459,107,4.289719626168225,2026-09-29 17:56:22
PNPDICTM-858854597178,Philippine National Police - Directorate for Information and Communications Technology Management(PNPDICTM),pnpdictm,LEA,2025-10-06 08:55:00,Q4,Purpose is to locate the scammer and to file a complaint,PENDING,open,False,False,False,,,,,,,0,2,False,109,91,1.1978021978021978,2026-09-29 17:56:24
USAP-014233126509,"City of Pasig, NCR(USAP)",usap,LGU,2025-10-06 12:45:00,Q4,Area Study Research,CLOSED,unsuccessful,True,False,True,2025-10-06 16:11:00,0.143,2025-10-27 13:15:00,2025-10-06 16:11:04,,,3,1,False,59,59,1.0,2026-09-29 17:56:27
USAP-721620081191,"City of Pasig, NCR(USAP)",usap,LGU,2025-10-06 14:05:00,Q4,Architectural Undergraduate Thesis,SUCCESSFUL,successful,True,True,True,2025-10-06 16:18:00,0.092,2025-10-27 13:16:00,2025-10-06 16:18:06,2025-10-27 13:16:48,20.967,3,1,False,59,59,1.0,2026-09-29 17:56:28
PNP-577322261219,Philippine National Police(PNP),pnp,LEA,2025-10-06 15:13:00,Q4,Academic Research and Thesis,DENIED,unsuccessful,True,False,True,2025-10-07 07:47:00,0.69,2025-10-08 17:12:00,2025-10-07 07:47:02,2025-10-08 17:12:06,2.083,3,1,False,109,91,1.1978021978021978,2026-09-29 17:56:30
TESDA-533288690603,Technical Education and Skills Development Authority(TESDA),tesda,NGA,2025-10-06 20:35:00,Q4,For Undergraduate Thesis,PENDING,open,False,False,False,,,,,,,0,1,False,3945,97,40.670103092783506,2026-09-29 17:56:32
PSAU-420754890886,Pampanga State Agricultural University(PSAU),psau,SUC,2025-10-06 23:15:00,Q4,For Employment Purpose,SUCCESSFUL,successful,True,True,True,2025-10-07 08:22:00,0.38,2025-10-07 09:50:00,2025-10-07 08:22:45,2025-10-07 09:50:23,0.441,2,1,False,81,71,1.1408450704225352,2026-09-29 17:56:34
PGB-238551010869,Provincial Government of Bataan(PGB),pgb,LGU,2025-10-07 12:19:00,Q4,Architectral thesis,SUCCESSFUL,successful,True,True,True,2026-07-30 16:44:00,296.184,2026-07-30 16:44:00,,2026-07-30 16:44:56,296.185,1,1,False,59,59,1.0,2026-09-29 17:56:36
NFRDI-416626464117,National Fisheries Research and Development Institute(NFRDI),nfrdi,NGA,2025-10-07 14:51:00,Q4,Undergraduate Thesis,PARTIALLY SUCCESSFUL,partially successful,True,True,True,2025-10-08 08:31:00,0.736,2025-11-04 09:04:00,2025-10-08 08:31:56,2025-11-04 09:04:48,27.76,3,4,False,3945,97,40.670103092783506,2026-09-29 17:56:37
PNP-929669089197,Philippine National Police(PNP),pnp,LEA,2025-10-07 15:13:00,Q4,Thesis Book,SUCCESSFUL,successful,True,True,True,2025-10-08 11:01:00,0.825,2025-10-16 15:41:00,2025-10-08 11:01:35,2025-10-16 15:41:56,9.02,3,1,False,109,91,1.1978021978021978,2026-09-29 17:56:39
SBMA-643264886038,Subic Bay Metropolitan Authority(SBMA),sbma,GOCC,2025-10-08 01:42:00,Q4,ARCHITECTURE THESIS,PARTIALLY SUCCESSFUL,partially successful,True,True,True,2025-10-08 11:14:00,0.397,2025-10-15 13:52:00,2025-10-08 11:14:36,2025-10-15 13:52:11,7.507,2,2,False,459,107,4.289719626168225,2026-09-29 17:56:41
BFAR-359620057022,Bureau of Fisheries and Aquatic Resources(BFAR),bfar,NGA,2025-10-08 11:57:00,Q4,Academic Research,SUCCESSFUL,successful,True,True,True,2025-10-08 13:46:00,0.076,2025-12-10 16:36:00,2025-10-08 13:46:35,2025-12-10 16:36:10,63.194,4,2,False,3945,97,40.670103092783506,2026-09-29 17:56:42
PNP-481792651975,Philippine National Police(PNP),pnp,LEA,2025-10-08 14:40:00,Q4,For General Public Information,CLOSED,unsuccessful,True,False,True,2025-10-09 16:20:00,1.069,2025-11-17 08:52:00,2025-10-09 16:20:55,,,3,2,False,109,91,1.1978021978021978,2026-09-29 17:56:45
DOTr-710487983116,Department of Transportation(DOTr),dotr,NGA,2025-10-08 15:24:00,Q4,Policy advocacy,SUCCESSFUL,successful,True,True,True,2025-10-09 07:56:00,0.689,2025-10-15 11:12:00,2025-10-09 07:56:18,2025-10-15 11:12:08,6.825,2,1,False,3945,97,40.670103092783506,2026-09-29 17:56:47
PNP-873809808226,Philippine National Police(PNP),pnp,LEA,2025-10-08 15:46:00,Q4,Academic Research,DENIED,unsuccessful,True,False,True,2025-10-09 16:21:00,1.024,2025-12-17 12:22:00,2025-10-09 16:21:55,2025-12-17 12:22:36,69.859,3,1,False,109,91,1.1978021978021978,2026-09-29 17:56:49
LRTA-077375624777,Light Rail Transit Authority(LRTA),lrta,GOCC,2025-10-08 17:02:00,Q4,Research for Wikipedia articles,SUCCESSFUL,successful,True,True,True,2025-10-21 14:22:00,12.889,2025-10-21 14:22:00,,2025-10-21 14:22:29,12.889,1,1,False,459,107,4.289719626168225,2026-09-29 17:56:52
DOTr-758506518098,Department of Transportation(DOTr),dotr,NGA,2025-10-08 22:02:00,Q4,For use in Wikipedia articles,DENIED,unsuccessful,True,False,True,2025-10-09 08:04:00,0.418,2025-10-28 10:37:00,2025-10-09 08:04:37,2025-10-28 10:37:27,19.525,2,1,False,3945,97,40.670103092783506,2026-09-29 17:56:54
KCWD-233716529591,Kabankalan City Water District(KCWD),kcwd,WATER-DISTRICT,2025-10-08 23:14:00,Q4,Thesis Research in Architecture,SUCCESSFUL,successful,True,True,True,2026-01-22 08:42:00,105.394,2026-01-22 09:00:00,,2026-01-22 09:00:43,105.407,2,1,False,88,88,1.0,2026-09-29 17:57:59
PNP-179331902872,Philippine National Police(PNP),pnp,LEA,2025-10-09 08:27:00,Q4,thesis and data collection,DENIED,unsuccessful,True,False,True,2025-10-09 16:22:00,0.33,2025-10-10 10:16:00,2025-10-09 16:22:45,2025-10-10 10:16:04,1.076,2,1,False,109,91,1.1978021978021978,2026-09-29 17:58:01
PNP-648951476908,Philippine National Police(PNP),pnp,LEA,2025-10-09 08:43:00,Q4,THESIS AND RESEARCH PURPOSES,DENIED,unsuccessful,True,False,True,2025-10-09 16:23:00,0.319,2025-10-10 10:18:00,2025-10-09 16:23:31,2025-10-10 10:18:11,1.066,2,1,False,109,91,1.1978021978021978,2026-09-29 17:58:03
NHA-868490543299,National Housing Authority(NHA),nha,GOCC,2025-10-09 09:33:00,Q4,Undergraduate thesis,SUCCESSFUL,successful,True,True,True,2025-10-09 17:20:00,0.324,2025-10-27 09:47:00,2025-10-09 17:20:05,2025-10-27 09:47:40,18.01,2,1,False,459,107,4.289719626168225,2026-09-29 17:58:05
PNP-339080184223,Philippine National Police(PNP),pnp,LEA,2025-10-09 09:55:00,Q4,THESIS AND DATA GATHERING,SUCCESSFUL,successful,True,True,True,2025-10-09 16:23:00,0.269,2025-10-13 11:08:00,2025-10-09 16:23:47,2025-10-13 11:08:21,4.051,3,1,False,109,91,1.1978021978021978,2026-09-29 17:58:07
DCWD-087989578373,Davao City Water District(DCWD),dcwd,WATER-DISTRICT,2025-10-09 10:07:00,Q4,Academic research and analysis for Philippine groundwater management strategies,ACCEPTED,open,False,False,True,2025-10-09 13:36:00,0.145,2025-10-09 13:36:00,2025-10-09 13:36:48,,,1,1,False,88,88,1.0,2026-09-29 17:58:10
LTO-555865621080,Land Transportation Office(LTO),lto,NGA,2025-10-09 14:02:00,Q4,Research and Development,DENIED,unsuccessful,True,False,True,2025-10-13 14:00:00,3.999,2025-10-13 14:00:00,,2025-10-13 14:00:28,3.999,1,1,False,3945,97,40.670103092783506,2026-09-29 17:58:11
METCEBWD-502200986142,Metropolitan Cebu Water District(METCEBWD),metcebwd,WATER-DISTRICT,2025-10-09 14:03:00,Q4,Undergraduate Thesis,DENIED,unsuccessful,True,False,True,2025-10-09 14:54:00,0.035,2025-11-03 09:58:00,2025-10-09 14:54:08,2025-11-03 09:58:51,24.83,3,2,False,88,88,1.0,2026-09-29 17:58:13
USEP-256813986153,University of Southeastern Philippines(USEP),usep,SUC,2025-10-09 14:40:00,Q4,Academic Purposes (Coursework),SUCCESSFUL,successful,True,True,True,2025-10-09 14:48:00,0.006,2025-10-15 12:27:00,2025-10-09 14:48:18,2025-10-15 12:27:06,5.908,2,1,False,81,71,1.1408450704225352,2026-09-29 17:58:16
UPM-245360187459,University of the Philippines Manila(UPM),upm,SUC,2025-10-09 15:53:00,Q4,Research and Thesis,SUCCESSFUL,successful,True,True,True,2025-10-09 15:57:00,0.003,2025-10-13 13:00:00,2025-10-09 15:57:32,2025-10-13 13:00:01,3.88,3,1,False,81,71,1.1408450704225352,2026-09-29 17:58:17
PNP-799156565119,Philippine National Police(PNP),pnp,LEA,2025-10-09 17:38:00,Q4,Academic Thesis Research,SUCCESSFUL,successful,True,True,True,2025-10-10 10:28:00,0.701,2025-12-17 20:53:00,2025-10-10 10:28:39,2025-12-17 20:53:07,69.135,3,1,False,109,91,1.1978021978021978,2026-09-29 17:58:20
NAPOCOR-093201832363,National Power Corporation(NAPOCOR),napocor,GOCC,2025-10-09 17:49:00,Q4,Senior high school practical research,DENIED,unsuccessful,True,False,True,2025-10-13 09:55:00,3.671,2025-10-15 13:12:00,2025-10-13 09:55:00,2025-10-15 13:12:36,5.808,2,1,False,459,107,4.289719626168225,2026-09-29 17:58:22
PFDA-163984490629,Philippine Fisheries Development Authority(PFDA),pfda,GOCC,2025-10-09 20:44:00,Q4,Architectural Thesis,SUCCESSFUL,successful,True,True,True,2025-10-13 10:58:00,3.593,2025-10-22 09:42:00,2025-10-13 10:58:50,2025-10-22 09:42:23,12.541,2,1,False,459,107,4.289719626168225,2026-09-29 17:58:23
CNU-209450717668,Cebu Normal University(CNU),cnu,SUC,2025-10-09 21:42:00,Q4,Capstone Study,SUCCESSFUL,successful,True,True,True,2025-10-14 11:44:00,4.585,2025-10-14 11:44:00,,2025-10-14 11:44:11,4.585,1,1,False,81,71,1.1408450704225352,2026-09-29 17:58:25
PUP-913049952713,Polytechnic University of the Philippines(PUP),pup,SUC,2025-10-09 22:11:00,Q4,Academic and Research Purposes,SUCCESSFUL,successful,True,True,True,2025-12-26 19:14:00,77.877,2025-12-26 19:14:00,,2025-12-26 19:14:34,77.877,1,1,False,81,71,1.1408450704225352,2026-09-29 17:58:27
NHA-087401716827,National Housing Authority(NHA),nha,GOCC,2025-10-09 22:16:00,Q4,"For academic purposes, for Quantity Surveying subject.",CLOSED,unsuccessful,True,False,True,2025-10-13 15:29:00,3.717,2025-10-27 10:18:00,2025-10-13 15:29:00,,,2,1,False,459,107,4.289719626168225,2026-09-29 17:58:29
USAP-205550444094,"City of Pasig, NCR(USAP)",usap,LGU,2025-10-10 02:18:00,Q4,Thesis Purpose,SUCCESSFUL,successful,True,True,True,2025-10-14 10:38:00,4.347,2025-10-27 13:03:00,2025-10-14 10:38:09,2025-10-27 13:03:47,17.448,3,1,False,59,59,1.0,2026-09-29 17:58:31
NEA-544655447803,National Electrification Administration(NEA),nea,GOCC,2025-10-10 08:55:00,Q4,Capstone Project,DENIED,unsuccessful,True,False,True,2025-10-10 13:43:00,0.2,2025-10-10 15:30:00,2025-10-10 13:43:44,2025-10-10 15:30:22,0.275,4,1,False,459,107,4.289719626168225,2026-09-29 17:58:33
UPM-475552626511,University of the Philippines Manila(UPM),upm,SUC,2025-10-10 10:21:00,Q4,THESIS AND RESEARCH DATA COLLECTION,SUCCESSFUL,successful,True,True,True,2025-10-13 13:14:00,3.12,2025-10-16 08:45:00,2025-10-13 13:14:13,2025-10-16 08:45:00,5.933,3,3,False,81,71,1.1408450704225352,2026-09-29 17:58:49
UPPGH-214839784463,University of the Philippines - Philippine General Hospital(UPPGH),uppgh,SUC,2025-10-10 11:19:00,Q4,the data will be used in the inclusion of Norepinephrine in the PNDF,ACCEPTED,open,False,False,True,2025-10-10 14:32:00,0.134,2025-10-10 14:32:00,2025-10-10 14:32:25,,,1,2,False,81,71,1.1408450704225352,2026-09-29 17:58:51
HDMF-255797619164,Home Development Mutual Fund/Pag-IBIG Fund(HDMF),hdmf,GOCC,2025-10-10 12:09:00,Q4,Research purposes,SUCCESSFUL,successful,True,True,True,2025-10-10 15:23:00,0.135,2025-12-03 18:40:00,2025-10-10 15:23:26,2025-12-03 18:40:00,54.272,5,4,False,459,107,4.289719626168225,2026-09-29 17:58:53
SBMA-015244604711,Subic Bay Metropolitan Authority(SBMA),sbma,GOCC,2025-10-10 15:08:00,Q4,for our record and reference,SUCCESSFUL,successful,True,True,True,2025-10-22 11:15:00,11.838,2025-10-23 11:43:00,2025-10-22 11:15:10,2025-10-23 11:43:16,12.858,2,1,False,459,107,4.289719626168225,2026-09-29 17:58:55
DENRNAMRIA-468645010120,National Mapping and Resource Information Authority(DENRNAMRIA),denrnamria,NGA,2025-10-10 15:51:00,Q4,Research and Development,DENIED,unsuccessful,True,False,True,2025-10-10 17:13:00,0.057,2025-10-10 17:13:00,,2025-10-10 17:13:09,0.057,1,1,False,3945,97,40.670103092783506,2026-09-29 17:58:57
LWUA-569891949063,Local Water Utilities Administration(LWUA),lwua,GOCC,2025-10-10 15:59:00,Q4,Research and Development,PENDING,open,False,False,False,,,,,,,0,1,False,459,107,4.289719626168225,2026-09-29 17:58:58
CABUWD-676272565277,Cabuyao Water District(CABUWD),cabuwd,WATER-DISTRICT,2025-10-10 19:43:00,Q4,to request an official vaccination card and certificate.,SUCCESSFUL,successful,True,True,True,2025-10-13 11:47:00,2.669,2025-10-13 11:47:00,,2025-10-13 11:47:15,2.67,1,2,False,88,88,1.0,2026-09-29 17:59:00
PUP-847379735806,Polytechnic University of the Philippines(PUP),pup,SUC,2025-10-10 19:58:00,Q4,Research and Feasibility Study,SUCCESSFUL,successful,True,True,True,2025-12-26 19:38:00,76.986,2025-12-26 19:38:00,,2025-12-26 19:38:50,76.987,1,2,False,81,71,1.1408450704225352,2026-09-29 17:59:02
MGB-468818304098,Mines and Geosciences Bureau(MGB),mgb,NGA,2025-10-11 08:12:00,Q4,Research and Development,CLOSED,unsuccessful,True,False,True,2025-10-17 11:47:00,6.149,2025-10-28 17:07:00,2025-10-28 17:07:13,2025-10-17 11:47:02,6.149,2,1,False,3945,97,40.670103092783506,2026-09-29 17:59:04
CDC-642631395638,Clark Development Corporation(CDC),cdc,GOCC,2025-10-11 08:49:00,Q4,Architectural Thesis,SUCCESSFUL,successful,True,True,True,2025-10-14 11:04:00,3.094,2025-10-14 11:04:00,,2025-10-14 11:04:39,3.094,1,1,False,459,107,4.289719626168225,2026-09-29 17:59:06
PNP-418579824142,Philippine National Police(PNP),pnp,LEA,2025-10-11 12:38:00,Q4,Research Purposes,SUCCESSFUL,successful,True,True,True,2025-10-11 14:06:00,0.061,2025-10-23 22:24:00,2025-10-11 14:06:31,2025-10-23 22:24:17,12.407,3,4,False,109,91,1.1978021978021978,2026-09-29 17:59:08
CLSU-613943767479,Central Luzon State University(CLSU),clsu,SUC,2025-10-11 15:34:00,Q4,Thesis Purposes,SUCCESSFUL,successful,True,True,True,2025-10-13 13:50:00,1.928,2025-10-14 22:45:00,2025-10-13 13:50:39,2025-10-14 22:45:53,3.3,2,1,False,81,71,1.1408450704225352,2026-09-29 17:59:10
PCMC-962081836475,Philippine Children's Medical Center(PCMC),pcmc,GOCC,2025-10-11 15:53:00,Q4,Undergraduate Thesis,SUCCESSFUL,successful,True,True,True,2025-10-13 16:25:00,2.022,2025-12-09 14:55:00,2025-10-13 16:25:35,2025-12-09 14:55:36,58.96,3,1,False,459,107,4.289719626168225,2026-09-29 17:59:11
DOT-838580935149,Department of Tourism(DOT),dot,NGA,2025-10-11 20:06:00,Q4,Architectural Thesis/Research Purposes,CLOSED,unsuccessful,True,False,True,2025-10-13 16:57:00,1.869,2025-10-16 12:39:00,2025-10-13 16:57:38,,,2,2,False,3945,97,40.670103092783506,2026-09-29 17:59:14
DENRNWRB-093752985339,National Water Resources Board(DENRNWRB),denrnwrb,NGA,2025-10-11 21:23:00,Q4,Master's Thesis,SUCCESSFUL,successful,True,True,True,2025-10-30 11:25:00,18.585,2025-10-30 11:25:00,,2025-10-30 11:25:25,18.585,1,1,False,3945,97,40.670103092783506,2026-09-29 17:59:16
USAP-030294593825,"City of Pasig, NCR(USAP)",usap,LGU,2025-10-12 18:42:00,Q4,For Area Study Purposes,SUCCESSFUL,successful,True,True,True,2025-10-14 10:44:00,1.668,2025-10-14 11:24:00,2025-10-14 10:44:11,2025-10-14 11:24:28,1.696,3,1,False,59,59,1.0,2026-09-29 17:59:18
LTFRB-561827538439,Land Transportation Franchising and Regulatory Board(LTFRB),ltfrb,NGA,2025-10-12 21:25:00,Q4,Architectural Thesis,CLOSED,unsuccessful,True,False,True,2025-11-13 11:37:00,31.592,2025-11-13 11:37:00,2025-11-13 11:37:42,,,1,1,False,3945,97,40.670103092783506,2026-09-29 17:59:20
PNP-027647422847,Philippine National Police(PNP),pnp,LEA,2025-10-13 05:51:00,Q4,Architectural Thesis,DENIED,unsuccessful,True,False,True,2025-10-13 09:28:00,0.151,2025-10-16 09:05:00,2025-10-13 09:28:01,2025-10-16 09:05:41,3.135,3,2,False,109,91,1.1978021978021978,2026-09-29 17:59:22
PNPDRD-339458876496,Philippine National Police - Directorate for Research and Development(PNPDRD),pnpdrd,LEA,2025-10-13 09:15:00,Q4,thesis and research,PENDING,open,False,False,False,,,,,,,0,2,False,109,91,1.1978021978021978,2026-09-29 17:59:24
PNP-284384041548,Philippine National Police(PNP),pnp,LEA,2025-10-13 09:20:00,Q4,Undergraduate thesis research purposes only,SUCCESSFUL,successful,True,True,True,2025-10-13 11:20:00,0.083,2025-10-29 17:47:00,2025-10-13 11:20:43,2025-10-29 17:47:42,16.353,3,1,False,109,91,1.1978021978021978,2026-09-29 17:59:26
PNP-823334690240,Philippine National Police(PNP),pnp,LEA,2025-10-13 09:43:00,Q4,Undergraduate THESIS RESEARCH purposes only,SUCCESSFUL,successful,True,True,True,2025-10-13 11:21:00,0.068,2025-10-29 17:45:00,2025-10-13 11:21:02,2025-10-29 17:45:57,16.335,3,1,False,109,91,1.1978021978021978,2026-09-29 17:59:28
PNP-242617009503,Philippine National Police(PNP),pnp,LEA,2025-10-13 11:09:00,Q4,Research and Development,SUCCESSFUL,successful,True,True,True,2025-10-13 11:21:00,0.008,2025-11-13 10:42:00,2025-10-13 11:21:39,2025-11-13 10:42:59,30.982,3,3,False,109,91,1.1978021978021978,2026-09-29 17:59:30
PNP-462304242047,Philippine National Police(PNP),pnp,LEA,2025-10-13 13:05:00,Q4,Historical Research,DENIED,unsuccessful,True,False,True,2025-10-13 17:22:00,0.178,2025-11-05 16:57:00,2025-10-13 17:22:24,2025-11-05 16:57:26,23.161,3,1,False,109,91,1.1978021978021978,2026-09-29 17:59:32
DOLE-078283938898,Department of Labor and Employment(DOLE),dole,NGA,2025-10-13 16:32:00,Q4,Thesis Purposes,REFERRED,referred,False,False,False,,,,,,,0,1,False,3945,97,40.670103092783506,2026-09-29 17:59:34
PHC-894561879079,Philippine Heart Center(PHC),phc,GOCC,2025-10-13 19:28:00,Q4,This request is intended to seek financial assistance or government support for my father's cardiac cathetherization procedure and related hospital expenses.,SUCCESSFUL,successful,True,True,True,2025-10-22 14:45:00,8.803,2025-10-22 14:45:00,,2025-10-22 14:45:03,8.804,1,1,False,459,107,4.289719626168225,2026-09-29 17:59:36
DPWH-435769120002,Department of Public Works and Highways(DPWH),dpwh,NGA,2025-10-13 20:22:00,Q4,Capstone Project,CLOSED,unsuccessful,True,False,True,2025-10-15 07:02:00,1.444,2025-10-15 07:02:00,2025-10-15 07:02:24,,,1,1,False,3945,97,40.670103092783506,2026-09-29 17:59:39
CHED-464337622506,Commission on Higher Education(CHED),ched,NGA,2025-10-13 22:36:00,Q4,Undergraduate Thesis,SUCCESSFUL,successful,True,True,True,2025-10-14 09:19:00,0.447,2026-01-05 14:13:00,2025-10-14 09:19:20,2026-01-05 14:13:31,83.651,2,1,False,3945,97,40.670103092783506,2026-09-29 17:59:40
SSS-507277727989,Social Security System(SSS),sss,GOCC,2025-10-14 02:02:00,Q4,Claim purposes,DENIED,unsuccessful,True,False,True,2025-10-30 14:38:00,16.525,2025-10-30 14:38:00,,2025-10-30 14:38:06,16.525,1,1,False,459,107,4.289719626168225,2026-09-29 17:59:43
CHED-668163728241,Commission on Higher Education(CHED),ched,NGA,2025-10-14 04:01:00,Q4,Clarification - Validity of Degree,CLOSED,unsuccessful,True,False,True,2025-10-14 10:14:00,0.259,2025-10-14 10:14:00,2025-10-14 10:14:57,,,1,1,False,3945,97,40.670103092783506,2026-09-29 17:59:45
RTU-648858094361,Rizal Technological University(RTU),rtu,SUC,2025-10-14 08:49:00,Q4,Researchand development,PENDING,open,False,False,False,,,,,,,0,1,False,81,71,1.1408450704225352,2026-09-29 17:59:47
UP-466305820977,University of the Philippines System(UP),up,SUC,2025-10-14 08:55:00,Q4,Research and Development,REFERRED,referred,False,False,False,,,,,,,0,1,False,81,71,1.1408450704225352,2026-09-29 17:59:49
PNU-814302731107,Philippine Normal University(PNU),pnu,SUC,2025-10-14 09:13:00,Q4,Requirements for my study leave,SUCCESSFUL,successful,True,True,True,2025-10-18 07:02:00,3.909,2025-11-20 18:49:00,2025-10-18 07:02:02,2025-11-20 18:49:11,37.4,3,4,False,81,71,1.1408450704225352,2026-09-29 17:59:51
NHA-043879455747,National Housing Authority(NHA),nha,GOCC,2025-10-14 09:46:00,Q4,Formal request of Updates,SUCCESSFUL,successful,True,True,True,2025-10-20 15:41:00,6.247,2025-10-21 12:55:00,2025-10-20 15:41:35,2025-10-21 12:55:15,7.131,4,4,False,459,107,4.289719626168225,2026-09-29 17:59:53
PhilMech-238073945807,Philippine Center for Postharvest Development and Mechanization(PhilMech),philmech,NGA,2025-10-14 10:19:00,Q4,"it will be used for my review and related literature, and also to know how to create a proper plan for my thesis, entitled: coconut production and Processing Center.",PARTIALLY SUCCESSFUL,partially successful,True,True,True,2025-11-04 16:30:00,21.258,2025-11-04 16:30:00,,2025-11-04 16:30:18,21.258,1,1,False,3945,97,40.670103092783506,2026-09-29 17:59:55
PNP-389993460393,Philippine National Police(PNP),pnp,LEA,2025-10-14 11:03:00,Q4,"For Public information, to identify what can be deemed worth PNP reported incident.",DENIED,unsuccessful,True,False,True,2025-10-14 14:14:00,0.133,2025-10-15 10:39:00,2025-10-14 14:14:03,2025-10-15 10:39:38,0.984,2,1,False,109,91,1.1978021978021978,2026-09-29 17:59:57
PNP-673871358563,Philippine National Police(PNP),pnp,LEA,2025-10-14 11:16:00,Q4,getting back my processing fee from the agency. ALJU INTERNATIONAL MANPOWER AGENCY,DENIED,unsuccessful,True,False,True,2025-10-14 14:14:00,0.124,2025-10-21 10:18:00,2025-10-14 14:14:49,2025-10-21 10:18:52,6.96,2,1,False,109,91,1.1978021978021978,2026-09-29 17:59:59
PNP-066357822158,Philippine National Police(PNP),pnp,LEA,2025-10-14 14:01:00,Q4,Gun Safety Seminar Certificate,SUCCESSFUL,successful,True,True,True,2025-10-14 14:15:00,0.01,2025-10-22 14:29:00,2025-10-14 14:15:28,2025-10-22 14:29:41,8.02,5,1,False,109,91,1.1978021978021978,2026-09-29 18:00:17
LTO-111221460280,Land Transportation Office(LTO),lto,NGA,2025-10-14 16:12:00,Q4,Undergraduate Thesis,SUCCESSFUL,successful,True,True,True,2025-10-16 10:25:00,1.759,2025-10-16 11:13:00,2025-10-16 10:25:06,2025-10-16 11:13:32,1.793,2,1,False,3945,97,40.670103092783506,2026-09-29 18:00:19
SSS-184045925985,Social Security System(SSS),sss,GOCC,2025-10-14 17:25:00,Q4,Inquiry and clarification,DENIED,unsuccessful,True,False,True,2025-10-30 14:44:00,15.888,2025-10-30 14:44:00,,2025-10-30 14:44:01,15.888,1,1,False,459,107,4.289719626168225,2026-09-29 18:00:21
DAR-750264913945,Department of Agrarian Reform(DAR),dar,NGA,2025-10-15 07:31:00,Q4,CLUP Formulation,SUCCESSFUL,successful,True,True,True,2026-01-20 11:23:00,97.161,2026-01-20 14:56:00,2026-01-20 11:23:54,2026-01-20 14:56:53,97.31,2,1,False,3945,97,40.670103092783506,2026-09-29 18:00:23
DENRLMB-287246923214,Land Management Bureau(DENRLMB),denrlmb,NGA,2025-10-15 10:58:00,Q4,UNDERGRADUATE THESIS RESEARCH,SUCCESSFUL,successful,True,True,True,2025-10-16 12:10:00,1.05,2025-11-04 15:25:00,2025-10-16 12:10:51,2025-11-04 15:25:45,20.186,2,1,False,3945,97,40.670103092783506,2026-09-29 18:00:25
DOLE-542592593317,Department of Labor and Employment(DOLE),dole,NGA,2025-10-15 12:07:00,Q4,Research Thesis,DENIED,unsuccessful,True,False,True,2025-10-22 10:22:00,6.927,2025-10-22 10:22:00,,2025-10-22 10:22:28,6.927,1,1,False,3945,97,40.670103092783506,2026-09-29 18:00:27
PNP-703386500411,Philippine National Police(PNP),pnp,LEA,2025-10-15 13:02:00,Q4,Architectural Thesis,DENIED,unsuccessful,True,False,True,2025-10-15 19:36:00,0.274,2025-11-05 12:30:00,2025-10-15 19:36:03,2025-11-05 12:30:11,20.978,3,1,False,109,91,1.1978021978021978,2026-09-29 18:00:29
PNP-032230599087,Philippine National Police(PNP),pnp,LEA,2025-10-15 13:31:00,Q4,For Public information.,SUCCESSFUL,successful,True,True,True,2025-10-15 19:36:00,0.253,2025-11-04 20:42:00,2025-10-15 19:36:37,2025-11-04 20:42:22,20.3,3,1,False,109,91,1.1978021978021978,2026-09-29 18:00:32
DILG-001313914193,Department of the Interior and Local Government(DILG),dilg,NGA,2025-10-15 14:17:00,Q4,Academic Research,DENIED,unsuccessful,True,False,True,2025-10-16 09:00:00,0.78,2025-10-16 09:00:00,,2025-10-16 09:00:34,0.78,1,1,False,3945,97,40.670103092783506,2026-09-29 18:00:33
PNP-869576009815,Philippine National Police(PNP),pnp,LEA,2025-10-15 14:27:00,Q4,Architectural thesis,SUCCESSFUL,successful,True,True,True,2025-10-15 19:37:00,0.215,2025-10-23 22:22:00,2025-10-15 19:37:10,2025-10-23 22:22:38,8.33,3,2,False,109,91,1.1978021978021978,2026-09-29 18:00:35
PSA-713233869313,Philippine Statistics Authority(PSA),psa,NGA,2025-10-15 15:24:00,Q4,Market Research,SUCCESSFUL,successful,True,True,True,2025-10-16 10:15:00,0.785,2025-10-16 10:15:00,,2025-10-16 10:15:36,0.786,1,1,False,3945,97,40.670103092783506,2026-09-29 18:00:37
PEZA-226819189547,Philippine Economic Zone Authority(PEZA),peza,GOCC,2025-10-15 15:26:00,Q4,Research and Development,PENDING,open,False,False,False,,,,,,,0,1,False,459,107,4.289719626168225,2026-09-29 18:00:39
PNP-088352015870,Philippine National Police(PNP),pnp,LEA,2025-10-15 15:55:00,Q4,Thesis Data Collection,SUCCESSFUL,successful,True,True,True,2025-10-15 19:37:00,0.154,2025-11-13 09:58:00,2025-10-15 19:37:46,2025-11-13 09:58:21,28.752,3,2,False,109,91,1.1978021978021978,2026-09-29 18:00:41
PNP-548980127960,Philippine National Police(PNP),pnp,LEA,2025-10-15 20:08:00,Q4,Research and Special Problem,SUCCESSFUL,successful,True,True,True,2025-10-16 06:00:00,0.411,2025-11-16 12:20:00,2025-10-16 06:00:23,2025-11-16 12:20:47,31.676,8,4,False,109,91,1.1978021978021978,2026-09-29 18:00:43
PNP-756698197251,Philippine National Police(PNP),pnp,LEA,2025-10-15 21:08:00,Q4,Research and Development,SUCCESSFUL,successful,True,True,True,2025-10-16 06:02:00,0.371,2025-11-05 14:27:00,2025-10-16 06:02:09,2025-11-05 14:27:00,20.722,3,1,False,109,91,1.1978021978021978,2026-09-29 18:00:44
CARSU-167656963224,Caraga State University(CARSU),carsu,SUC,2025-10-16 01:38:00,Q4,Research and undergraduate thesis,DENIED,unsuccessful,True,False,True,2025-11-18 09:09:00,33.313,2025-11-18 09:09:00,,2025-11-18 09:09:01,33.313,1,1,False,81,71,1.1408450704225352,2026-09-29 18:00:46
PNP-560899957664,Philippine National Police(PNP),pnp,LEA,2025-10-16 06:40:00,Q4,Research and Developmet,SUCCESSFUL,successful,True,True,True,2025-10-16 15:42:00,0.376,2025-11-05 14:25:00,2025-10-16 15:42:43,2025-11-05 14:25:32,20.323,3,2,False,109,91,1.1978021978021978,2026-09-29 18:00:49
PNP-918387031383,Philippine National Police(PNP),pnp,LEA,2025-10-16 09:06:00,Q4,For consideration for applying,DENIED,unsuccessful,True,False,True,2025-10-16 15:52:00,0.282,2025-11-21 11:29:00,2025-10-16 15:52:43,2025-11-21 11:29:01,36.099,2,2,False,109,91,1.1978021978021978,2026-09-29 18:00:51
PNP-074483812511,Philippine National Police(PNP),pnp,LEA,2025-10-16 09:54:00,Q4,Academic and Research purposes,SUCCESSFUL,successful,True,True,True,2025-10-16 15:47:00,0.245,2025-10-24 16:29:00,2025-10-16 15:47:30,2025-10-24 16:29:01,8.274,3,2,False,109,91,1.1978021978021978,2026-09-29 18:00:53
NHA-633575840756,National Housing Authority(NHA),nha,GOCC,2025-10-16 12:30:00,Q4,"Magkaroon ng sariling bahay at yung di an nangungupahan ,",SUCCESSFUL,successful,True,True,True,2025-10-20 16:21:00,4.16,2025-10-27 09:51:00,2025-10-20 16:21:35,2025-10-27 09:51:47,10.89,2,1,False,459,107,4.289719626168225,2026-09-29 18:00:55
CGI-419992788403,"City Government of Isabela, Basilan(CGI)",cgi,LGU,2025-10-16 14:03:00,Q4,Research and Development,SUCCESSFUL,successful,True,True,True,2025-10-16 14:55:00,0.036,2025-10-17 14:13:00,2025-10-16 14:55:41,2025-10-17 14:13:57,1.008,2,1,False,59,59,1.0,2026-09-29 18:00:57
PNP-180569544594,Philippine National Police(PNP),pnp,LEA,2025-10-16 14:46:00,Q4,Reference and Compliance Purposes,SUCCESSFUL,successful,True,True,True,2025-10-16 15:49:00,0.044,2025-10-26 12:40:00,2025-10-16 15:49:18,2025-10-26 12:40:22,9.913,2,1,False,109,91,1.1978021978021978,2026-09-29 18:00:59
PCMC-298341349779,Philippine Children's Medical Center(PCMC),pcmc,GOCC,2025-10-16 16:44:00,Q4,Hospitalization,DENIED,unsuccessful,True,False,True,2025-10-17 13:34:00,0.868,2025-10-17 13:34:00,,2025-10-17 13:34:59,0.869,1,1,False,459,107,4.289719626168225,2026-09-29 18:01:01
DILG-627221231744,Department of the Interior and Local Government(DILG),dilg,NGA,2025-10-16 17:58:00,Q4,Research and Development,DENIED,unsuccessful,True,False,True,2025-10-17 10:35:00,0.692,2025-10-17 10:35:00,,2025-10-17 10:35:24,0.693,1,1,False,3945,97,40.670103092783506,2026-09-29 18:01:03
PNP-192161806101,Philippine National Police(PNP),pnp,LEA,2025-10-17 00:24:00,Q4,Thesis Data Gathering,SUCCESSFUL,successful,True,True,True,2025-10-17 05:58:00,0.232,2025-11-19 10:10:00,2025-10-17 05:58:49,2025-11-19 10:10:32,33.407,3,2,False,109,91,1.1978021978021978,2026-09-29 18:01:05
CLSU-692871856339,Central Luzon State University(CLSU),clsu,SUC,2025-10-17 05:30:00,Q4,Architectural Thesis Research,SUCCESSFUL,successful,True,True,True,2025-10-17 09:06:00,0.15,2025-10-17 09:34:00,2025-10-17 09:06:13,2025-10-17 09:34:11,0.17,2,1,False,81,71,1.1408450704225352,2026-09-29 18:01:07
UPPGH-645331240075,University of the Philippines - Philippine General Hospital(UPPGH),uppgh,SUC,2025-10-17 10:58:00,Q4,Undergraduate thesis,CLOSED,unsuccessful,True,False,True,2025-10-20 09:37:00,2.944,2025-10-20 09:37:00,2025-10-20 09:37:08,,,1,1,False,81,71,1.1408450704225352,2026-09-29 18:01:09
TIEZA-223394789270,Tourism Infrastructure and Enterprise Zone Authority(TIEZA),tieza,GOCC,2025-10-17 11:02:00,Q4,research study,ACCEPTED,open,False,False,True,2025-10-20 15:31:00,3.187,2025-10-20 15:31:00,2025-10-20 15:31:53,,,1,1,False,459,107,4.289719626168225,2026-09-29 18:01:11
NCDA-418966281235,National Council on Disability Affairs(NCDA),ncda,NGA,2025-10-17 11:48:00,Q4,Thesis purposes,PENDING,open,False,False,False,,,,,,,0,1,False,3945,97,40.670103092783506,2026-09-29 18:01:13
PNOC-623596869542,Philippine National Oil Company(PNOC),pnoc,GOCC,2025-10-17 12:27:00,Q4,Academic and Research Purposes Only,SUCCESSFUL,successful,True,True,True,2025-10-17 17:28:00,0.209,2025-10-17 17:28:00,,2025-10-17 17:28:00,0.209,1,1,False,459,107,4.289719626168225,2026-09-29 18:01:15
DepEd-275790250542,Department of Education(DepEd),deped,NGA,2025-10-17 15:04:00,Q4,Thesis Purposes,CLOSED,unsuccessful,True,False,True,2025-10-17 18:15:00,0.133,2025-10-17 18:28:00,2025-10-17 18:15:55,,,2,1,False,3945,97,40.670103092783506,2026-09-29 18:01:17
CGA-648628021380,"City of Antipolo, Region IV-A(CGA)",cga,LGU,2025-10-17 18:01:00,Q4,Architectural Thesis Purposes,SUCCESSFUL,successful,True,True,True,2026-07-08 09:32:00,263.647,2026-07-08 09:32:00,,2026-07-08 09:32:59,263.647,1,1,False,59,59,1.0,2026-09-29 18:01:18
BagWD-731202524101,Baguio Water District(BagWD),bagwd,WATER-DISTRICT,2025-10-18 10:09:00,Q4,"For academic research purposes, specifically for developing a predictive model of water consumption to support sustainable resource management.",DENIED,unsuccessful,True,False,True,2025-10-20 09:41:00,1.981,2025-11-06 16:55:00,2025-10-20 09:41:47,2025-11-06 16:55:04,19.282,5,2,False,88,88,1.0,2026-09-29 18:01:20
PNP-461701123063,Philippine National Police(PNP),pnp,LEA,2025-10-18 19:09:00,Q4,Business purposes,CLOSED,unsuccessful,True,False,True,2025-10-18 20:45:00,0.067,2025-10-21 07:54:00,2025-10-18 20:45:46,,,2,1,False,109,91,1.1978021978021978,2026-09-29 18:01:21
CGA-788491262994,"City of Antipolo, Region IV-A(CGA)",cga,LGU,2025-10-18 19:23:00,Q4,Architectural Thesis,SUCCESSFUL,successful,True,True,True,2026-07-08 09:37:00,262.593,2026-07-08 09:37:00,,2026-07-08 09:37:06,262.593,1,1,False,59,59,1.0,2026-09-29 18:01:23
USTSP-942669450960,University of Science and Technology of Southern Philippines(USTSP),ustsp,SUC,2025-10-19 19:38:00,Q4,Architectural Thesis,SUCCESSFUL,successful,True,True,True,2025-10-29 15:34:00,9.831,2025-10-29 15:34:00,,2025-10-29 15:34:23,9.831,1,1,False,81,71,1.1408450704225352,2026-09-29 18:01:25
BSWM-063326272108,Bureau of Soils and Water Management(BSWM),bswm,NGA,2025-10-20 00:42:00,Q4,Architectural thesis,SUCCESSFUL,successful,True,True,True,2025-10-20 08:55:00,0.342,2025-10-29 09:19:00,2025-10-20 08:55:52,2025-10-29 09:19:17,9.359,2,1,False,3945,97,40.670103092783506,2026-09-29 18:01:28
CPA-480398545751,Cebu Port Authority(CPA),cpa,GOCC,2025-10-20 01:47:00,Q4,Thesis Purposes,SUCCESSFUL,successful,True,True,True,2025-10-20 08:32:00,0.281,2025-11-07 09:07:00,2025-10-20 08:32:48,2025-11-07 09:07:02,18.306,2,1,False,459,107,4.289719626168225,2026-09-29 18:01:30
UPOU-447961826359,University of the Philippines Open University(UPOU),upou,SUC,2025-10-20 02:12:00,Q4,Architectural Reseach and Study,DENIED,unsuccessful,True,False,True,2025-10-24 08:41:00,4.27,2025-10-24 08:41:00,,2025-10-24 08:41:03,4.27,1,1,False,81,71,1.1408450704225352,2026-09-29 18:01:32
PNP-370880758804,Philippine National Police(PNP),pnp,LEA,2025-10-20 04:22:00,Q4,Architectural Thesis,SUCCESSFUL,successful,True,True,True,2025-10-20 08:14:00,0.161,2025-10-28 08:23:00,2025-10-20 08:14:50,2025-10-28 08:23:03,8.167,4,1,False,109,91,1.1978021978021978,2026-09-29 18:01:34
USEP-221114028194,University of Southeastern Philippines(USEP),usep,SUC,2025-10-20 10:15:00,Q4,Accreditation,SUCCESSFUL,successful,True,True,True,2025-10-20 10:48:00,0.023,2025-10-22 19:00:00,2025-10-20 10:48:44,2025-10-22 19:00:41,2.365,2,1,False,81,71,1.1408450704225352,2026-09-29 18:01:36
CAAP-642456576160,Civil Aviation Authority of the Philippines(CAAP),caap,GOCC,2025-10-20 10:20:00,Q4,Thesis Research Purposes,SUCCESSFUL,successful,True,True,True,2025-10-20 14:28:00,0.172,2025-10-20 14:28:00,,2025-10-20 14:28:33,0.173,1,1,False,459,107,4.289719626168225,2026-09-29 18:01:38
USAP-162727798671,"City of Pasig, NCR(USAP)",usap,LGU,2025-10-20 14:56:00,Q4,Research and Development,SUCCESSFUL,successful,True,True,True,2025-10-27 13:44:00,6.95,2025-11-05 11:24:00,2025-10-27 13:44:59,2025-11-05 11:24:55,15.853,3,1,False,59,59,1.0,2026-09-29 18:01:41
PGBukidnon-894956483101,Provincial Government of Bukidnon(PGBukidnon),pgbukidnon,LGU,2025-10-20 14:58:00,Q4,Research and development,SUCCESSFUL,successful,True,True,True,2025-11-11 13:21:00,21.933,2025-12-18 09:14:00,2025-11-11 13:21:54,2025-12-18 09:14:25,58.761,2,1,False,59,59,1.0,2026-09-29 18:01:43
CGB-625492098767,CITY GOVERNMENT OF BATANGAS(CGB),cgb,LGU,2025-10-20 15:00:00,Q4,Research and development,SUCCESSFUL,successful,True,True,True,2026-02-05 16:43:00,108.072,2026-02-05 16:45:00,,2026-02-05 16:45:49,108.073,2,1,False,59,59,1.0,2026-09-29 18:01:45
CGA-775941290395,"City of Antipolo, Region IV-A(CGA)",cga,LGU,2025-10-20 15:04:00,Q4,Research and development,SUCCESSFUL,successful,True,True,True,2026-07-09 12:16:00,261.883,2026-07-09 12:16:00,,2026-07-09 12:16:34,261.884,1,1,False,59,59,1.0,2026-09-29 18:01:47
PAKIL-133046450780,"Municipality of Pakil, Laguna, Region IV-A(PAKIL)",pakil,LGU,2025-10-20 15:07:00,Q4,Research and development,PENDING,open,False,False,False,,,,,,,0,1,False,59,59,1.0,2026-09-29 18:01:48
PGI-826823884164,Provincial Government of Isabela(PGI),pgi,LGU,2025-10-20 15:10:00,Q4,Research and development,SUCCESSFUL,successful,True,True,True,2025-10-30 08:38:00,9.728,2025-11-06 15:37:00,2025-10-30 08:38:21,2025-11-06 15:37:15,17.019,2,1,False,59,59,1.0,2026-09-29 18:01:50
PNP-018482267118,Philippine National Police(PNP),pnp,LEA,2025-10-20 15:11:00,Q4,Architectural Thesis,DENIED,unsuccessful,True,False,True,2025-10-20 16:27:00,0.053,2025-10-23 08:00:00,2025-10-20 16:27:29,2025-10-23 08:00:55,2.701,4,1,False,109,91,1.1978021978021978,2026-09-29 18:01:52
DENRERDB-173623615709,Ecosystems Research and Development Bureau(DENRERDB),denrerdb,NGA,2025-10-20 17:50:00,Q4,Architectural thesis,PARTIALLY SUCCESSFUL,partially successful,True,True,True,2025-10-21 10:02:00,0.675,2025-10-29 15:41:00,2025-10-21 10:02:38,2025-10-29 15:41:26,8.911,2,1,False,3945,97,40.670103092783506,2026-09-29 18:01:54
PNP-771262158445,Philippine National Police(PNP),pnp,LEA,2025-10-20 18:57:00,Q4,for public references,DENIED,unsuccessful,True,False,True,2025-10-21 08:37:00,0.569,2025-11-11 08:05:00,2025-10-21 08:37:13,2025-11-11 08:05:51,21.548,5,3,False,109,91,1.1978021978021978,2026-09-29 18:01:57
PNP-638333565954,Philippine National Police(PNP),pnp,LEA,2025-10-20 21:14:00,Q4,Thesis Statistics,SUCCESSFUL,successful,True,True,True,2025-10-21 08:37:00,0.474,2025-11-06 18:28:00,2025-10-21 08:37:35,2025-11-06 18:28:19,16.885,4,3,False,109,91,1.1978021978021978,2026-09-29 18:01:59
PNP-703402413146,Philippine National Police(PNP),pnp,LEA,2025-10-20 22:38:00,Q4,Architectural Thesis Study,SUCCESSFUL,successful,True,True,True,2025-10-21 08:38:00,0.417,2025-11-04 09:23:00,2025-10-21 08:38:08,2025-11-04 09:23:34,14.448,3,4,False,109,91,1.1978021978021978,2026-09-29 18:02:02
PLGUB-510550208488,"Province of Benguet, CAR(PLGUB)",plgub,LGU,2025-10-21 08:18:00,Q4,Research and development,SUCCESSFUL,successful,True,True,True,2026-02-11 11:03:00,113.115,2026-02-11 11:03:00,,2026-02-11 11:03:49,113.115,1,1,False,59,59,1.0,2026-09-29 18:02:03
PGLU-501654812153,"Province of La Union, Region I(PGLU)",pglu,LGU,2025-10-21 08:31:00,Q4,Research and development,PENDING,open,False,False,False,,,,,,,0,1,False,59,59,1.0,2026-09-29 18:02:05
PGB-715275160175,Provincial Government of Bataan(PGB),pgb,LGU,2025-10-21 08:58:00,Q4,Research and development,SUCCESSFUL,successful,True,True,True,2026-07-30 16:19:00,282.306,2026-07-30 16:19:00,,2026-07-30 16:19:39,282.307,1,1,False,59,59,1.0,2026-09-29 18:02:07
PNP-814413909265,Philippine National Police(PNP),pnp,LEA,2025-10-21 09:18:00,Q4,for thesis / research / capstone,SUCCESSFUL,successful,True,True,True,2025-10-21 09:29:00,0.008,2025-11-12 10:21:00,2025-10-21 09:29:01,2025-11-12 10:21:49,22.044,3,1,False,109,91,1.1978021978021978,2026-09-29 18:02:10
UPD-027313127306,University of the Philippines Diliman(UPD),upd,SUC,2025-10-21 14:42:00,Q4,Thesis Paper,DENIED,unsuccessful,True,False,True,2025-10-23 16:05:00,2.058,2025-10-23 16:05:00,,2025-10-23 16:05:19,2.058,1,1,False,81,71,1.1408450704225352,2026-09-29 18:02:11
PUP-853216048260,Polytechnic University of the Philippines(PUP),pup,SUC,2025-10-21 15:18:00,Q4,Capstone Project,DENIED,unsuccessful,True,False,True,2025-10-24 09:43:00,2.767,2025-10-24 09:43:00,,2025-10-24 09:43:07,2.767,1,1,False,81,71,1.1408450704225352,2026-09-29 18:02:13
HDMF-129270415924,Home Development Mutual Fund/Pag-IBIG Fund(HDMF),hdmf,GOCC,2025-10-21 15:34:00,Q4,The study aims to evaluate trend in channel usage to better understand how digital transformation affects service delivery to members.,SUCCESSFUL,successful,True,True,True,2025-11-06 20:24:00,16.201,2025-11-17 15:58:00,2025-11-06 20:24:38,2025-11-17 15:58:17,27.017,3,1,False,459,107,4.289719626168225,2026-09-29 18:02:15
DOH-264345323996,Department of Health(DOH),doh,NGA,2025-10-21 17:17:00,Q4,Thesis Purpose,SUCCESSFUL,successful,True,True,True,2025-10-23 10:47:00,1.729,2025-11-12 08:55:00,2025-10-23 10:47:15,2025-11-12 08:55:50,21.652,3,1,False,3945,97,40.670103092783506,2026-09-29 18:02:17
PNP-680953998521,Philippine National Police(PNP),pnp,LEA,2025-10-21 21:58:00,Q4,Undergraduate Architectural Thesis,SUCCESSFUL,successful,True,True,True,2025-10-22 12:33:00,0.608,2025-10-31 16:41:00,2025-10-22 12:33:31,2025-10-31 16:41:36,9.78,3,1,False,109,91,1.1978021978021978,2026-09-29 18:02:20
PNP-901094409379,Philippine National Police(PNP),pnp,LEA,2025-10-22 02:32:00,Q4,Research and Thesis writing,SUCCESSFUL,successful,True,True,True,2025-10-22 12:33:00,0.417,2025-10-24 09:33:00,2025-10-22 12:33:56,2025-10-24 09:33:09,2.292,4,1,False,109,91,1.1978021978021978,2026-09-29 18:02:21
HDMF-124747311642,Home Development Mutual Fund/Pag-IBIG Fund(HDMF),hdmf,GOCC,2025-10-22 08:34:00,Q4,BIZLINK/ HDMF ONLINE PAYMENT,SUCCESSFUL,successful,True,True,True,2025-10-30 10:06:00,8.064,2025-10-30 10:09:00,2025-10-30 10:06:53,2025-10-30 10:09:13,8.066,2,1,False,459,107,4.289719626168225,2026-09-29 18:02:23
DENRLMB-851741116342,Land Management Bureau(DENRLMB),denrlmb,NGA,2025-10-22 11:07:00,Q4,Research (Undergraduate Thesis),SUCCESSFUL,successful,True,True,True,2025-10-22 14:38:00,0.147,2025-11-24 11:31:00,2025-10-22 14:38:08,2025-11-24 11:31:39,33.017,3,1,False,3945,97,40.670103092783506,2026-09-29 18:02:26
COB-675632897018,City Government of Balanga(COB),cob,LGU,2025-10-22 11:21:00,Q4,Research (Undergraduate Thesis),SUCCESSFUL,successful,True,True,True,2025-10-29 16:02:00,7.195,2025-10-29 16:25:00,,2025-10-29 16:25:48,7.212,2,1,False,59,59,1.0,2026-09-29 18:02:28
BCWD-037486515353,Butuan City Water District(BCWD),bcwd,WATER-DISTRICT,2025-10-22 11:49:00,Q4,For Research Purposes,SUCCESSFUL,successful,True,True,True,2025-10-28 10:33:00,5.947,2025-12-22 10:03:00,2025-10-28 10:33:45,2025-12-22 10:03:08,60.926,2,1,False,88,88,1.0,2026-09-29 18:02:30
BCWD-268316012965,Butuan City Water District(BCWD),bcwd,WATER-DISTRICT,2025-10-22 12:04:00,Q4,Research and Development,SUCCESSFUL,successful,True,True,True,2025-10-28 10:28:00,5.933,2025-12-22 10:03:00,2025-10-28 10:28:59,2025-12-22 10:03:44,60.916,2,2,False,88,88,1.0,2026-09-29 18:02:32
PH-798659848543,PhilHealth(PH),ph,GOCC,2025-10-22 13:27:00,Q4,Research and Development,SUCCESSFUL,successful,True,True,True,2025-10-22 15:16:00,0.076,2025-11-12 10:46:00,2025-10-22 15:16:22,2025-11-12 10:46:54,20.889,2,1,False,459,107,4.289719626168225,2026-09-29 18:02:35
LRTA-449049976585,Light Rail Transit Authority(LRTA),lrta,GOCC,2025-10-22 14:58:00,Q4,Academic Research,SUCCESSFUL,successful,True,True,True,2025-11-03 10:37:00,11.819,2025-11-03 10:37:00,,2025-11-03 10:37:35,11.819,1,1,False,459,107,4.289719626168225,2026-09-29 18:02:37
PNP-789202179434,Philippine National Police(PNP),pnp,LEA,2025-10-23 01:15:00,Q4,Research/ Thesis,SUCCESSFUL,successful,True,True,True,2025-10-23 09:01:00,0.324,2025-12-17 20:58:00,2025-10-23 09:01:02,2025-12-17 20:58:26,55.822,3,1,False,109,91,1.1978021978021978,2026-09-29 18:02:38
PCIC-955756988894,Philippine Crop Insurance Corporation(PCIC),pcic,GOCC,2025-10-23 11:18:00,Q4,Research and planning,SUCCESSFUL,successful,True,True,True,2025-10-28 08:42:00,4.892,2025-11-12 16:46:00,2025-10-28 08:42:45,2025-11-12 16:46:00,20.228,3,1,False,459,107,4.289719626168225,2026-09-29 18:02:40
BIR-764662518763,Bureau of Internal Revenue(BIR),bir,NGA,2025-10-23 14:07:00,Q4,TIN NEED FOR WORK,SUCCESSFUL,successful,True,True,True,2025-10-23 14:35:00,0.019,2025-10-23 14:35:00,,2025-10-23 14:35:12,0.02,1,1,False,3945,97,40.670103092783506,2026-09-29 18:02:42
PNAC-071488861880,Philippine National AIDS Council(PNAC),pnac,NGA,2025-10-23 16:40:00,Q4,Academic Research,SUCCESSFUL,successful,True,True,True,2025-10-24 09:40:00,0.708,2025-10-24 09:40:00,,2025-10-24 09:40:58,0.709,1,1,False,3945,97,40.670103092783506,2026-09-29 18:02:44
CGA-928006011874,"City of Antipolo, Region IV-A(CGA)",cga,LGU,2025-10-23 19:52:00,Q4,Research and Development,SUCCESSFUL,successful,True,True,True,2026-07-08 09:40:00,257.575,2026-07-08 09:40:00,,2026-07-08 09:40:27,257.575,1,1,False,59,59,1.0,2026-09-29 18:02:45
PangSU-416950482254,Pangasinan State University(PangSU),pangsu,SUC,2025-10-24 00:14:00,Q4,Thesis Purposes,SUCCESSFUL,successful,True,True,True,2026-01-30 10:44:00,98.438,2026-01-30 10:44:00,,2026-01-30 10:44:21,98.438,1,1,False,81,71,1.1408450704225352,2026-09-29 18:02:47
USAP-192345296145,"City of Pasig, NCR(USAP)",usap,LGU,2025-10-24 05:22:00,Q4,For the completion of a thesis,SUCCESSFUL,successful,True,True,True,2025-10-27 13:45:00,3.349,2025-10-27 13:49:00,2025-10-27 13:45:39,2025-10-27 13:49:08,3.352,2,1,False,59,59,1.0,2026-09-29 18:03:04
JJWC-303292238109,Juvenile Justice and Welfare Council(JJWC),jjwc,NGA,2025-10-24 16:01:00,Q4,Thesis Data Gathering,SUCCESSFUL,successful,True,True,True,2025-10-25 11:14:00,0.801,2025-10-25 11:14:00,,2025-10-25 11:14:01,0.801,1,1,False,3945,97,40.670103092783506,2026-09-29 18:03:05
DENRLMB-910337105175,Land Management Bureau(DENRLMB),denrlmb,NGA,2025-10-24 16:49:00,Q4,Application for Lot Title with overlap issue,SUCCESSFUL,successful,True,True,True,2025-10-28 08:33:00,3.656,2025-10-30 12:50:00,2025-10-28 08:33:04,2025-10-30 12:50:41,5.835,2,1,False,3945,97,40.670103092783506,2026-09-29 18:03:08
PCA-230253148397,Philippine Coconut Authority(PCA),pca,GOCC,2025-10-25 13:36:00,Q4,Undergrauate thesis,PENDING,open,False,False,False,,,,,,,0,1,False,459,107,4.289719626168225,2026-09-29 18:03:09
NKTI-979734176149,National Kidney and Transplant Institute(NKTI),nkti,GOCC,2025-10-25 14:58:00,Q4,BS Architecture Capstone,SUCCESSFUL,successful,True,True,True,2025-10-25 22:12:00,0.301,2025-10-25 22:12:00,,2025-10-25 22:12:58,0.302,1,1,False,459,107,4.289719626168225,2026-09-29 18:03:12
PGBukidnon-903645811202,Provincial Government of Bukidnon(PGBukidnon),pgbukidnon,LGU,2025-10-26 07:10:00,Q4,"For academoc purposes, we will solve the following data and interpret them.",SUCCESSFUL,successful,True,True,True,2025-11-11 13:16:00,16.254,2025-12-18 09:11:00,2025-11-11 13:16:17,2025-12-18 09:11:40,53.084,2,1,False,59,59,1.0,2026-09-29 18:03:13
CGA-924528390144,"City of Antipolo, Region IV-A(CGA)",cga,LGU,2025-10-26 16:17:00,Q4,Architectural Thesis,SUCCESSFUL,successful,True,True,True,2026-07-08 09:43:00,254.726,2026-07-08 09:43:00,,2026-07-08 09:43:41,254.727,1,1,False,59,59,1.0,2026-09-29 18:03:16
PIDS-249895466431,Philippine Institute for Development Studies(PIDS),pids,GOCC,2025-10-26 23:52:00,Q4,Academic research,SUCCESSFUL,successful,True,True,True,2025-10-27 07:18:00,0.31,2025-11-27 08:31:00,2025-10-27 07:18:28,2025-11-27 08:31:26,31.361,4,1,False,459,107,4.289719626168225,2026-09-29 18:03:17
PCIC-693194290663,Philippine Crop Insurance Corporation(PCIC),pcic,GOCC,2025-10-27 00:21:00,Q4,Research - academic journal,PARTIALLY SUCCESSFUL,partially successful,True,True,True,2025-10-28 08:42:00,1.348,2025-11-12 16:53:00,2025-10-28 08:42:15,2025-11-12 16:53:12,16.689,2,1,False,459,107,4.289719626168225,2026-09-29 18:03:19
PH-313379411604,PhilHealth(PH),ph,GOCC,2025-10-27 10:26:00,Q4,Means of Verification in the Key Result Area of Referral System Characteristics of the Local Health System Maturity Level/ Universal Health Care Integration,SUCCESSFUL,successful,True,True,True,2025-10-27 13:59:00,0.148,2025-10-29 09:45:00,2025-10-27 13:59:51,2025-10-29 09:45:18,1.972,2,1,False,459,107,4.289719626168225,2026-09-29 18:03:21
PGI-082650159393,Provincial Government of Isabela(PGI),pgi,LGU,2025-10-27 18:14:00,Q4,For the General Public Information.,SUCCESSFUL,successful,True,True,True,2025-10-30 08:39:00,2.601,2025-11-06 15:39:00,2025-10-30 08:39:35,2025-11-06 15:39:15,9.893,2,1,False,59,59,1.0,2026-09-29 18:03:23
DOH-510098318013,Department of Health(DOH),doh,NGA,2025-10-28 09:55:00,Q4,Undergraduate Thesis,DENIED,unsuccessful,True,False,True,2025-10-29 13:30:00,1.149,2025-11-04 10:41:00,2025-10-29 13:30:49,2025-11-04 10:41:18,7.032,2,1,False,3945,97,40.670103092783506,2026-09-29 18:03:25
JHMC-318005916168,John Hay Management Corporation(JHMC),jhmc,GOCC,2025-10-28 10:46:00,Q4,"Architectural Thesis, Research Capstone",DENIED,unsuccessful,True,False,True,2026-01-08 09:18:00,71.939,2026-01-08 09:18:00,,2026-01-08 09:18:24,71.939,1,2,False,459,107,4.289719626168225,2026-09-29 18:03:28
USAP-803678915412,"City of Pasig, NCR(USAP)",usap,LGU,2025-10-28 12:27:00,Q4,Case Study of Pasig for academic purposes,SUCCESSFUL,successful,True,True,True,2025-11-04 16:13:00,7.157,2025-11-20 15:30:00,2025-11-04 16:13:10,2025-11-20 15:30:10,23.127,4,1,False,59,59,1.0,2026-09-29 18:03:30
NKTI-539127073600,National Kidney and Transplant Institute(NKTI),nkti,GOCC,2025-10-28 13:58:00,Q4,Architectural Thesis,SUCCESSFUL,successful,True,True,True,2025-10-28 15:43:00,0.073,2025-10-28 15:43:00,,2025-10-28 15:43:07,0.073,1,1,False,459,107,4.289719626168225,2026-09-29 18:03:32
NHA-183913047065,National Housing Authority(NHA),nha,GOCC,2025-10-28 15:36:00,Q4,Architectural Research,SUCCESSFUL,successful,True,True,True,2025-10-29 13:28:00,0.911,2025-11-05 12:11:00,2025-10-29 13:28:06,2025-11-05 12:11:00,7.858,2,1,False,459,107,4.289719626168225,2026-09-29 18:03:34
UPM-555911338619,University of the Philippines Manila(UPM),upm,SUC,2025-10-28 17:11:00,Q4,Data Gathering,SUCCESSFUL,successful,True,True,True,2025-10-29 08:29:00,0.638,2025-11-17 14:55:00,2025-10-29 08:29:16,2025-11-17 14:55:01,19.906,2,1,False,81,71,1.1408450704225352,2026-09-29 18:03:36
PNP-882686807661,Philippine National Police(PNP),pnp,LEA,2025-10-28 18:24:00,Q4,Architecture Research,SUCCESSFUL,successful,True,True,True,2025-10-29 11:31:00,0.713,2025-11-12 07:42:00,2025-10-29 11:31:26,2025-11-12 07:42:48,14.555,3,1,False,109,91,1.1978021978021978,2026-09-29 18:03:38
PNP-239152871824,Philippine National Police(PNP),pnp,LEA,2025-10-28 18:41:00,Q4,ARCHI THESIS PURPOSES,SUCCESSFUL,successful,True,True,True,2025-10-29 11:32:00,0.702,2025-11-04 13:17:00,2025-10-29 11:32:32,2025-11-04 13:17:50,6.776,3,1,False,109,91,1.1978021978021978,2026-09-29 18:03:40
BCDA-586724170004,Bases Conversion and Development Authority(BCDA),bcda,GOCC,2025-10-29 00:28:00,Q4,research thesis,DENIED,unsuccessful,True,False,True,2025-11-19 14:27:00,21.583,2025-11-19 14:27:00,,2025-11-19 14:27:00,21.583,1,1,False,459,107,4.289719626168225,2026-09-29 18:03:42
UPLB-837583310400,University of the Philippines Los Banos(UPLB),uplb,SUC,2025-10-29 11:48:00,Q4,Architectural Thesis Purposes,DENIED,unsuccessful,True,False,True,2025-11-04 13:18:00,6.062,2025-11-04 13:18:00,,2025-11-04 13:18:08,6.063,1,1,False,81,71,1.1408450704225352,2026-09-29 18:03:44
PSA-026553089770,Philippine Statistics Authority(PSA),psa,NGA,2025-10-29 13:45:00,Q4,For research and capstone of Masters in Innovation and Business,SUCCESSFUL,successful,True,True,True,2025-10-29 17:00:00,0.135,2025-10-29 17:00:00,,2025-10-29 17:00:21,0.136,1,2,False,3945,97,40.670103092783506,2026-09-29 18:03:45
NEDA-066179475488,"Department of Economy, Planning, and Development (DEPDev)(NEDA)",neda,NGA,2025-10-29 14:41:00,Q4,Research/Policy Compliance,DENIED,unsuccessful,True,False,True,2025-11-04 07:32:00,5.702,2025-11-04 07:32:00,,2025-11-04 07:32:37,5.703,1,1,False,3945,97,40.670103092783506,2026-09-29 18:03:47
USEP-029923319827,University of Southeastern Philippines(USEP),usep,SUC,2025-10-29 14:47:00,Q4,for Accreditation this November 2025,SUCCESSFUL,successful,True,True,True,2025-10-29 15:46:00,0.041,2025-10-29 16:47:00,2025-10-29 15:46:01,2025-10-29 16:47:40,0.084,2,1,False,81,71,1.1408450704225352,2026-09-29 18:03:49
PNP-622021495677,Philippine National Police(PNP),pnp,LEA,2025-10-29 20:15:00,Q4,Architectural Thesis Study,SUCCESSFUL,successful,True,True,True,2025-10-29 20:29:00,0.01,2025-11-16 07:36:00,2025-10-29 20:29:18,2025-11-16 07:36:36,17.473,3,2,False,109,91,1.1978021978021978,2026-09-29 18:03:51
UP-877340731131,University of the Philippines System(UP),up,SUC,2025-10-29 20:39:00,Q4,Research Paper,DENIED,unsuccessful,True,False,True,2025-11-05 17:17:00,6.86,2025-11-19 08:55:00,2025-11-05 17:17:48,2025-11-19 08:55:19,20.511,3,2,False,81,71,1.1408450704225352,2026-09-29 18:03:53
DOE-937302882200,Department of Energy(DOE),doe,NGA,2025-10-29 20:49:00,Q4,Research Paper,SUCCESSFUL,successful,True,True,True,2025-11-03 14:07:00,4.721,2026-01-09 08:38:00,2025-11-03 14:07:18,2026-01-09 08:38:18,71.493,2,1,False,3945,97,40.670103092783506,2026-09-29 18:03:55
DOF-452597608138,Department of Finance(DOF),dof,NGA,2025-10-29 21:00:00,Q4,Research Paper,SUCCESSFUL,successful,True,True,True,2025-10-30 07:09:00,0.423,2025-11-18 11:24:00,2025-10-30 07:09:54,2025-11-18 11:24:16,19.6,4,1,False,3945,97,40.670103092783506,2026-09-29 18:03:57
DOLE-189097964059,Department of Labor and Employment(DOLE),dole,NGA,2025-10-29 21:01:00,Q4,Research Paper,REFERRED,referred,False,False,False,,,,,,,0,1,False,3945,97,40.670103092783506,2026-09-29 18:03:59
PNP-335073940172,Philippine National Police(PNP),pnp,LEA,2025-10-30 02:52:00,Q4,Undergraduate Thesis,SUCCESSFUL,successful,True,True,True,2025-10-30 14:34:00,0.488,2025-11-08 14:02:00,2025-10-30 14:34:41,2025-11-08 14:02:17,9.465,3,1,False,109,91,1.1978021978021978,2026-09-29 18:04:01
PNP-256325284655,Philippine National Police(PNP),pnp,LEA,2025-10-30 08:21:00,Q4,Architectural Thesis,SUCCESSFUL,successful,True,True,True,2025-10-30 14:36:00,0.26,2025-12-05 14:37:00,2025-10-30 14:36:21,2025-12-05 14:37:42,36.262,10,1,False,109,91,1.1978021978021978,2026-09-29 18:04:03
PSA-631095166856,Philippine Statistics Authority(PSA),psa,NGA,2025-10-30 11:11:00,Q4,"Updating of CLUP of Tagum City, Davao del Norte",PARTIALLY SUCCESSFUL,partially successful,True,True,True,2025-11-05 15:07:00,6.164,2025-11-05 15:07:00,,2025-11-05 15:07:37,6.164,1,1,False,3945,97,40.670103092783506,2026-09-29 18:04:05
USAP-320325809647,"City of Pasig, NCR(USAP)",usap,LGU,2025-10-30 11:12:00,Q4,Thesis Capstone,SUCCESSFUL,successful,True,True,True,2025-11-04 16:13:00,5.209,2025-11-05 11:01:00,2025-11-04 16:13:40,2025-11-05 11:01:51,5.993,3,1,False,59,59,1.0,2026-09-29 18:04:07
USEP-759826427125,University of Southeastern Philippines(USEP),usep,SUC,2025-10-30 11:54:00,Q4,Accreditation,SUCCESSFUL,successful,True,True,True,2025-11-03 09:42:00,3.908,2025-11-17 10:01:00,2025-11-03 09:42:04,2025-11-17 10:01:21,17.922,2,1,False,81,71,1.1408450704225352,2026-09-29 18:04:09
MWSSCO-408969568594,Metropolitan Waterworks and Sewerage System Corporate Office(MWSSCO),mwssco,GOCC,2025-10-30 16:18:00,Q4,"To obtain official administrative records regarding the uncompleted land acquisition and expropriation for the stated project, required for the proper settlement of the estate and to remove the cloud on the property title from any current MWSS claim.",SUCCESSFUL,successful,True,True,True,2025-11-03 20:33:00,4.177,2025-11-05 15:01:00,2025-11-03 20:33:12,2025-11-05 15:01:00,5.947,2,4,False,459,107,4.289719626168225,2026-09-29 18:04:11
CAAP-106328075497,Civil Aviation Authority of the Philippines(CAAP),caap,GOCC,2025-10-30 18:32:00,Q4,All collected data will be used strictly for ACADEMIC PURPOSES ONLY and will be properly cited in my thesis documentation.,SUCCESSFUL,successful,True,True,True,2025-11-02 12:06:00,2.732,2025-11-02 12:06:00,,2025-11-02 12:06:18,2.732,1,1,False,459,107,4.289719626168225,2026-09-29 18:04:14
CDC-061353325206,Clark Development Corporation(CDC),cdc,GOCC,2025-10-31 11:51:00,Q4,Architectural Research,SUCCESSFUL,successful,True,True,True,2025-11-04 12:31:00,4.028,2025-11-04 12:31:00,,2025-11-04 12:31:58,4.028,1,1,False,459,107,4.289719626168225,2026-09-29 18:04:16
PNP-741273099696,Philippine National Police(PNP),pnp,LEA,2025-10-31 13:55:00,Q4,Academic Research,DENIED,unsuccessful,True,False,True,2025-11-02 12:23:00,1.936,2025-12-08 13:42:00,2025-11-02 12:23:34,2025-12-08 13:42:50,37.992,3,1,False,109,91,1.1978021978021978,2026-09-29 18:04:18
PNP-152943807447,Philippine National Police(PNP),pnp,LEA,2025-11-01 00:53:00,Q4,Academic Thesis,SUCCESSFUL,successful,True,True,True,2025-11-02 12:24:00,1.48,2025-12-03 16:40:00,2025-11-02 12:24:05,2025-12-03 16:40:05,32.658,3,1,False,109,91,1.1978021978021978,2026-09-29 18:04:20
PGI-061801794922,Provincial Government of Isabela(PGI),pgi,LGU,2025-11-01 08:52:00,Q4,For Public Reference,SUCCESSFUL,successful,True,True,True,2025-11-04 12:09:00,3.137,2025-11-06 15:40:00,2025-11-04 12:09:09,2025-11-06 15:40:49,5.284,2,1,False,59,59,1.0,2026-09-29 18:04:22
PGI-458982164994,Provincial Government of Isabela(PGI),pgi,LGU,2025-11-01 11:32:00,Q4,Financial Assistance,SUCCESSFUL,successful,True,True,True,2025-11-04 12:09:00,3.026,2025-11-06 15:46:00,2025-11-04 12:09:45,2025-11-06 15:46:49,5.177,2,1,False,59,59,1.0,2026-09-29 18:04:24
CGA-653825041794,"City of Antipolo, Region IV-A(CGA)",cga,LGU,2025-11-01 21:28:00,Q4,Architectural thesis purposes,SUCCESSFUL,successful,True,True,True,2026-07-08 09:46:00,248.512,2026-07-08 09:46:00,,2026-07-08 09:46:05,248.513,1,1,False,59,59,1.0,2026-09-29 18:04:26
SJOMWD-860762289528,San Jose (Occidental Mindoro) Water District(SJOMWD),sjomwd,WATER-DISTRICT,2025-11-02 15:07:00,Q4,Check for Updates,PENDING,open,False,False,False,,,,,,,0,1,False,88,88,1.0,2026-09-29 18:04:28
DOH-371610148834,Department of Health(DOH),doh,NGA,2025-11-02 22:04:00,Q4,Architectural Thesis,SUCCESSFUL,successful,True,True,True,2025-11-03 16:35:00,0.772,2026-01-06 13:40:00,2025-11-03 16:35:21,2026-01-06 13:40:12,64.65,2,1,False,3945,97,40.670103092783506,2026-09-29 18:04:30
PH-194233369909,PhilHealth(PH),ph,GOCC,2025-11-02 23:08:00,Q4,Academic Research,SUCCESSFUL,successful,True,True,True,2025-11-03 11:19:00,0.508,2025-11-12 11:38:00,2025-11-03 11:19:10,2025-11-12 11:38:19,9.521,2,1,False,459,107,4.289719626168225,2026-09-29 18:04:32
DOH-214314980855,Department of Health(DOH),doh,NGA,2025-11-03 01:24:00,Q4,Thesis data gathering,SUCCESSFUL,successful,True,True,True,2025-11-03 16:40:00,0.636,2025-11-24 15:01:00,2025-11-03 16:40:44,2025-11-24 15:01:46,21.568,2,1,False,3945,97,40.670103092783506,2026-09-29 18:04:34
DepEd-593562448720,Department of Education(DepEd),deped,NGA,2025-11-03 17:47:00,Q4,Thesis Project,SUCCESSFUL,successful,True,True,True,2025-11-04 16:13:00,0.935,2025-11-17 14:35:00,2025-11-04 16:13:10,2025-11-17 14:35:15,13.867,3,2,False,3945,97,40.670103092783506,2026-09-29 18:04:36
PUP-585088701217,Polytechnic University of the Philippines(PUP),pup,SUC,2025-11-03 20:43:00,Q4,reference for CPC Manual,SUCCESSFUL,successful,True,True,True,2025-11-07 08:50:00,3.505,2025-11-07 08:50:00,,2025-11-07 08:50:39,3.505,1,1,False,81,71,1.1408450704225352,2026-09-29 18:04:38
PNP-469532968314,Philippine National Police(PNP),pnp,LEA,2025-11-04 10:36:00,Q4,Request Refund For Police Clearance as First Time Job Seeker,DENIED,unsuccessful,True,False,True,2025-11-04 15:17:00,0.195,2025-11-05 08:57:00,2025-11-04 15:17:19,2025-11-05 08:57:41,0.932,2,1,False,109,91,1.1978021978021978,2026-09-29 18:04:40
PSA-561508572508,Philippine Statistics Authority(PSA),psa,NGA,2025-11-04 11:05:00,Q4,The information requested will be used for my undergraduate research,SUCCESSFUL,successful,True,True,True,2025-11-07 09:24:00,2.93,2025-11-07 09:24:00,,2025-11-07 09:24:39,2.93,1,1,False,3945,97,40.670103092783506,2026-09-29 18:04:41
DA-215242537922,Department of Agriculture(DA),da,NGA,2025-11-04 11:05:00,Q4,Research and Development,DENIED,unsuccessful,True,False,True,2025-11-20 17:38:00,16.273,2025-11-20 17:38:00,,2025-11-20 17:38:07,16.273,1,1,False,3945,97,40.670103092783506,2026-09-29 18:04:43
DOH-230720121632,Department of Health(DOH),doh,NGA,2025-11-04 12:09:00,Q4,For research purposes,REFERRED,referred,False,False,False,,,,,,,0,1,False,3945,97,40.670103092783506,2026-09-29 18:04:45
DILG-753073236030,Department of the Interior and Local Government(DILG),dilg,NGA,2025-11-04 13:32:00,Q4,for reference only,PARTIALLY SUCCESSFUL,partially successful,True,True,True,2025-11-05 17:18:00,1.157,2025-12-10 11:30:00,2025-11-05 17:18:45,2025-12-10 11:30:37,35.916,3,1,False,3945,97,40.670103092783506,2026-09-29 18:04:47
UPPGH-152728662254,University of the Philippines - Philippine General Hospital(UPPGH),uppgh,SUC,2025-11-04 15:31:00,Q4,Research (STRAMA),SUCCESSFUL,successful,True,True,True,2025-11-05 09:48:00,0.762,2025-11-05 09:48:00,,2025-11-05 09:48:57,0.762,1,1,False,81,71,1.1408450704225352,2026-09-29 18:04:49
PCA-639458187635,Philippine Coconut Authority(PCA),pca,GOCC,2025-11-04 16:57:00,Q4,"The research information will be used solely for academic and research purposes in the completion of our undergraduate thesis. The data will support the development, training and validation of an AI-Based mobile app aimed to assist Filipino coconut farmers in the identification, monitoring and managment of major coconut pests. This research seeks to enchance pest detection accuracy, provide localized advisories, and contribute to sustainable agricultural practices through data driven technology.",PENDING,open,False,False,False,,,,,,,0,1,False,459,107,4.289719626168225,2026-09-29 18:04:51
CAAP-447935324250,Civil Aviation Authority of the Philippines(CAAP),caap,GOCC,2025-11-04 17:53:00,Q4,Airport Feasibility Study,DENIED,unsuccessful,True,False,True,2025-11-11 09:21:00,6.644,2025-11-14 14:22:00,2025-11-11 09:21:12,2025-11-14 14:22:19,9.854,2,1,False,459,107,4.289719626168225,2026-09-29 18:04:53
UPOU-302857687545,University of the Philippines Open University(UPOU),upou,SUC,2025-11-04 22:31:00,Q4,Research Paper,REFERRED,referred,False,False,False,,,,,,,0,1,False,81,71,1.1408450704225352,2026-09-29 18:04:55
COB-985759213179,City Government of Balanga(COB),cob,LGU,2025-11-05 00:15:00,Q4,Research [Undergraduate Study],DENIED,unsuccessful,True,False,True,2026-08-05 13:27:00,273.55,2026-08-11 08:27:00,2026-08-05 13:27:59,2026-08-11 08:27:23,279.342,4,1,False,59,59,1.0,2026-09-29 18:04:57
PNP-569694135163,Philippine National Police(PNP),pnp,LEA,2025-11-05 11:21:00,Q4,For Academic Discussion,SUCCESSFUL,successful,True,True,True,2025-11-06 10:33:00,0.967,2025-11-17 16:31:00,2025-11-06 10:33:15,2025-11-17 16:31:50,12.216,3,1,False,109,91,1.1978021978021978,2026-09-29 18:04:59
PNP-811115050162,Philippine National Police(PNP),pnp,LEA,2025-11-05 11:28:00,Q4,Record purposes,SUCCESSFUL,successful,True,True,True,2025-11-06 10:33:00,0.962,2025-11-10 08:19:00,2025-11-06 10:33:43,2025-11-10 08:19:56,4.869,3,1,False,109,91,1.1978021978021978,2026-09-29 18:05:01
PGLU-775824435749,"Province of La Union, Region I(PGLU)",pglu,LGU,2025-11-05 14:56:00,Q4,For research purposes only,PENDING,open,False,False,False,,,,,,,0,1,False,59,59,1.0,2026-09-29 18:05:03
LRTA-404605888039,Light Rail Transit Authority(LRTA),lrta,GOCC,2025-11-05 16:56:00,Q4,Capstone Research for Accessibility and Inclusivity,SUCCESSFUL,successful,True,True,True,2025-11-17 16:03:00,11.963,2025-11-17 16:03:00,,2025-11-17 16:03:42,11.964,1,1,False,459,107,4.289719626168225,2026-09-29 18:05:04
PEZA-550245997472,Philippine Economic Zone Authority(PEZA),peza,GOCC,2025-11-05 18:27:00,Q4,Research and Development,PENDING,open,False,False,False,,,,,,,0,1,False,459,107,4.289719626168225,2026-09-29 18:05:06
LRA-322390139850,Land Registration Authority(LRA),lra,NGA,2025-11-05 22:47:00,Q4,Will be use for a portion of land bought from her.,SUCCESSFUL,successful,True,True,True,2025-11-18 14:55:00,12.672,2025-11-18 14:55:00,,2025-11-18 14:55:16,12.672,1,1,False,3945,97,40.670103092783506,2026-09-29 18:05:09
USAP-793232361328,"City of Pasig, NCR(USAP)",usap,LGU,2025-11-06 00:06:00,Q4,Research and Development,SUCCESSFUL,successful,True,True,True,2025-11-06 14:42:00,0.608,2025-11-18 15:07:00,2025-11-06 14:42:31,2025-11-18 15:07:23,12.626,3,1,False,59,59,1.0,2026-09-29 18:05:10
NAPOCOR-297477007748,National Power Corporation(NAPOCOR),napocor,GOCC,2025-11-06 10:58:00,Q4,For research and development,DENIED,unsuccessful,True,False,True,2025-11-11 09:43:00,4.948,2025-11-11 09:43:00,,2025-11-11 09:43:21,4.948,1,1,False,459,107,4.289719626168225,2026-09-29 18:05:12
UPLB-391074136886,University of the Philippines Los Banos(UPLB),uplb,SUC,2025-11-06 11:08:00,Q4,Research and development,ACCEPTED,open,False,False,True,2025-11-06 11:26:00,0.012,2025-11-14 10:52:00,2025-11-06 11:26:29,,,2,2,False,81,71,1.1408450704225352,2026-09-29 18:05:14
SANWAD-979232480591,Santiago Water District(SANWAD),sanwad,WATER-DISTRICT,2025-11-06 17:41:00,Q4,For general public information,PENDING,open,False,False,False,,,,,,,0,1,False,88,88,1.0,2026-09-29 18:05:16
CAAP-225222995003,Civil Aviation Authority of the Philippines(CAAP),caap,GOCC,2025-11-06 17:55:00,Q4,Undergraduate thesis,SUCCESSFUL,successful,True,True,True,2025-11-10 12:44:00,3.784,2025-11-10 12:44:00,,2025-11-10 12:44:41,3.785,1,1,False,459,107,4.289719626168225,2026-09-29 18:05:18
USAP-990383596097,"City of Pasig, NCR(USAP)",usap,LGU,2025-11-07 02:00:00,Q4,Thesis Project,SUCCESSFUL,successful,True,True,True,2025-11-11 09:22:00,4.307,2025-11-11 10:01:00,2025-11-11 09:22:46,2025-11-11 10:01:08,4.334,3,1,False,59,59,1.0,2026-09-29 18:05:20
PALWD-499297326427,Palayan City Water District(PALWD),palwd,WATER-DISTRICT,2025-11-07 13:51:00,Q4,Research and Development,PENDING,open,False,False,False,,,,,,,0,1,False,88,88,1.0,2026-09-29 18:05:22
PSA-477436765997,Philippine Statistics Authority(PSA),psa,NGA,2025-11-07 17:57:00,Q4,Research to support a baseline assessment on Quezon city and its energy demand and cooling requirement.,SUCCESSFUL,successful,True,True,True,2025-11-12 13:26:00,4.812,2025-11-12 13:26:00,,2025-11-12 13:26:26,4.812,1,1,False,3945,97,40.670103092783506,2026-09-29 18:05:24
CGA-196748912108,"City of Antipolo, Region IV-A(CGA)",cga,LGU,2025-11-08 09:16:00,Q4,Capstone Project,SUCCESSFUL,successful,True,True,True,2026-07-08 09:48:00,242.022,2026-07-08 09:48:00,,2026-07-08 09:48:22,242.022,1,1,False,59,59,1.0,2026-09-29 18:05:26
CGA-320166982664,"City of Antipolo, Region IV-A(CGA)",cga,LGU,2025-11-08 12:49:00,Q4,Architectural Thesis Purpose,SUCCESSFUL,successful,True,True,True,2026-07-08 09:51:00,241.876,2026-07-08 09:51:00,,2026-07-08 09:51:49,241.877,1,1,False,59,59,1.0,2026-09-29 18:05:28
CLSU-917214704220,Central Luzon State University(CLSU),clsu,SUC,2025-11-09 02:43:00,Q4,Maka hingi ng tulong,DENIED,unsuccessful,True,False,True,2025-11-13 09:01:00,4.262,2025-11-13 10:32:00,2025-11-13 09:01:00,2025-11-13 10:32:51,4.326,2,1,False,81,71,1.1408450704225352,2026-09-29 18:05:30
PGB-678465762391,Provincial Government of Bataan(PGB),pgb,LGU,2025-11-09 12:00:00,Q4,Research (Undergraduate Thesis),SUCCESSFUL,successful,True,True,True,2026-07-30 16:13:00,263.176,2026-07-30 16:13:00,,2026-07-30 16:13:37,263.176,1,2,False,59,59,1.0,2026-09-29 18:05:32
CIAC-695361329655,Clark International Airport Corporation(CIAC),ciac,GOCC,2025-11-09 20:18:00,Q4,"Site Location for my Thesis ""Salin- Lahi: A Heritage Conservation and Innovation Facility for the Revitalization of the Filipino Culture""",SUCCESSFUL,successful,True,True,True,2025-11-11 08:36:00,1.512,2025-11-11 08:36:00,,2025-11-11 08:36:34,1.513,1,1,False,459,107,4.289719626168225,2026-09-29 18:05:35
URS-461645165718,University of Rizal System(URS),urs,SUC,2025-11-10 14:34:00,Q4,Architectural Thesis,SUCCESSFUL,successful,True,True,True,2026-01-20 08:02:00,70.728,2026-01-20 08:02:00,,2026-01-20 08:02:38,70.728,1,1,False,81,71,1.1408450704225352,2026-09-29 18:05:36
SBMA-819930278476,Subic Bay Metropolitan Authority(SBMA),sbma,GOCC,2025-11-10 18:47:00,Q4,Educational Research,SUCCESSFUL,successful,True,True,True,2025-11-11 14:14:00,0.81,2025-11-18 09:35:00,2025-11-11 14:14:19,2025-11-18 09:35:30,7.617,2,1,False,459,107,4.289719626168225,2026-09-29 18:05:38
USAP-150950909850,"City of Pasig, NCR(USAP)",usap,LGU,2025-11-10 20:59:00,Q4,For an Undergraduate Thesis,SUCCESSFUL,successful,True,True,True,2025-11-11 09:24:00,0.517,2025-11-11 09:57:00,2025-11-11 09:24:09,2025-11-11 09:57:57,0.541,3,1,False,59,59,1.0,2026-09-29 18:05:40
PGBukidnon-389319749139,Provincial Government of Bukidnon(PGBukidnon),pgbukidnon,LGU,2025-11-11 11:06:00,Q4,Academic purposes: Demography,SUCCESSFUL,successful,True,True,True,2025-11-11 11:53:00,0.033,2025-12-18 09:10:00,2025-11-11 13:20:45,2025-12-18 09:10:58,36.92,3,1,False,59,59,1.0,2026-09-29 18:05:42
PCA-326051233930,Philippine Coconut Authority(PCA),pca,GOCC,2025-11-11 11:56:00,Q4,Research: Plant Design School Project,PENDING,open,False,False,False,,,,,,,0,2,False,459,107,4.289719626168225,2026-09-29 18:05:44
LLFC-223405051510,LBP Leasing and Finance Corporation(LLFC),llfc,GOCC,2025-11-11 13:47:00,Q4,Bank Requirements.,DENIED,unsuccessful,True,False,True,2025-11-11 14:18:00,0.022,2025-12-01 15:58:00,2025-11-11 14:18:13,2025-12-01 15:58:23,20.091,2,1,False,459,107,4.289719626168225,2026-09-29 18:05:46
PSA-318893617825,Philippine Statistics Authority(PSA),psa,NGA,2025-11-11 13:54:00,Q4,Academic and Research Purposes,SUCCESSFUL,successful,True,True,True,2025-11-14 09:32:00,2.818,2025-11-14 09:32:00,,2025-11-14 09:32:21,2.818,1,2,False,3945,97,40.670103092783506,2026-09-29 18:05:48
PNP-804450622161,Philippine National Police(PNP),pnp,LEA,2025-11-11 13:59:00,Q4,Risk Assessment for AML Compliance Testing,SUCCESSFUL,successful,True,True,True,2025-11-11 14:33:00,0.024,2025-11-21 16:31:00,2025-11-11 14:33:06,2025-11-21 16:31:31,10.106,2,1,False,109,91,1.1978021978021978,2026-09-29 18:09:00
UPPGH-934019405245,University of the Philippines - Philippine General Hospital(UPPGH),uppgh,SUC,2025-11-11 22:03:00,Q4,Research and Development,CLOSED,unsuccessful,True,False,True,2025-11-12 14:57:00,0.704,2025-11-12 14:57:00,2025-11-12 14:57:07,,,1,1,False,81,71,1.1408450704225352,2026-09-29 18:09:02
CAAP-410575846558,Civil Aviation Authority of the Philippines(CAAP),caap,GOCC,2025-11-12 09:45:00,Q4,architecture thesis,SUCCESSFUL,successful,True,True,True,2025-11-13 11:22:00,1.067,2025-11-13 11:22:00,,2025-11-13 11:22:59,1.068,1,1,False,459,107,4.289719626168225,2026-09-29 18:09:04
USAP-959381712817,"City of Pasig, NCR(USAP)",usap,LGU,2025-11-12 14:00:00,Q4,Undergraduate Thesis,SUCCESSFUL,successful,True,True,True,2025-11-12 15:09:00,0.048,2025-11-12 15:26:00,2025-11-12 15:09:36,2025-11-12 15:26:17,0.06,3,1,False,59,59,1.0,2026-09-29 18:09:06
CPA-373485308954,Cebu Port Authority(CPA),cpa,GOCC,2025-11-12 18:43:00,Q4,Educational Research,SUCCESSFUL,successful,True,True,True,2025-11-13 08:04:00,0.556,2025-11-26 11:24:00,2025-11-13 08:04:48,2025-11-26 11:24:57,13.696,2,2,False,459,107,4.289719626168225,2026-09-29 18:09:08
PhilSCA-493688434242,Philippine State College of Aeronautics(PhilSCA),philsca,SUC,2025-11-13 03:26:00,Q4,Architectural thesis,PENDING,open,False,False,False,,,,,,,0,5,False,81,71,1.1408450704225352,2026-09-29 18:09:10
MLWD-105583533084,Metro Lipa Water District(MLWD),mlwd,WATER-DISTRICT,2025-11-13 10:38:00,Q4,Undergraduate Architectural Thesis,PENDING,open,False,False,False,,,,,,,0,2,False,88,88,1.0,2026-09-29 18:09:11
SSS-830868755948,Social Security System(SSS),sss,GOCC,2025-11-13 11:57:00,Q4,FOR SSS UNEMPLOYMENT BENEFITS,CLOSED,unsuccessful,True,False,True,2025-11-26 12:38:00,13.028,2025-11-26 12:38:00,2025-11-26 12:38:03,,,1,2,False,459,107,4.289719626168225,2026-09-29 18:09:13
PNP-705690853282,Philippine National Police(PNP),pnp,LEA,2025-11-13 12:50:00,Q4,For general public reference,DENIED,unsuccessful,True,False,True,2025-11-13 15:57:00,0.13,2025-12-09 11:28:00,2025-11-13 15:57:51,2025-12-09 11:28:04,25.943,4,3,False,109,91,1.1978021978021978,2026-09-29 18:09:16
PNR-827411853430,Philippine National Railways(PNR),pnr,GOCC,2025-11-13 13:46:00,Q4,Academic Research,SUCCESSFUL,successful,True,True,True,2025-12-04 08:47:00,20.792,2025-12-04 08:47:00,,2025-12-04 08:47:39,20.793,1,1,False,459,107,4.289719626168225,2026-09-29 18:09:18
LRTA-169827232798,Light Rail Transit Authority(LRTA),lrta,GOCC,2025-11-13 13:51:00,Q4,Academic Research,SUCCESSFUL,successful,True,True,True,2025-11-28 10:29:00,14.86,2025-11-28 10:29:00,,2025-11-28 10:29:51,14.86,1,1,False,459,107,4.289719626168225,2026-09-29 18:09:20
UPPGH-015886434649,University of the Philippines - Philippine General Hospital(UPPGH),uppgh,SUC,2025-11-13 14:27:00,Q4,Architectural Thesis,SUCCESSFUL,successful,True,True,True,2025-11-14 11:21:00,0.871,2025-11-14 11:21:00,,2025-11-14 11:21:15,0.871,1,1,False,81,71,1.1408450704225352,2026-09-29 18:09:22
JHMC-829191424598,John Hay Management Corporation(JHMC),jhmc,GOCC,2025-11-13 15:39:00,Q4,"Research, Thesis Capstone",SUCCESSFUL,successful,True,True,True,2025-11-13 16:05:00,0.018,2025-12-15 09:26:00,2025-11-13 16:05:29,2025-12-15 09:26:21,31.741,3,1,False,459,107,4.289719626168225,2026-09-29 18:09:24
PNP-876008866367,Philippine National Police(PNP),pnp,LEA,2025-11-13 15:43:00,Q4,Research and development,DENIED,unsuccessful,True,False,True,2025-11-13 16:00:00,0.012,2025-12-03 09:02:00,2025-11-13 16:00:36,2025-12-03 09:02:23,19.722,2,1,False,109,91,1.1978021978021978,2026-09-29 18:09:26
NBI-968946535533,National Bureau of Investigation(NBI),nbi,NGA,2025-11-13 21:02:00,Q4,Investigation and trying to get my laptop back if possible,DENIED,unsuccessful,True,False,True,2025-11-18 11:52:00,4.618,2025-11-18 11:52:00,,2025-11-18 11:52:42,4.619,1,1,False,3945,97,40.670103092783506,2026-09-29 18:09:28
CIC-816226410133,Credit Information Corporation(CIC),cic,GOCC,2025-11-13 21:33:00,Q4,To clear explanation of my credit,CLOSED,unsuccessful,True,False,True,2025-11-14 14:18:00,0.698,2025-11-14 14:18:00,2025-11-14 14:18:34,,,1,1,False,459,107,4.289719626168225,2026-09-29 18:09:30
USAP-505081929303,"City of Pasig, NCR(USAP)",usap,LGU,2025-11-14 08:37:00,Q4,Academic Research Study,PARTIALLY SUCCESSFUL,partially successful,True,True,True,2025-11-17 09:04:00,3.019,2025-12-01 13:55:00,2025-11-17 09:04:13,2025-12-01 13:55:08,17.221,4,2,False,59,59,1.0,2026-09-29 18:09:33
ACWD-205514400495,Alaminos City Water District(ACWD),acwd,WATER-DISTRICT,2025-11-14 11:28:00,Q4,For Master's Thesis,CLOSED,unsuccessful,True,False,True,2025-11-18 14:58:00,4.146,2025-11-18 14:58:00,2025-11-18 14:58:48,,,1,1,False,88,88,1.0,2026-09-29 18:09:35
UPLB-357805942865,University of the Philippines Los Banos(UPLB),uplb,SUC,2025-11-14 12:53:00,Q4,Sampling procedure for a thesis,DENIED,unsuccessful,True,False,True,2025-11-17 13:15:00,3.015,2025-11-24 13:45:00,2025-11-17 13:15:27,2025-11-24 13:45:35,10.037,3,1,False,81,71,1.1408450704225352,2026-09-29 18:09:37
DOH-562325476859,Department of Health(DOH),doh,NGA,2025-11-14 14:59:00,Q4,Thesis / Research,SUCCESSFUL,successful,True,True,True,2025-11-17 13:49:00,2.951,2025-11-25 14:06:00,2025-11-17 13:49:39,2025-11-25 14:06:27,10.964,2,1,False,3945,97,40.670103092783506,2026-09-29 18:09:39
DENREMB-239716518643,Environmental Management Bureau(DENREMB),denremb,NGA,2025-11-14 16:08:00,Q4,Will be used as historical data in my thesis about groundwater level forecasting.,DENIED,unsuccessful,True,False,True,2025-11-18 08:56:00,3.7,2025-11-18 08:56:00,,2025-11-18 08:56:19,3.7,1,1,False,3945,97,40.670103092783506,2026-09-29 18:09:41
BAI-245779443837,Bureau of Animal Industry(BAI),bai,NGA,2025-11-14 16:44:00,Q4,"Research, thesis",PENDING,open,False,False,False,,,,,,,0,1,False,3945,97,40.670103092783506,2026-09-29 18:09:42
METCEBWD-639733172200,Metropolitan Cebu Water District(METCEBWD),metcebwd,WATER-DISTRICT,2025-11-15 05:44:00,Q4,Undergraduate thesis,ACCEPTED,open,False,False,True,2025-11-18 07:52:00,3.089,2025-12-10 09:23:00,2025-11-26 16:35:37,,,3,1,False,88,88,1.0,2026-09-29 18:09:44
UPD-550447423287,University of the Philippines Diliman(UPD),upd,SUC,2025-11-15 22:22:00,Q4,for my architectural thesis (bachelor's),CLOSED,unsuccessful,True,False,True,2025-11-20 17:01:00,4.777,2025-12-12 04:57:00,2025-11-20 17:01:54,,,2,1,False,81,71,1.1408450704225352,2026-09-29 18:09:46
PRC-207666762981,Professional Regulation Commission(PRC),prc,NGA,2025-11-16 21:07:00,Q4,The requested data will be used solely for academic research purposes as part of our undergraduate thesis.,SUCCESSFUL,successful,True,True,True,2025-11-18 11:48:00,1.612,2025-12-03 16:58:00,2025-11-18 11:48:44,2025-12-03 16:58:10,16.827,2,1,False,3945,97,40.670103092783506,2026-09-29 18:09:49
METCEBWD-528629939180,Metropolitan Cebu Water District(METCEBWD),metcebwd,WATER-DISTRICT,2025-11-16 22:08:00,Q4,Thesis research,ACCEPTED,open,False,False,True,2025-11-18 07:51:00,1.405,2025-12-10 09:31:00,2025-11-26 16:35:13,,,3,1,False,88,88,1.0,2026-09-29 18:09:50
DENRLMB-124804828087,Land Management Bureau(DENRLMB),denrlmb,NGA,2025-11-16 22:47:00,Q4,Undergraduate Thesis,SUCCESSFUL,successful,True,True,True,2025-11-17 08:19:00,0.397,2025-12-07 23:25:00,2025-11-17 08:19:29,2025-12-07 23:25:11,21.027,2,1,False,3945,97,40.670103092783506,2026-09-29 18:09:53
DOH-308575707313,Department of Health(DOH),doh,NGA,2025-11-17 01:40:00,Q4,Architectural Thesis,DENIED,unsuccessful,True,False,True,2025-11-18 15:35:00,1.58,2025-11-28 15:43:00,2025-11-18 15:35:52,2025-11-28 15:43:46,11.586,2,1,False,3945,97,40.670103092783506,2026-09-29 18:09:54
PNP-253706337086,Philippine National Police(PNP),pnp,LEA,2025-11-17 01:54:00,Q4,Undergraduate Thesis,SUCCESSFUL,successful,True,True,True,2025-11-17 05:39:00,0.156,2025-12-03 16:44:00,2025-11-17 05:39:15,2025-12-03 16:44:02,16.618,3,2,False,109,91,1.1978021978021978,2026-09-29 18:09:56
PICC-299962931325,Philippine International Convention Center(PICC),picc,GOCC,2025-11-17 09:54:00,Q4,Architectural thesis,PENDING,open,False,False,False,,,,,,,0,1,False,459,107,4.289719626168225,2026-09-29 18:09:59
EARIST-082161550174,Eulogio Amang Rodriguez Institute of Science and Technology(EARIST),earist,SUC,2025-11-17 10:25:00,Q4,The requested data will be used as part of our thesis studying about college students' behavior in Manila. The information will served as a basis for computing the required sample size and ensuring the validity and reliability of the study's sampling process.,SUCCESSFUL,successful,True,True,True,2025-11-17 10:31:00,0.004,2025-11-19 16:48:00,2025-11-17 10:31:53,2025-11-19 16:48:06,2.266,3,1,False,81,71,1.1408450704225352,2026-09-29 18:11:05
PNP-782326666344,Philippine National Police(PNP),pnp,LEA,2025-11-17 11:40:00,Q4,The purpose of this data is to highlight the Occidental Mindoro PNP's fight against illegal drugs.,SUCCESSFUL,successful,True,True,True,2025-11-17 16:21:00,0.195,2025-11-25 14:40:00,2025-11-17 16:21:36,2025-11-25 14:40:44,8.126,3,1,False,109,91,1.1978021978021978,2026-09-29 18:11:07
MVWD-979320469478,METRO VIGAN WATER DISTRICT(MVWD),mvwd,WATER-DISTRICT,2025-11-17 14:02:00,Q4,For use in Master's Thesis,PENDING,open,False,False,False,,,,,,,0,1,False,88,88,1.0,2026-09-29 18:11:09
SRA-674843531170,Sugar Regulatory Administration(SRA),sra,GOCC,2025-11-17 16:20:00,Q4,Research and Literature Review,SUCCESSFUL,successful,True,True,True,2025-11-19 16:53:00,2.023,2025-11-27 14:13:00,2025-11-19 16:53:27,2025-11-27 14:13:45,9.912,3,1,False,459,107,4.289719626168225,2026-09-29 18:11:12
CAAP-369089065111,Civil Aviation Authority of the Philippines(CAAP),caap,GOCC,2025-11-17 16:41:00,Q4,Architectural Research,SUCCESSFUL,successful,True,True,True,2025-11-24 10:33:00,6.744,2025-11-24 10:33:00,,2025-11-24 10:33:40,6.745,1,1,False,459,107,4.289719626168225,2026-09-29 18:11:14
BCDA-915851779311,Bases Conversion and Development Authority(BCDA),bcda,GOCC,2025-11-17 20:39:00,Q4,Request for information on my ongoing projects and completed projects under Bcda projects,SUCCESSFUL,successful,True,True,True,2025-11-19 14:45:00,1.754,2025-11-19 14:45:00,,2025-11-19 14:45:10,1.754,1,1,False,459,107,4.289719626168225,2026-09-29 18:11:15
CARSU-402591979126,Caraga State University(CARSU),carsu,SUC,2025-11-17 20:45:00,Q4,data gathering for thesis,SUCCESSFUL,successful,True,True,True,2025-11-18 09:12:00,0.519,2025-11-21 16:01:00,2025-11-18 09:12:37,2025-11-21 16:01:51,3.803,3,1,False,81,71,1.1408450704225352,2026-09-29 18:11:17
UPLB-074631365064,University of the Philippines Los Banos(UPLB),uplb,SUC,2025-11-17 22:02:00,Q4,Data for my Thesis,ACCEPTED,open,False,False,True,2025-11-24 13:31:00,6.645,2025-12-03 10:42:00,2025-11-24 13:31:30,,,2,1,False,81,71,1.1408450704225352,2026-09-29 18:11:19
UPD-537699740983,University of the Philippines Diliman(UPD),upd,SUC,2025-11-18 07:10:00,Q4,Undergraduate Thesis,DENIED,unsuccessful,True,False,True,2025-11-20 17:07:00,2.415,2025-11-20 17:07:00,,2025-11-20 17:07:06,2.415,1,1,False,81,71,1.1408450704225352,2026-09-29 18:11:20
PSA-687743912918,Philippine Statistics Authority(PSA),psa,NGA,2025-11-18 09:29:00,Q4,Research and Development,PARTIALLY SUCCESSFUL,partially successful,True,True,True,2025-11-18 16:13:00,0.281,2025-11-18 16:13:00,,2025-11-18 16:13:15,0.281,1,1,False,3945,97,40.670103092783506,2026-09-29 18:11:23
CARSU-165296291827,Caraga State University(CARSU),carsu,SUC,2025-11-18 09:54:00,Q4,Architecture undergraduate thesis,DENIED,unsuccessful,True,False,True,2025-11-19 08:54:00,0.958,2025-11-26 14:12:00,2025-11-19 08:54:54,2025-11-26 14:12:43,8.18,3,1,False,81,71,1.1408450704225352,2026-09-29 18:11:24
DOT-975236570338,Department of Tourism(DOT),dot,NGA,2025-11-18 11:10:00,Q4,Senate Budget Hearing,PARTIALLY SUCCESSFUL,partially successful,True,True,True,2025-11-18 13:58:00,0.117,2025-12-15 22:23:00,2025-11-18 13:58:46,2025-12-15 22:23:58,27.468,7,4,False,3945,97,40.670103092783506,2026-09-29 18:11:27
DENRNAMRIA-003730361241,National Mapping and Resource Information Authority(DENRNAMRIA),denrnamria,NGA,2025-11-18 13:45:00,Q4,For Master's Degree Thesis Purposes.,DENIED,unsuccessful,True,False,True,2025-11-18 14:53:00,0.047,2025-11-18 14:53:00,,2025-11-18 14:53:13,0.047,1,2,False,3945,97,40.670103092783506,2026-09-29 18:11:29
PNP-244214606581,Philippine National Police(PNP),pnp,LEA,2025-11-18 14:24:00,Q4,Research Development for Masters Degree,SUCCESSFUL,successful,True,True,True,2025-11-18 15:21:00,0.04,2025-12-01 16:42:00,2025-11-18 15:21:27,2025-12-01 16:42:34,13.096,3,1,False,109,91,1.1978021978021978,2026-09-29 18:11:31
PNP-131886460569,Philippine National Police(PNP),pnp,LEA,2025-11-18 16:30:00,Q4,Research and Analysis,DENIED,unsuccessful,True,False,True,2025-11-18 16:41:00,0.008,2025-12-17 11:38:00,2025-11-18 16:41:35,2025-12-17 11:38:27,28.798,4,2,False,109,91,1.1978021978021978,2026-09-29 18:11:32
NHA-764260168730,National Housing Authority(NHA),nha,GOCC,2025-11-18 23:03:00,Q4,For undergraduate thesis research.,SUCCESSFUL,successful,True,True,True,2025-11-19 10:12:00,0.465,2025-12-05 19:53:00,2025-11-19 10:12:26,2025-12-05 19:53:02,16.868,2,1,False,459,107,4.289719626168225,2026-09-29 18:11:35
CAAP-728559984759,Civil Aviation Authority of the Philippines(CAAP),caap,GOCC,2025-11-19 00:05:00,Q4,"Request for Public Records - Sayak Airport (Land, Environmental, Survey, and Other Related Documents)",SUCCESSFUL,successful,True,True,True,2025-11-24 09:09:00,5.378,2025-11-24 09:09:00,,2025-11-24 09:09:47,5.378,1,2,False,459,107,4.289719626168225,2026-09-29 18:11:37
CAAP-653471356914,Civil Aviation Authority of the Philippines(CAAP),caap,GOCC,2025-11-19 00:12:00,Q4,"Request for Public Records - Siargao Sayak Airport (Land, Environmental, Survey, and Other Related Documents)",SUCCESSFUL,successful,True,True,True,2025-11-24 09:08:00,5.372,2025-11-24 09:08:00,,2025-11-24 09:08:41,5.373,1,1,False,459,107,4.289719626168225,2026-09-29 18:11:39
MANGWD-894079216313,Mangaldan Water District(MANGWD),mangwd,WATER-DISTRICT,2025-11-19 02:31:00,Q4,Undergraduate Thesis - BS Civil Engineering,SUCCESSFUL,successful,True,True,True,2025-11-19 09:55:00,0.308,2025-11-19 10:08:00,2025-11-19 09:55:28,2025-11-19 10:08:59,0.318,2,1,False,88,88,1.0,2026-09-29 18:11:41
BFP-713019458188,Bureau of Fire Protection(BFP),bfp,NGA,2025-11-19 08:41:00,Q4,Research purposes,PARTIALLY SUCCESSFUL,partially successful,True,True,True,2026-01-03 12:34:00,45.162,2026-01-14 21:27:00,2026-01-03 12:34:11,2026-01-14 21:27:29,56.532,2,1,False,3945,97,40.670103092783506,2026-09-29 18:11:42
MLWD-149944732075,Metro Lipa Water District(MLWD),mlwd,WATER-DISTRICT,2025-11-19 13:21:00,Q4,Groundwater resource assessment,PENDING,open,False,False,False,,,,,,,0,1,False,88,88,1.0,2026-09-29 18:11:44
DENREMB-036336909759,Environmental Management Bureau(DENREMB),denremb,NGA,2025-11-19 15:06:00,Q4,Research and article,PENDING,open,False,False,True,2025-11-24 09:46:00,4.778,2025-11-24 09:46:00,,,,1,1,False,3945,97,40.670103092783506,2026-09-29 18:11:46
PHLPost-321109927463,Philippine Postal Corporation(PHLPost),phlpost,GOCC,2025-11-19 18:01:00,Q4,Research and Development,SUCCESSFUL,successful,True,True,True,2025-11-27 16:45:00,7.947,2025-11-27 16:45:00,,2025-11-27 16:45:05,7.947,1,1,False,459,107,4.289719626168225,2026-09-29 18:11:48
MGB-161541821867,Mines and Geosciences Bureau(MGB),mgb,NGA,2025-11-19 21:33:00,Q4,Research and Design Consideration of Proposed subdivision,PARTIALLY SUCCESSFUL,partially successful,True,True,True,2025-11-20 11:06:00,0.565,2025-11-27 14:56:00,2025-11-20 11:06:14,2025-11-27 14:56:13,7.724,2,1,False,3945,97,40.670103092783506,2026-09-29 18:11:50
PNP-600444768070,Philippine National Police(PNP),pnp,LEA,2025-11-19 22:12:00,Q4,"Our team is currently conducting a research study about cybercrime or digital scams, and this data set. is essential for our analysis. Thank you!",DENIED,unsuccessful,True,False,True,2025-11-20 09:18:00,0.462,2025-12-18 08:56:00,2025-11-20 09:18:54,2025-12-18 08:56:39,28.448,3,1,False,109,91,1.1978021978021978,2026-09-29 18:11:51
NIA-986596427740,National Irrigation Administration(NIA),nia,GOCC,2025-11-20 07:06:00,Q4,Undergraduate research,SUCCESSFUL,successful,True,True,True,2025-12-02 14:17:00,12.299,2025-12-02 14:17:00,,2025-12-02 14:17:46,12.3,1,2,False,459,107,4.289719626168225,2026-09-29 18:11:53
SJOMWD-425476919881,San Jose (Occidental Mindoro) Water District(SJOMWD),sjomwd,WATER-DISTRICT,2025-11-20 07:13:00,Q4,Undergraduate research,PENDING,open,False,False,False,,,,,,,0,2,False,88,88,1.0,2026-09-29 18:11:56
MANGWD-525573550356,Mangaldan Water District(MANGWD),mangwd,WATER-DISTRICT,2025-11-20 08:59:00,Q4,Thesis - Bs Civil Engineering,SUCCESSFUL,successful,True,True,True,2025-11-24 10:22:00,4.058,2025-11-26 15:50:00,2025-11-24 10:22:04,2025-11-26 15:50:11,6.286,2,1,False,88,88,1.0,2026-09-29 18:11:58
PIWAD-404056827487,Pililla Water District(PIWAD),piwad,WATER-DISTRICT,2025-11-20 10:17:00,Q4,Data is for research purposes only and will be used as reference for a requirement in our Architectural Design 5 subject.,SUCCESSFUL,successful,True,True,True,2026-01-09 08:21:00,49.919,2026-01-09 08:21:00,,2026-01-09 08:21:02,49.919,1,1,False,88,88,1.0,2026-09-29 18:12:00
PNP-036843524032,Philippine National Police(PNP),pnp,LEA,2025-11-20 18:52:00,Q4,To my requirment to my thesis,PARTIALLY SUCCESSFUL,partially successful,True,True,True,2025-11-21 09:27:00,0.608,2025-12-01 16:16:00,2025-11-21 09:27:30,2025-12-01 16:16:51,10.892,3,1,False,109,91,1.1978021978021978,2026-09-29 18:12:01
PHRA-294274208780,Philippine Retirement Authority(PHRA),phra,GOCC,2025-11-21 01:17:00,Q4,Architectural Thesis,PARTIALLY SUCCESSFUL,partially successful,True,True,True,2025-12-05 15:54:00,14.609,2025-12-05 15:54:00,,2025-12-05 15:54:14,14.609,1,1,False,459,107,4.289719626168225,2026-09-29 18:12:04
BCDA-192538929387,Bases Conversion and Development Authority(BCDA),bcda,GOCC,2025-11-21 09:25:00,Q4,Undergraduate Thesis,CLOSED,unsuccessful,True,False,True,2025-11-21 14:06:00,0.195,2025-11-21 14:06:00,2025-11-21 14:06:41,,,1,1,False,459,107,4.289719626168225,2026-09-29 18:12:05
PRC-490315567228,Professional Regulation Commission(PRC),prc,NGA,2025-11-21 09:56:00,Q4,Application as a CPD Program Provider,SUCCESSFUL,successful,True,True,True,2025-11-21 15:24:00,0.228,2025-11-26 16:33:00,2025-11-21 15:24:20,2025-11-26 16:33:27,5.276,2,1,False,3945,97,40.670103092783506,2026-09-29 18:12:08
ESCWD-886014304266,Escalante Water District(ESCWD),escwd,WATER-DISTRICT,2025-11-21 16:12:00,Q4,For use in Mater's Thesis,PENDING,open,False,False,False,,,,,,,0,2,False,88,88,1.0,2026-09-29 18:12:09
PSA-554794620114,Philippine Statistics Authority(PSA),psa,NGA,2025-11-21 23:51:00,Q4,techno-economic analysis thesis,SUCCESSFUL,successful,True,True,True,2025-11-24 14:16:00,2.601,2025-11-24 14:16:00,,2025-11-24 14:16:31,2.601,1,1,False,3945,97,40.670103092783506,2026-09-29 18:12:12
PSA-397721154568,Philippine Statistics Authority(PSA),psa,NGA,2025-11-22 01:39:00,Q4,For my Government Valid Id process,PARTIALLY SUCCESSFUL,partially successful,True,True,True,2025-11-24 14:46:00,2.547,2025-11-24 14:46:00,,2025-11-24 14:46:16,2.547,1,1,False,3945,97,40.670103092783506,2026-09-29 18:12:14
PNP-182921859545,Philippine National Police(PNP),pnp,LEA,2025-11-23 01:12:00,Q4,Academic paper,SUCCESSFUL,successful,True,True,True,2025-11-23 07:52:00,0.278,2025-12-18 03:41:00,2025-11-23 07:52:47,2025-12-18 03:41:42,25.104,3,1,False,109,91,1.1978021978021978,2026-09-29 18:12:16
PFDA-394884109153,Philippine Fisheries Development Authority(PFDA),pfda,GOCC,2025-11-23 10:17:00,Q4,Thesis Purposes,SUCCESSFUL,successful,True,True,True,2025-11-24 09:46:00,0.978,2025-11-25 13:03:00,2025-11-24 09:46:52,2025-11-25 13:03:54,2.116,2,1,False,459,107,4.289719626168225,2026-09-29 18:12:17
PNP-683071017179,Philippine National Police(PNP),pnp,LEA,2025-11-23 12:14:00,Q4,for my Research in Doctor of Information Technology Journey.,SUCCESSFUL,successful,True,True,True,2025-11-24 08:13:00,0.833,2025-12-02 12:39:00,2025-11-24 08:13:57,2025-12-02 12:39:29,9.018,3,1,False,109,91,1.1978021978021978,2026-09-29 18:12:19
PhilRice-354416463557,Philippine Rice Research Institute(PhilRice),philrice,GOCC,2025-11-24 06:24:00,Q4,Undergraduate research,PARTIALLY SUCCESSFUL,partially successful,True,True,True,2025-11-24 10:23:00,0.166,2026-01-22 14:45:00,2025-11-24 10:23:55,2025-12-19 11:13:36,25.201,4,1,False,459,107,4.289719626168225,2026-09-29 18:12:21
CGA-295636655761,"City of Antipolo, Region IV-A(CGA)",cga,LGU,2025-11-24 08:12:00,Q4,Research purposes for Medical Technology Students in Our Lady of Fatima University,PENDING,open,False,False,False,,,,,,,0,1,False,59,59,1.0,2026-09-29 18:12:24
CGA-425196462592,"City of Antipolo, Region IV-A(CGA)",cga,LGU,2025-11-24 09:04:00,Q4,Academic Research,PENDING,open,False,False,False,,,,,,,0,1,False,59,59,1.0,2026-09-29 18:12:25
SSS-830290352805,Social Security System(SSS),sss,GOCC,2025-11-24 14:25:00,Q4,to received my sss unemployment benefit,REFERRED,referred,False,False,False,,,,,,,0,1,False,459,107,4.289719626168225,2026-09-29 18:12:27
USEP-679728169307,University of Southeastern Philippines(USEP),usep,SUC,2025-11-24 19:09:00,Q4,Research and education,SUCCESSFUL,successful,True,True,True,2025-11-25 08:33:00,0.558,2025-12-09 15:18:00,2025-11-25 08:33:56,2025-12-09 15:18:04,14.84,3,1,False,81,71,1.1408450704225352,2026-09-29 18:12:29
USEP-377557336202,University of Southeastern Philippines(USEP),usep,SUC,2025-11-24 20:20:00,Q4,Research and development,SUCCESSFUL,successful,True,True,True,2025-11-25 08:34:00,0.51,2025-12-09 15:16:00,2025-11-25 08:34:29,2025-12-09 15:16:57,14.79,3,1,False,81,71,1.1408450704225352,2026-09-29 18:12:30
MLWD-772664240761,Metro Lipa Water District(MLWD),mlwd,WATER-DISTRICT,2025-11-25 01:04:00,Q4,Undergraduate Thesis,PENDING,open,False,False,False,,,,,,,0,1,False,88,88,1.0,2026-09-29 18:12:32
PNP-366000400894,Philippine National Police(PNP),pnp,LEA,2025-11-25 02:31:00,Q4,Undergraduate Thesis,SUCCESSFUL,successful,True,True,True,2025-11-25 16:05:00,0.565,2025-12-03 16:47:00,2025-11-25 16:05:09,2025-12-03 16:47:38,8.595,3,1,False,109,91,1.1978021978021978,2026-09-29 18:12:34
MLWD-040431575280,Metro Lipa Water District(MLWD),mlwd,WATER-DISTRICT,2025-11-25 02:54:00,Q4,Suitability Analysis for Landfill Site Locations,PENDING,open,False,False,False,,,,,,,0,1,False,88,88,1.0,2026-09-29 18:12:37
DOH-635056389803,Department of Health(DOH),doh,NGA,2025-11-25 09:51:00,Q4,Research about Level of Awareness and Utilization of NSMP in Cavite.,SUCCESSFUL,successful,True,True,True,2025-11-25 14:55:00,0.211,2025-11-28 14:46:00,2025-11-25 14:55:31,2025-11-28 14:46:46,3.205,2,1,False,3945,97,40.670103092783506,2026-09-29 18:12:39
TARCWD-379865522987,Tarlac City Water District(TARCWD),tarcwd,WATER-DISTRICT,2025-11-25 10:03:00,Q4,TO FOLLOW-UP DELAYED WATER INSTALLATION,DENIED,unsuccessful,True,False,True,2025-11-25 14:03:00,0.167,2025-11-25 14:03:00,,2025-11-25 14:03:55,0.167,1,1,False,88,88,1.0,2026-09-29 18:12:41
USEP-222673891158,University of Southeastern Philippines(USEP),usep,SUC,2025-11-25 10:24:00,Q4,For the Course Catalogue,SUCCESSFUL,successful,True,True,True,2025-11-25 10:30:00,0.004,2025-12-10 16:08:00,2025-11-25 10:30:22,2025-12-10 16:08:02,15.239,3,1,False,81,71,1.1408450704225352,2026-09-29 18:12:43
PSC-069221639713,Philippine Sports Commission(PSC),psc,NGA,2025-11-25 12:23:00,Q4,Research and Development,SUCCESSFUL,successful,True,True,True,2025-11-25 14:55:00,0.106,2025-11-25 14:55:00,,2025-11-25 14:55:43,0.106,1,1,False,3945,97,40.670103092783506,2026-09-29 18:12:45
CARWD-176762976868,Carmona Water District(CARWD),carwd,WATER-DISTRICT,2025-11-25 13:29:00,Q4,For use in Master's Thesis,SUCCESSFUL,successful,True,True,True,2025-11-25 16:56:00,0.144,2026-01-20 08:19:00,2025-11-25 16:56:46,2026-01-20 08:19:57,55.785,2,1,False,88,88,1.0,2026-09-29 18:12:47
USAP-871123482154,"City of Pasig, NCR(USAP)",usap,LGU,2025-11-25 20:48:00,Q4,Capstone Design Project,PARTIALLY SUCCESSFUL,partially successful,True,True,True,2025-12-01 14:12:00,5.725,2026-01-05 08:12:00,2025-12-01 14:12:15,2026-01-05 08:12:35,40.475,3,2,False,59,59,1.0,2026-09-29 18:12:49
METCEBWD-090833300084,Metropolitan Cebu Water District(METCEBWD),metcebwd,WATER-DISTRICT,2025-11-26 13:32:00,Q4,Research for a plicy paper,DENIED,unsuccessful,True,False,True,2025-12-11 10:41:00,14.881,2025-12-11 10:41:00,,2025-12-11 10:41:31,14.882,1,1,False,88,88,1.0,2026-09-29 18:12:51
PSA-478248667579,Philippine Statistics Authority(PSA),psa,NGA,2025-11-26 15:01:00,Q4,To know if there is a certificate of no marriage,PARTIALLY SUCCESSFUL,partially successful,True,True,True,2025-11-28 13:42:00,1.945,2025-11-28 13:42:00,,2025-11-28 13:42:39,1.946,1,1,False,3945,97,40.670103092783506,2026-09-29 18:12:53
NIA-694496379296,National Irrigation Administration(NIA),nia,GOCC,2025-11-26 20:03:00,Q4,Research & Development,SUCCESSFUL,successful,True,True,True,2025-12-16 09:11:00,19.547,2025-12-16 09:11:00,,2025-12-16 09:11:38,19.548,1,1,False,459,107,4.289719626168225,2026-09-29 18:12:55
PSA-519789932623,Philippine Statistics Authority(PSA),psa,NGA,2025-11-26 23:50:00,Q4,Thesis Purposes,SUCCESSFUL,successful,True,True,True,2025-11-28 14:07:00,1.595,2025-11-28 14:07:00,,2025-11-28 14:07:10,1.595,1,1,False,3945,97,40.670103092783506,2026-09-29 18:12:57
EARIST-325769410640,Eulogio Amang Rodriguez Institute of Science and Technology(EARIST),earist,SUC,2025-11-27 03:22:00,Q4,for research purpose,REFERRED,referred,False,False,False,,,,,,,0,1,False,81,71,1.1408450704225352,2026-09-29 18:13:00
EARIST-697790802651,Eulogio Amang Rodriguez Institute of Science and Technology(EARIST),earist,SUC,2025-11-27 03:41:00,Q4,for research purposes,REFERRED,referred,False,False,False,,,,,,,0,1,False,81,71,1.1408450704225352,2026-09-29 18:13:02
USAP-748338605186,"City of Pasig, NCR(USAP)",usap,LGU,2025-11-27 04:36:00,Q4,Interior Design Thesis,SUCCESSFUL,successful,True,True,True,2025-12-01 14:19:00,4.405,2025-12-01 14:22:00,2025-12-01 14:19:40,2025-12-01 14:22:17,4.407,2,2,False,59,59,1.0,2026-09-29 18:13:04
MANGWD-690434124311,Mangaldan Water District(MANGWD),mangwd,WATER-DISTRICT,2025-11-27 11:02:00,Q4,Thesis - Civil Engineering,SUCCESSFUL,successful,True,True,True,2025-11-28 09:53:00,0.952,2025-12-26 10:13:00,2025-11-28 09:53:42,2025-12-26 10:13:53,28.967,3,3,False,88,88,1.0,2026-09-29 18:13:06
BCWD-279037481639,Butuan City Water District(BCWD),bcwd,WATER-DISTRICT,2025-11-27 11:23:00,Q4,This is needed for our graduate studies research.,SUCCESSFUL,successful,True,True,True,2025-12-22 10:04:00,24.945,2025-12-22 10:04:00,,2025-12-22 10:04:37,24.946,1,1,False,88,88,1.0,2026-09-29 18:13:08
PANIWD-189688191552,Paniqui Water District(PANIWD),paniwd,WATER-DISTRICT,2025-11-27 11:46:00,Q4,"Data story as part of our final requirement for our course, Data Journalism",CLOSED,unsuccessful,True,False,True,2026-04-29 16:25:00,153.194,2026-04-29 16:26:00,2026-04-29 16:25:45,,,2,1,False,88,88,1.0,2026-09-29 18:13:10
OSHC-138320662219,Occupational Safety And Health Center(OSHC),oshc,GOCC,2025-11-27 17:44:00,Q4,Use as a proof to be appointed as a Safety Officer to our company.,SUCCESSFUL,successful,True,True,True,2025-12-16 14:33:00,18.867,2025-12-16 14:33:00,,2025-12-16 14:33:36,18.868,1,1,False,459,107,4.289719626168225,2026-09-29 18:13:12
PNP-498946457877,Philippine National Police(PNP),pnp,LEA,2025-11-27 21:52:00,Q4,Personal use.,SUCCESSFUL,successful,True,True,True,2025-11-28 07:43:00,0.41,2025-12-16 22:51:00,2025-11-28 07:43:11,2025-12-16 22:51:09,19.041,2,1,False,109,91,1.1978021978021978,2026-09-29 18:13:14
PNP-322627677858,Philippine National Police(PNP),pnp,LEA,2025-11-27 22:04:00,Q4,Personal use.,SUCCESSFUL,successful,True,True,True,2025-11-28 07:44:00,0.403,2025-12-16 22:50:00,2025-11-28 07:44:01,2025-12-16 22:50:41,19.032,2,1,False,109,91,1.1978021978021978,2026-09-29 18:13:17
TIEZA-032950011613,Tourism Infrastructure and Enterprise Zone Authority(TIEZA),tieza,GOCC,2025-11-28 09:06:00,Q4,These data will be utilized as part of research for architectural thesis regarding MICE venues,ACCEPTED,open,False,False,True,2025-12-03 15:24:00,5.262,2025-12-03 15:24:00,2025-12-03 15:24:30,,,1,1,False,459,107,4.289719626168225,2026-09-29 18:13:18
PNP-414570852372,Philippine National Police(PNP),pnp,LEA,2025-11-28 11:10:00,Q4,Academic Requirement,SUCCESSFUL,successful,True,True,True,2025-11-29 10:39:00,0.978,2025-12-10 10:11:00,2025-11-29 10:39:48,2025-12-10 10:11:48,11.96,2,2,False,109,91,1.1978021978021978,2026-09-29 18:13:20
HDMF-144146952973,Home Development Mutual Fund/Pag-IBIG Fund(HDMF),hdmf,GOCC,2025-11-28 15:25:00,Q4,Pag-IBIG MSB CODE,CLOSED,unsuccessful,True,False,True,2025-12-10 19:30:00,12.17,2025-12-10 19:30:00,2025-12-10 19:30:42,,,1,1,False,459,107,4.289719626168225,2026-09-29 18:13:22
PNP-807587144349,Philippine National Police(PNP),pnp,LEA,2025-11-29 10:30:00,Q4,Thesis Purposes,SUCCESSFUL,successful,True,True,True,2025-11-29 10:41:00,0.008,2025-12-03 10:39:00,2025-11-29 10:41:39,2025-12-03 10:39:47,4.007,3,1,False,109,91,1.1978021978021978,2026-09-29 18:13:24
BATSU-195324150515,Batangas State University(BATSU),batsu,SUC,2025-11-30 07:40:00,Q4,Thesis Research,REFERRED,referred,False,False,False,,,,,,,0,1,False,81,71,1.1408450704225352,2026-09-29 18:13:26
USAP-900751824792,"City of Pasig, NCR(USAP)",usap,LGU,2025-12-01 09:39:00,Q4,capstone project,SUCCESSFUL,successful,True,True,True,2025-12-01 14:30:00,0.202,2025-12-01 14:34:00,2025-12-01 14:30:49,2025-12-01 14:34:27,0.205,2,1,False,59,59,1.0,2026-09-29 18:13:28
TSU-132716172430,Tarlac State University(TSU),tsu,SUC,2025-12-01 11:07:00,Q4,Pre-requisite of claiming for Notice of Admission (NOA) for board exam,CLOSED,unsuccessful,True,False,True,2025-12-02 17:04:00,1.248,2025-12-02 17:04:00,2025-12-02 17:04:44,,,1,1,False,81,71,1.1408450704225352,2026-09-29 18:13:30
HDMF-517108530094,Home Development Mutual Fund/Pag-IBIG Fund(HDMF),hdmf,GOCC,2025-12-01 12:55:00,Q4,for Housing Loan,DENIED,unsuccessful,True,False,True,2025-12-03 19:15:00,2.264,2025-12-03 19:24:00,2025-12-03 19:15:05,2025-12-03 19:24:28,2.27,2,1,False,459,107,4.289719626168225,2026-09-29 18:13:31
DOH-258070113235,Department of Health(DOH),doh,NGA,2025-12-01 19:07:00,Q4,research about perceived effectiveness of non-pharmacological pain management techniques during labor among multiparous mothers in Lying-in Clinics in Dasmarinas Cavite,SUCCESSFUL,successful,True,True,True,2025-12-02 10:02:00,0.622,2025-12-18 10:15:00,2025-12-02 10:02:01,2025-12-18 10:15:25,16.631,2,1,False,3945,97,40.670103092783506,2026-09-29 18:13:33
CGA-746258180294,"City of Antipolo, Region IV-A(CGA)",cga,LGU,2025-12-02 00:33:00,Q4,Voters ID needs replacement due to my ID are accidentally soaked in water.,SUCCESSFUL,successful,True,True,True,2026-07-16 15:49:00,226.636,2026-07-16 15:49:00,,2026-07-16 15:49:39,226.637,1,1,False,59,59,1.0,2026-09-29 18:13:35
DMW-198822504916,Department of Migrant Workers(DMW),dmw,NGA,2025-12-03 13:55:00,Q4,Research ad Development,SUCCESSFUL,successful,True,True,True,2025-12-06 14:36:00,3.028,2025-12-06 14:36:00,,2025-12-06 14:36:26,3.029,1,1,False,3945,97,40.670103092783506,2026-09-29 18:13:37
UPPGH-366013712555,University of the Philippines - Philippine General Hospital(UPPGH),uppgh,SUC,2025-12-03 15:30:00,Q4,Architectural thesis,CLOSED,unsuccessful,True,False,True,2025-12-04 13:36:00,0.921,2025-12-04 13:36:00,2025-12-04 13:36:12,,,1,1,False,81,71,1.1408450704225352,2026-09-29 18:13:39
UPM-936141449951,University of the Philippines Manila(UPM),upm,SUC,2025-12-03 18:39:00,Q4,Architectural Thesis,SUCCESSFUL,successful,True,True,True,2025-12-04 13:48:00,0.798,2025-12-09 09:45:00,2025-12-04 13:48:10,2025-12-09 09:45:20,5.629,2,1,False,81,71,1.1408450704225352,2026-09-29 18:13:54
PPA-742220286363,Philippine Ports Authority(PPA),ppa,GOCC,2025-12-03 20:07:00,Q4,Research and Development,SUCCESSFUL,successful,True,True,True,2025-12-09 19:44:00,5.984,2025-12-09 19:44:00,,2025-12-09 19:44:41,5.985,1,2,False,459,107,4.289719626168225,2026-09-29 18:13:56
LGUTAYTAY-918554600882,Municipality Government of Taytay Province of Rizal(LGUTAYTAY),lgutaytay,LGU,2025-12-04 00:04:00,Q4,Architectural Thesis,PENDING,open,False,False,False,,,,,,,0,1,False,59,59,1.0,2026-09-29 18:13:58
NEA-588834674532,National Electrification Administration(NEA),nea,GOCC,2025-12-04 11:58:00,Q4,Research and Development,SUCCESSFUL,successful,True,True,True,2025-12-09 08:00:00,4.835,2025-12-19 11:19:00,2025-12-09 08:00:10,2025-12-19 11:19:26,14.973,2,1,False,459,107,4.289719626168225,2026-09-29 18:14:00
USAP-541691413029,"City of Pasig, NCR(USAP)",usap,LGU,2025-12-04 16:35:00,Q4,Architectural Thesis,CLOSED,unsuccessful,True,False,True,2025-12-12 10:24:00,7.742,2025-12-12 10:29:00,2025-12-12 10:24:40,,,2,1,False,59,59,1.0,2026-09-29 18:14:01
NTC-202077391587,National Telecommunications Commission(NTC),ntc,NGA,2025-12-04 22:29:00,Q4,i have valuable accounts binded on the sim card i lost,DENIED,unsuccessful,True,False,True,2025-12-05 12:00:00,0.563,2025-12-05 12:00:00,,2025-12-05 12:00:28,0.564,1,1,False,3945,97,40.670103092783506,2026-09-29 18:14:03
METCEBWD-126971416319,Metropolitan Cebu Water District(METCEBWD),metcebwd,WATER-DISTRICT,2025-12-05 13:34:00,Q4,For use in Master's Thesis,DENIED,unsuccessful,True,False,True,2026-01-05 09:38:00,30.836,2026-01-05 09:38:00,,2026-01-05 09:38:45,30.837,1,1,False,88,88,1.0,2026-09-29 18:14:05
PNP-870732543137,Philippine National Police(PNP),pnp,LEA,2025-12-05 14:36:00,Q4,I want to punish the scammers,DENIED,unsuccessful,True,False,True,2025-12-06 23:54:00,1.388,2025-12-09 11:16:00,2025-12-06 23:54:07,2025-12-09 11:16:50,3.862,2,1,False,109,91,1.1978021978021978,2026-09-29 18:14:07
NIA-127915033774,National Irrigation Administration(NIA),nia,GOCC,2025-12-06 03:49:00,Q4,Undergraduate Thesis,SUCCESSFUL,successful,True,True,True,2025-12-23 11:51:00,17.335,2025-12-23 11:51:00,,2025-12-23 11:51:36,17.335,1,1,False,459,107,4.289719626168225,2026-09-29 18:14:10
CAAP-362891502161,Civil Aviation Authority of the Philippines(CAAP),caap,GOCC,2025-12-06 21:14:00,Q4,Research and development,SUCCESSFUL,successful,True,True,True,2025-12-07 17:33:00,0.847,2025-12-07 17:33:00,,2025-12-07 17:33:01,0.847,1,2,False,459,107,4.289719626168225,2026-09-29 18:14:12
LIBI-280292053794,"LBP (Land Bank of the Phil.) Insurance Brokerage, Inc. (LIBI)",libi,GOCC,2025-12-07 06:33:00,Q4,Claim AKING karapatan ayon SA nabanggit SA batas,CLOSED,unsuccessful,True,False,True,2025-12-17 21:26:00,10.62,2025-12-17 21:26:00,2025-12-17 21:26:07,,,1,1,False,459,107,4.289719626168225,2026-09-29 18:14:14
CABCWD-487070251156,Cabanatuan City Water District(CABCWD),cabcwd,WATER-DISTRICT,2025-12-07 18:00:00,Q4,For use in Master's Thesis,SUCCESSFUL,successful,True,True,True,2025-12-09 08:49:00,1.617,2025-12-12 14:48:00,2025-12-09 08:49:34,2025-12-12 14:48:23,4.867,2,1,False,88,88,1.0,2026-09-29 18:14:16
CGB-133786627181,CITY GOVERNMENT OF BATANGAS(CGB),cgb,LGU,2025-12-07 18:09:00,Q4,For use in master's thesis,SUCCESSFUL,successful,True,True,True,2026-02-05 16:36:00,59.935,2026-02-05 16:36:00,,2026-02-05 16:36:25,59.936,1,1,False,59,59,1.0,2026-09-29 18:14:17
MIWD-814119632974,Metro Iloilo Water District(MIWD),miwd,WATER-DISTRICT,2025-12-07 18:17:00,Q4,For use in Master's Thesis,CLOSED,unsuccessful,True,False,True,2025-12-10 14:00:00,2.822,2025-12-10 14:00:00,2025-12-10 14:00:23,,,1,1,False,88,88,1.0,2026-09-29 18:14:20
TARCWD-626403348279,Tarlac City Water District(TARCWD),tarcwd,WATER-DISTRICT,2025-12-07 18:25:00,Q4,For use in master's thesis,CLOSED,unsuccessful,True,False,True,2025-12-12 09:25:00,4.625,2025-12-12 09:25:00,2025-12-12 09:25:02,,,1,1,False,88,88,1.0,2026-09-29 18:14:22
SPWD-792589804532,SAN PEDRO WATER DISTRICT(SPWD),spwd,WATER-DISTRICT,2025-12-07 18:49:00,Q4,For use in Master's Thesis,PENDING,open,False,False,False,,,,,,,0,1,False,88,88,1.0,2026-09-29 18:14:24
CMWD-110655578800,City of Malolos Water District(CMWD),cmwd,WATER-DISTRICT,2025-12-07 19:06:00,Q4,For use in Master's Thesis,PARTIALLY SUCCESSFUL,partially successful,True,True,True,2026-01-06 16:09:00,29.877,2026-01-06 16:09:00,,2026-01-06 16:09:28,29.877,1,1,False,88,88,1.0,2026-09-29 18:14:26
INWD-251994411461,Ilocos Norte Water District(INWD),inwd,WATER-DISTRICT,2025-12-07 19:23:00,Q4,For use in Master's thesis,PENDING,open,False,False,False,,,,,,,0,1,False,88,88,1.0,2026-09-29 18:14:28
USAP-729431858632,"City of Pasig, NCR(USAP)",usap,LGU,2025-12-07 19:30:00,Q4,Research for architectural design subject,SUCCESSFUL,successful,True,True,True,2025-12-12 10:31:00,4.626,2025-12-12 10:39:00,2025-12-12 10:31:04,2025-12-12 10:39:48,4.632,2,1,False,59,59,1.0,2026-09-29 18:14:30
TMCWD-848716853416,Trece Martires City Water District(TMCWD),tmcwd,WATER-DISTRICT,2025-12-07 19:37:00,Q4,For use in Master's Thesis,PENDING,open,False,False,False,,,,,,,0,1,False,88,88,1.0,2026-09-29 18:14:32
ICWD-174147455046,Iriga City Water District(ICWD),irwd,WATER-DISTRICT,2025-12-07 19:44:00,Q4,For use in master's thesis,SUCCESSFUL,successful,True,True,True,2026-01-16 09:15:00,39.563,2026-01-16 09:15:00,,2026-01-16 09:15:25,39.563,1,1,False,88,88,1.0,2026-09-29 18:14:34
QMWD-718399568749,Quezon Metropolitan Water District(QMWD),qmwd,WATER-DISTRICT,2025-12-07 21:24:00,Q4,For use in mater's thesis,PENDING,open,False,False,False,,,,,,,0,1,False,88,88,1.0,2026-09-29 18:14:37
GAPWD-701638854007,Gapan City Water District(GAPWD),gapwd,WATER-DISTRICT,2025-12-07 21:35:00,Q4,For use in master's thesis,PENDING,open,False,False,False,,,,,,,0,1,False,88,88,1.0,2026-09-29 18:14:38
BATWD-465599543703,Batac Water District(BATWD),batwd,WATER-DISTRICT,2025-12-07 21:42:00,Q4,For use in master's thesis,SUCCESSFUL,successful,True,True,True,2025-12-19 15:17:00,11.733,2025-12-19 15:28:00,2025-12-19 15:17:17,2025-12-19 15:28:50,11.741,4,1,False,88,88,1.0,2026-09-29 18:14:40
DOH-594945146943,Department of Health(DOH),doh,NGA,2025-12-07 22:18:00,Q4,economic research,SUCCESSFUL,successful,True,True,True,2025-12-09 15:48:00,1.729,2025-12-17 16:15:00,2025-12-09 15:48:41,2025-12-17 16:15:47,9.748,2,1,False,3945,97,40.670103092783506,2026-09-29 18:14:42
PNP-285340130616,Philippine National Police(PNP),pnp,LEA,2025-12-08 03:28:00,Q4,Data Request for Thesis,SUCCESSFUL,successful,True,True,True,2025-12-08 09:20:00,0.244,2025-12-26 09:50:00,2025-12-08 09:20:39,2025-12-26 09:50:03,18.265,3,2,False,109,91,1.1978021978021978,2026-09-29 18:14:44
PNP-986962776856,Philippine National Police(PNP),pnp,LEA,2025-12-08 10:19:00,Q4,Research Purposes,SUCCESSFUL,successful,True,True,True,2025-12-09 08:38:00,0.93,2026-01-28 15:01:00,2025-12-09 08:38:11,2026-01-28 15:01:16,51.196,3,2,False,109,91,1.1978021978021978,2026-09-29 18:14:46
MUNWD-258936467735,Muñoz Water District(MUNWD),munwd,WATER-DISTRICT,2025-12-08 11:10:00,Q4,For use in master's thesis,SUCCESSFUL,successful,True,True,True,2025-12-10 10:41:00,1.98,2025-12-23 11:49:00,2025-12-10 10:41:32,2025-12-23 11:49:34,15.027,2,1,False,88,88,1.0,2026-09-29 18:14:48
MABWD-519427817176,Mabalacat City Water District(MABWD),mabwd,WATER-DISTRICT,2025-12-08 11:18:00,Q4,For use in master's thesis,SUCCESSFUL,successful,True,True,True,2025-12-22 14:07:00,14.117,2026-01-12 12:38:00,2025-12-22 14:07:59,2026-01-12 12:38:45,35.056,2,1,False,88,88,1.0,2026-09-29 18:14:50
TANWD-648511331525,Tanauan Water District(TANWD),tanwd,WATER-DISTRICT,2025-12-08 11:25:00,Q4,For use in master's thesis,PENDING,open,False,False,False,,,,,,,0,1,False,88,88,1.0,2026-09-29 18:14:51
TAGCWD-588971115709,Tagaytay City Water District(TAGCWD),tagcwd,WATER-DISTRICT,2025-12-08 11:38:00,Q4,For use in master's thesis,DENIED,unsuccessful,True,False,True,2026-01-29 13:57:00,52.097,2026-01-29 13:57:00,,2026-01-29 13:57:54,52.097,1,1,False,88,88,1.0,2026-09-29 18:14:53
DUMCWD-427880582115,DUMAGUETE CITY WATER DISTRICT(DUMCWD),dumcwd,WATER-DISTRICT,2025-12-08 11:48:00,Q4,For use in master's thesis,CLOSED,unsuccessful,True,False,True,2025-12-09 15:33:00,1.156,2025-12-09 15:33:00,2025-12-09 15:33:52,,,1,1,False,88,88,1.0,2026-09-29 18:14:55
CALCWD-775312691375,CALBAYOG CITY WATER DISTRICT(CALCWD),calcwd,WATER-DISTRICT,2025-12-08 12:01:00,Q4,For use in master's thesis,PENDING,open,False,False,False,,,,,,,0,1,False,88,88,1.0,2026-09-29 18:14:57
CatbWD-715080424450,Catbalogan Water District(CatbWD),catwd,WATER-DISTRICT,2025-12-08 12:12:00,Q4,For use in master's thesis,SUCCESSFUL,successful,True,True,True,2025-12-09 15:02:00,1.118,2025-12-11 11:05:00,2025-12-09 15:02:53,2025-12-11 11:05:36,2.954,2,1,False,88,88,1.0,2026-09-29 18:15:00
LMWD-149010049031,Leyte Metropolitan Water District(LMWD),lmwd,WATER-DISTRICT,2025-12-08 12:22:00,Q4,For use in master's thesis,PENDING,open,False,False,False,,,,,,,0,1,False,88,88,1.0,2026-09-29 18:15:01
CANDONWD-047908433462,Candon City Water District(CANDONWD),candonwd,WATER-DISTRICT,2025-12-08 13:33:00,Q4,For use in Master's Thesis,PENDING,open,False,False,False,,,,,,,0,1,False,88,88,1.0,2026-09-29 18:15:03
CCWD-872260712974,Cauayan City Water District(CCWD),ccwd,WATER-DISTRICT,2025-12-08 13:46:00,Q4,For use in master's thesis,ACCEPTED,open,False,False,True,2025-12-09 08:27:00,0.778,2025-12-09 08:27:00,2025-12-09 08:27:36,,,1,1,False,88,88,1.0,2026-09-29 18:15:05
CIWD-593252275892,City of Ilagan Water District(CIWD),ciwd,WATER-DISTRICT,2025-12-08 13:53:00,Q4,For use in master's thesis,SUCCESSFUL,successful,True,True,True,2026-01-29 10:53:00,51.875,2026-01-29 10:53:00,,2026-01-29 10:53:45,51.876,1,1,False,88,88,1.0,2026-09-29 18:15:07
SANWAD-204046790412,Santiago Water District(SANWAD),sanwad,WATER-DISTRICT,2025-12-08 13:59:00,Q4,For use in master's thesis,PENDING,open,False,False,False,,,,,,,0,1,False,88,88,1.0,2026-09-29 18:15:09
BagWD-970522458544,Baguio Water District(BagWD),bagwd,WATER-DISTRICT,2025-12-08 18:32:00,Q4,For use in master's thesis,DENIED,unsuccessful,True,False,True,2025-12-09 11:14:00,0.696,2025-12-30 13:51:00,2025-12-09 11:14:06,2025-12-30 13:51:09,21.805,4,1,False,88,88,1.0,2026-09-29 18:15:10
BLWD-771749508928,Balanga Water District(BLWD),blwd,WATER-DISTRICT,2025-12-08 18:43:00,Q4,For use in master's thesis,SUCCESSFUL,successful,True,True,True,2025-12-10 10:21:00,1.651,2025-12-10 10:21:00,,2025-12-10 10:21:43,1.652,1,1,False,88,88,1.0,2026-09-29 18:15:12
PALWD-903590289787,Palayan City Water District(PALWD),palwd,WATER-DISTRICT,2025-12-08 18:49:00,Q4,For use in master's thesis,PENDING,open,False,False,False,,,,,,,0,1,False,88,88,1.0,2026-09-29 18:15:14
CABUWD-121448630677,Cabuyao Water District(CABUWD),cabuwd,WATER-DISTRICT,2025-12-08 18:55:00,Q4,For use in master's thesis,SUCCESSFUL,successful,True,True,True,2026-01-26 14:55:00,48.833,2026-01-26 14:55:00,,2026-01-26 14:55:16,48.834,1,1,False,88,88,1.0,2026-09-29 18:15:16
LIGAOWD-969788648691,Ligao City Water District(LIGAOWD),ligaowd,WATER-DISTRICT,2025-12-08 19:46:00,Q4,For use in master's thesis,SUCCESSFUL,successful,True,True,True,2026-02-02 14:27:00,55.778,2026-02-12 11:22:00,2026-02-02 14:27:49,2026-02-12 11:22:52,65.651,2,1,False,88,88,1.0,2026-09-29 18:15:18
TAWAD-038437501288,Tabaco City Water District(TAWAD),tawad,WATER-DISTRICT,2025-12-08 20:03:00,Q4,For use in master's thesis,CLOSED,unsuccessful,True,False,True,2026-01-12 14:53:00,34.785,2026-01-12 14:53:00,2026-01-12 14:53:50,,,1,1,False,88,88,1.0,2026-09-29 18:15:20
MRWD-616751015811,Metro Roxas Water District(MRWD),mrwd,WATER-DISTRICT,2025-12-08 20:14:00,Q4,For use master's thesis,CLOSED,unsuccessful,True,False,True,2026-01-26 08:50:00,48.525,2026-01-26 08:50:00,2026-01-26 08:50:30,,,1,1,False,88,88,1.0,2026-09-29 18:15:22
KCWD-897857475028,Kabankalan City Water District(KCWD),kcwd,WATER-DISTRICT,2025-12-08 20:23:00,Q4,For use in Master's Thesis,SUCCESSFUL,successful,True,True,True,2026-01-22 09:34:00,44.549,2026-01-30 10:10:00,2026-01-22 09:34:41,2026-01-30 10:10:52,52.575,2,1,False,88,88,1.0,2026-09-29 18:15:24
SAGWD-073025471206,Sagay Water District(SAGWD),sagwd,WATER-DISTRICT,2025-12-08 20:33:00,Q4,For use in master's thesis,PARTIALLY SUCCESSFUL,partially successful,True,True,True,2025-12-17 15:15:00,8.779,2025-12-26 12:06:00,2025-12-17 15:15:04,2025-12-26 12:06:27,17.648,2,1,False,88,88,1.0,2026-09-29 18:15:26
SICIWA-304661404755,Silay City Water District(SICIWA),siciwa,WATER-DISTRICT,2025-12-08 20:43:00,Q4,For use in master's thesis,SUCCESSFUL,successful,True,True,True,2026-01-12 16:11:00,34.811,2026-01-12 16:11:00,,2026-01-12 16:11:51,34.812,1,1,False,88,88,1.0,2026-09-29 18:15:28
SIPWD-029342616601,Sipalay Water District(SIPWD),sipwd,WATER-DISTRICT,2025-12-08 20:49:00,Q4,For use in master's thesis,PENDING,open,False,False,False,,,,,,,0,1,False,88,88,1.0,2026-09-29 18:15:30
VCWD-317333263839,Victorias City Water District(VCWD),vcwd,WATER-DISTRICT,2025-12-08 20:55:00,Q4,For use in master's thesis,CLOSED,unsuccessful,True,False,True,2025-12-26 14:02:00,17.713,2025-12-26 14:02:00,2025-12-26 14:02:38,,,1,1,False,88,88,1.0,2026-09-29 18:15:46
TALWD-848189177479,TALISAY WATER DISTRICT(TALWD),talwd,WATER-DISTRICT,2025-12-08 21:00:00,Q4,For use in Master's Thesis,PENDING,open,False,False,False,,,,,,,0,1,False,88,88,1.0,2026-09-29 18:15:47
CARCARWD-283443051472,Carcar Water District(CARCARWD),carcarwd,WATER-DISTRICT,2025-12-08 21:07:00,Q4,For use in master's thesis,SUCCESSFUL,successful,True,True,True,2026-01-12 17:12:00,34.837,2026-01-13 11:25:00,2026-01-12 17:12:09,2026-01-13 11:25:45,35.596,2,1,False,88,88,1.0,2026-09-29 18:15:49
TOLWD-127705610847,Toledo City Water District(TOLWD),tolwd,WATER-DISTRICT,2025-12-08 21:39:00,Q4,For use in Master's Research,PENDING,open,False,False,False,,,,,,,0,1,False,88,88,1.0,2026-09-29 18:15:52
BORWD-814518865893,Borongan Water District(BORWD),borwd,WATER-DISTRICT,2025-12-09 11:54:00,Q4,For use as data in econometric approach for Master's Thesis,SUCCESSFUL,successful,True,True,True,2026-01-06 13:02:00,28.047,2026-01-22 15:54:00,,2026-01-22 15:54:16,44.167,2,1,False,88,88,1.0,2026-09-29 18:15:54
BAYCWD-198188187107,Baybay City Water District(BAYCWD),baycwd,WATER-DISTRICT,2025-12-09 12:34:00,Q4,For use in econometric analysis for master's thesis,PARTIALLY SUCCESSFUL,partially successful,True,True,True,2026-01-06 13:55:00,28.056,2026-01-26 13:28:00,2026-01-06 13:55:00,2026-01-26 13:28:10,48.038,2,1,False,88,88,1.0,2026-09-29 18:15:56
ISAWAD-210357535594,ISABELA CITY WATER DISTRICT(ISAWAD),isawad,WATER-DISTRICT,2025-12-09 13:36:00,Q4,For use as data for econometric analysis for master's thesis,CLOSED,unsuccessful,True,False,True,2025-12-09 14:20:00,0.031,2025-12-09 14:20:00,2025-12-09 14:20:49,,,1,1,False,88,88,1.0,2026-09-29 18:15:57
LGUTAYTAY-287980799542,Municipality Government of Taytay Province of Rizal(LGUTAYTAY),lgutaytay,LGU,2025-12-09 13:42:00,Q4,Research and Development (College Thesis),PENDING,open,False,False,False,,,,,,,0,1,False,59,59,1.0,2026-09-29 18:16:00
DAPWD-393110950284,Dapitan City Water District(DAPWD),dapwd,WATER-DISTRICT,2025-12-09 13:45:00,Q4,For use as data in econometric analysis for master's thesis,PENDING,open,False,False,False,,,,,,,0,1,False,88,88,1.0,2026-09-29 18:16:01
DIPWD-990732153537,Dipolog City Water District(DIPWD),dipwd,WATER-DISTRICT,2025-12-09 13:58:00,Q4,For use in econometric analysis for master's thesis,ACCEPTED,open,False,False,True,2026-01-06 08:25:00,27.769,2026-01-20 09:32:00,2026-01-06 08:25:59,,,2,1,False,88,88,1.0,2026-09-29 18:16:03
VALCWD-962901562910,Valencia City Water District(VALCWD),valcwd,WATER-DISTRICT,2025-12-09 14:13:00,Q4,For use as data in econometric analysis for mater's thesis,SUCCESSFUL,successful,True,True,True,2025-12-09 16:10:00,0.081,2025-12-23 16:46:00,2025-12-09 16:10:34,2025-12-23 16:46:54,14.107,2,1,False,88,88,1.0,2026-09-29 18:16:05
OCWD-333975506959,Oroquieta City Water District(OCWD),ocwd,WATER-DISTRICT,2025-12-09 14:33:00,Q4,For use in econometric analysis for master's thesis,PENDING,open,False,False,False,,,,,,,0,1,False,88,88,1.0,2026-09-29 18:16:07
PNP-377493849972,Philippine National Police(PNP),pnp,LEA,2025-12-09 14:40:00,Q4,Academic research,CLOSED,unsuccessful,True,False,True,2025-12-09 16:26:00,0.074,2025-12-17 09:58:00,2025-12-09 16:26:27,,,2,1,False,109,91,1.1978021978021978,2026-09-29 18:16:10
COWD-024074448668,Cagayan de Oro City Water District(COWD),cowd,WATER-DISTRICT,2025-12-09 18:02:00,Q4,For use as data in econometric analysis for master's thesis,SUCCESSFUL,successful,True,True,True,2026-01-12 16:17:00,33.927,2026-01-12 16:17:00,,2026-01-12 16:17:12,33.927,1,1,False,88,88,1.0,2026-09-29 18:16:12
GINGWAD-721363311041,Gingoog City Water District(GINGWAD),gingwad,WATER-DISTRICT,2025-12-09 18:08:00,Q4,For use as data for econometric analysis for master's thesis,SUCCESSFUL,successful,True,True,True,2025-12-11 14:17:00,1.84,2025-12-26 11:20:00,2025-12-11 14:17:11,2025-12-26 11:20:02,16.717,2,1,False,88,88,1.0,2026-09-29 18:16:14
CKWD-666590423141,City of Koronadal Water District(CKWD),ckwd,WATER-DISTRICT,2025-12-09 18:33:00,Q4,For use as data for econometric analysis for master's thesis,CLOSED,unsuccessful,True,False,True,2025-12-26 17:39:00,16.962,2026-01-29 17:00:00,2025-12-26 17:39:48,,,3,1,False,88,88,1.0,2026-09-29 18:16:15
SKWD-129923242970,Sultan Kudarat Water District(SKWD),skwd,WATER-DISTRICT,2025-12-09 19:07:00,Q4,For use as data for econometric analysis for master's thesis,SUCCESSFUL,successful,True,True,True,2025-12-10 10:12:00,0.628,2026-01-07 11:20:00,2025-12-10 10:12:31,2026-01-07 11:20:59,28.676,2,1,False,88,88,1.0,2026-09-29 18:16:18
MCIAA-426543955532,Mactan-Cebu International Airport Authority(MCIAA),mciaa,GOCC,2025-12-09 23:52:00,Q4,Graduate level academic research,SUCCESSFUL,successful,True,True,True,2025-12-23 13:58:00,13.588,2025-12-27 09:26:00,2025-12-23 13:58:15,2025-12-27 09:26:50,17.399,2,2,False,459,107,4.289719626168225,2026-09-29 18:16:19
BCWD-936926927911,Butuan City Water District(BCWD),bcwd,WATER-DISTRICT,2025-12-10 11:19:00,Q4,For use as data for econometric analysis for my Master's Thesis,SUCCESSFUL,successful,True,True,True,2025-12-22 10:00:00,11.945,2025-12-22 10:00:00,,2025-12-22 10:00:37,11.946,1,1,False,88,88,1.0,2026-09-29 18:16:21
BWD-046276778924,Bayugan Water District(BWD),bwd,WATER-DISTRICT,2025-12-10 11:28:00,Q4,For use as data in econometric analysis for my Master's Thesis,SUCCESSFUL,successful,True,True,True,2025-12-10 16:19:00,0.202,2026-01-07 14:30:00,2025-12-10 16:19:22,2026-01-07 14:30:03,28.126,3,1,False,88,88,1.0,2026-09-29 18:16:22
PNP-150939873072,Philippine National Police(PNP),pnp,LEA,2025-12-10 11:35:00,Q4,Policy Crafting,SUCCESSFUL,successful,True,True,True,2025-12-10 17:13:00,0.235,2025-12-29 21:32:00,2025-12-10 17:13:18,2025-12-29 21:32:38,19.415,3,1,False,109,91,1.1978021978021978,2026-09-29 18:16:26
BCWD1-490710456204,Bislig City Water District(BCWD1),bcwd1,WATER-DISTRICT,2025-12-10 11:35:00,Q4,For use as data in econometric analysis for Master's Thesis,PENDING,open,False,False,False,,,,,,,0,1,False,88,88,1.0,2026-09-29 18:16:25
TCWD-140131088129,Tandag City Water District(TCWD),tcwd,WATER-DISTRICT,2025-12-10 11:40:00,Q4,For use as data in econometric analys for Master's Thesis,SUCCESSFUL,successful,True,True,True,2026-01-27 14:47:00,48.13,2026-01-28 10:45:00,2026-01-27 14:47:46,2026-01-28 10:45:03,48.962,3,1,False,88,88,1.0,2026-09-29 18:16:28
METCWD-065994648086,Metro Cotabato Water District(METCWD),metcwd,WATER-DISTRICT,2025-12-10 11:52:00,Q4,For use as data in econometric analysis for Master's Thesis,SUCCESSFUL,successful,True,True,True,2025-12-15 07:56:00,4.836,2025-12-15 07:56:00,,2025-12-15 07:56:41,4.837,1,1,False,88,88,1.0,2026-09-29 18:16:30
MKWD-903853899519,Metro Kidapawan Water District(MKWD),mkwd,WATER-DISTRICT,2025-12-10 11:59:00,Q4,For use as data in econometric analysis for Master's Thesis,PENDING,open,False,False,False,,,,,,,0,1,False,88,88,1.0,2026-09-29 18:16:31
CLSU-836824034214,Central Luzon State University(CLSU),clsu,SUC,2025-12-10 13:23:00,Q4,loan in GSIS,REFERRED,referred,False,False,False,,,,,,,0,1,False,81,71,1.1408450704225352,2026-09-29 18:16:34
SANJOSEWD-238214742175,San Jose Water District(SANJOSEWD),sanjosewd,WATER-DISTRICT,2025-12-10 13:26:00,Q4,To Loan in the GSIS,PENDING,open,False,False,False,,,,,,,0,1,False,88,88,1.0,2026-09-29 18:16:35
LSPU-037838265876,Laguna State Polytechnic University(LSPU),lspu,SUC,2025-12-10 13:40:00,Q4,For Employment,SUCCESSFUL,successful,True,True,True,2025-12-17 15:38:00,7.082,2025-12-17 15:40:00,,2025-12-17 15:40:35,7.084,2,2,False,81,71,1.1408450704225352,2026-09-29 18:16:38
PNOCEC-644569582427,PNOC Exploration Corporation(PNOCEC),pnocec,GOCC,2025-12-10 17:03:00,Q4,Academic Purposes,ACCEPTED,open,False,False,True,2025-12-11 08:35:00,0.647,2025-12-11 08:35:00,2025-12-11 08:35:04,,,1,1,False,459,107,4.289719626168225,2026-09-29 18:16:40
CAAP-333975815568,Civil Aviation Authority of the Philippines(CAAP),caap,GOCC,2025-12-11 01:55:00,Q4,Thesis Title Proposal,SUCCESSFUL,successful,True,True,True,2025-12-22 09:13:00,11.304,2025-12-22 09:13:00,,2025-12-22 09:13:28,11.304,1,1,False,459,107,4.289719626168225,2026-09-29 18:16:42
PNPDO-999725050516,Philippine National Police - Directorate for Operations(PNPDO),pnpdo,LEA,2025-12-11 07:31:00,Q4,Security for MY LIFE,DENIED,unsuccessful,True,False,True,2025-12-11 14:53:00,0.307,2025-12-11 14:53:00,,2025-12-11 14:53:26,0.307,1,2,False,109,91,1.1978021978021978,2026-09-29 18:16:44
UPPGH-522860353246,University of the Philippines - Philippine General Hospital(UPPGH),uppgh,SUC,2025-12-11 10:26:00,Q4,Architectural Thesis,SUCCESSFUL,successful,True,True,True,2025-12-12 09:37:00,0.966,2025-12-12 09:37:00,,2025-12-12 09:37:57,0.967,1,1,False,81,71,1.1408450704225352,2026-09-29 18:16:46
PIDS-132527861113,Philippine Institute for Development Studies(PIDS),pids,GOCC,2025-12-11 10:53:00,Q4,Academic Research,SUCCESSFUL,successful,True,True,True,2025-12-11 11:03:00,0.007,2026-01-14 07:48:00,2025-12-11 11:03:10,2026-01-14 07:48:41,33.872,2,1,False,459,107,4.289719626168225,2026-09-29 18:16:48
PH-561039924653,PhilHealth(PH),ph,GOCC,2025-12-11 14:07:00,Q4,Academic Research/Paper,SUCCESSFUL,successful,True,True,True,2025-12-11 15:55:00,0.075,2025-12-17 15:37:00,2025-12-11 15:55:39,2025-12-17 15:37:08,6.063,2,1,False,459,107,4.289719626168225,2026-09-29 18:16:49
USAP-010331423262,"City of Pasig, NCR(USAP)",usap,LGU,2025-12-11 14:56:00,Q4,Thesis Paper,SUCCESSFUL,successful,True,True,True,2025-12-12 10:31:00,0.816,2025-12-22 09:52:00,2025-12-12 10:31:40,2025-12-22 09:52:40,10.789,3,1,False,59,59,1.0,2026-09-29 18:16:51
PNP-112053827299,Philippine National Police(PNP),pnp,LEA,2025-12-11 17:08:00,Q4,Research for Location Assessment,SUCCESSFUL,successful,True,True,True,2025-12-12 13:27:00,0.847,2025-12-24 11:11:00,2025-12-12 13:27:52,2025-12-24 11:11:18,12.752,3,1,False,109,91,1.1978021978021978,2026-09-29 18:16:54
DOH-470943210406,Department of Health(DOH),doh,NGA,2025-12-11 17:21:00,Q4,Undergrad Thesis,PARTIALLY SUCCESSFUL,partially successful,True,True,True,2025-12-12 13:15:00,0.829,2025-12-26 13:35:00,2025-12-12 13:15:38,2025-12-26 13:35:04,14.843,2,1,False,3945,97,40.670103092783506,2026-09-29 18:16:56
DOTr-840885528204,Department of Transportation(DOTr),dotr,NGA,2025-12-11 19:03:00,Q4,Research purposes,SUCCESSFUL,successful,True,True,True,2025-12-12 08:42:00,0.569,2025-12-23 08:52:00,2025-12-12 08:42:31,2025-12-23 08:52:33,11.576,2,1,False,3945,97,40.670103092783506,2026-09-29 18:16:58
UPM-890489637435,University of the Philippines Manila(UPM),upm,SUC,2025-12-12 07:46:00,Q4,Architectural Thesis,SUCCESSFUL,successful,True,True,True,2025-12-12 07:54:00,0.006,2026-01-21 12:27:00,2025-12-12 07:54:26,2026-01-21 12:27:12,40.195,3,3,False,81,71,1.1408450704225352,2026-09-29 18:18:04
UPPGH-678063746750,University of the Philippines - Philippine General Hospital(UPPGH),uppgh,SUC,2025-12-12 10:44:00,Q4,Architectural thesis,SUCCESSFUL,successful,True,True,True,2025-12-12 11:39:00,0.038,2025-12-12 11:39:00,,2025-12-12 11:39:15,0.038,1,1,False,81,71,1.1408450704225352,2026-09-29 18:18:06
UPPGH-696808160921,University of the Philippines - Philippine General Hospital(UPPGH),uppgh,SUC,2025-12-12 11:14:00,Q4,Architectural thesis,SUCCESSFUL,successful,True,True,True,2025-12-12 11:39:00,0.017,2025-12-12 11:39:00,,2025-12-12 11:39:50,0.018,2,1,False,81,71,1.1408450704225352,2026-09-29 18:18:08
COB-869993059409,City Government of Balanga(COB),cob,LGU,2025-12-12 14:36:00,Q4,Project Development,DENIED,unsuccessful,True,False,True,2026-08-03 17:39:00,234.127,2026-08-03 17:39:00,,2026-08-03 17:39:13,234.127,1,1,False,59,59,1.0,2026-09-29 18:18:10
CGI-978463065730,"City Government of Isabela, Basilan(CGI)",cgi,LGU,2025-12-12 14:40:00,Q4,Project Development,SUCCESSFUL,successful,True,True,True,2025-12-18 17:39:00,6.124,2025-12-18 17:39:00,,2025-12-18 17:39:45,6.125,1,1,False,59,59,1.0,2026-09-29 18:18:11
DTI-786762453255,Department of Trade and Industry(DTI),dti,NGA,2025-12-12 17:40:00,Q4,Government Intervention,DENIED,unsuccessful,True,False,True,2025-12-15 10:33:00,2.703,2025-12-15 10:33:00,,2025-12-15 10:33:03,2.704,1,1,False,3945,97,40.670103092783506,2026-09-29 18:18:13
PUP-399094135954,Polytechnic University of the Philippines(PUP),pup,SUC,2025-12-12 19:33:00,Q4,For Research 1,SUCCESSFUL,successful,True,True,True,2025-12-16 11:51:00,3.679,2025-12-16 11:51:00,,2025-12-16 11:51:31,3.68,1,1,False,81,71,1.1408450704225352,2026-09-29 18:18:15
LIMWD-501097957647,Limay Water District(LIMWD),limwd,WATER-DISTRICT,2025-12-13 16:40:00,Q4,Academic and Research,CLOSED,unsuccessful,True,False,True,2026-01-23 17:01:00,41.015,2026-01-23 17:01:00,2026-01-23 17:01:12,,,1,1,False,88,88,1.0,2026-09-29 18:18:17
PNP-503791115312,Philippine National Police(PNP),pnp,LEA,2025-12-13 18:38:00,Q4,Research and development,SUCCESSFUL,successful,True,True,True,2025-12-13 23:09:00,0.188,2025-12-23 19:00:00,2025-12-13 23:09:08,2025-12-23 19:00:44,10.016,3,1,False,109,91,1.1978021978021978,2026-09-29 18:18:19
PUP-763977818549,Polytechnic University of the Philippines(PUP),pup,SUC,2025-12-13 21:45:00,Q4,For Research Study,SUCCESSFUL,successful,True,True,True,2025-12-16 11:50:00,2.587,2025-12-16 11:50:00,,2025-12-16 11:50:46,2.587,1,1,False,81,71,1.1408450704225352,2026-09-29 18:18:21
DENRNWRB-094439724986,National Water Resources Board(DENRNWRB),denrnwrb,NGA,2025-12-14 11:23:00,Q4,Research/ Thesis,SUCCESSFUL,successful,True,True,True,2025-12-15 08:56:00,0.898,2025-12-15 08:56:00,,2025-12-15 08:56:58,0.899,1,1,False,3945,97,40.670103092783506,2026-09-29 18:18:23
PNP-756830052991,Philippine National Police(PNP),pnp,LEA,2025-12-14 15:10:00,Q4,Architectural Thesis,SUCCESSFUL,successful,True,True,True,2025-12-15 11:54:00,0.864,2026-01-02 08:55:00,2025-12-15 11:54:57,2026-01-02 08:55:47,18.74,3,3,False,109,91,1.1978021978021978,2026-09-29 18:18:25
PPA-005181249884,Philippine Ports Authority(PPA),ppa,GOCC,2025-12-14 17:40:00,Q4,Architectural Thesis,PARTIALLY SUCCESSFUL,partially successful,True,True,True,2025-12-19 19:45:00,5.087,2025-12-23 15:58:00,2025-12-19 19:45:40,2025-12-23 15:58:05,8.929,2,1,False,459,107,4.289719626168225,2026-09-29 18:18:27
PPA-063499583562,Philippine Ports Authority(PPA),ppa,GOCC,2025-12-14 18:06:00,Q4,Architectural Thesis,SUCCESSFUL,successful,True,True,True,2025-12-19 19:45:00,5.069,2025-12-23 15:59:00,2025-12-19 19:45:55,2025-12-23 15:59:23,8.912,2,1,False,459,107,4.289719626168225,2026-09-29 18:18:29
DOH-125578090610,Department of Health(DOH),doh,NGA,2025-12-14 18:27:00,Q4,For job application abroad,SUCCESSFUL,successful,True,True,True,2025-12-15 12:00:00,0.731,2025-12-15 12:00:00,,2025-12-15 12:00:08,0.731,1,1,False,3945,97,40.670103092783506,2026-09-29 18:18:31
ECC-506649410127,Employees Compensation Commission(ECC),ecc,GOCC,2025-12-14 20:55:00,Q4,Research and Development,SUCCESSFUL,successful,True,True,True,2025-12-15 14:48:00,0.745,2025-12-23 10:50:00,2025-12-15 14:48:16,2025-12-23 10:50:38,8.58,2,1,False,459,107,4.289719626168225,2026-09-29 18:18:33
DOH-578242278118,Department of Health(DOH),doh,NGA,2025-12-15 14:28:00,Q4,Architectural Thesis study,DENIED,unsuccessful,True,False,True,2025-12-15 15:34:00,0.046,2025-12-26 15:31:00,2025-12-15 15:34:00,2025-12-26 15:31:04,11.044,2,1,False,3945,97,40.670103092783506,2026-09-29 18:18:35
PSA-297458395002,Philippine Statistics Authority(PSA),psa,NGA,2025-12-15 15:23:00,Q4,Academic Purpose Research and Development,SUCCESSFUL,successful,True,True,True,2025-12-16 10:58:00,0.816,2025-12-16 10:58:00,,2025-12-16 10:58:32,0.816,1,1,False,3945,97,40.670103092783506,2026-09-29 18:18:37
PNP-785884823192,Philippine National Police(PNP),pnp,LEA,2025-12-15 15:57:00,Q4,For my On the Job Training,SUCCESSFUL,successful,True,True,True,2025-12-16 14:38:00,0.945,2025-12-23 09:57:00,2025-12-16 14:38:32,2025-12-23 09:57:44,7.751,2,1,False,109,91,1.1978021978021978,2026-09-29 18:18:39
CAAP-509822142579,Civil Aviation Authority of the Philippines(CAAP),caap,GOCC,2025-12-16 00:20:00,Q4,Research and personal references,SUCCESSFUL,successful,True,True,True,2025-12-22 10:57:00,6.442,2026-01-07 07:44:00,2025-12-22 10:57:13,2026-01-07 07:44:06,22.308,3,1,False,459,107,4.289719626168225,2026-09-29 18:18:40
PH-058461684573,PhilHealth(PH),ph,GOCC,2025-12-16 08:37:00,Q4,TO ACTIVATE HCP PORTAL AND CHECK CLAIMS STATUS,SUCCESSFUL,successful,True,True,True,2025-12-18 08:52:00,2.01,2025-12-22 15:19:00,2025-12-18 08:52:13,2025-12-22 15:19:43,6.28,2,1,False,459,107,4.289719626168225,2026-09-29 18:18:42
NIA-400920304506,National Irrigation Administration(NIA),nia,GOCC,2025-12-16 09:40:00,Q4,The purpose of gathering the data and the document is for my masteral class requirement. My study entitled: Development of Predictive Analytics Framework for Project Cost Estimation and Financial Planning in NIA - LARIMO.,SUCCESSFUL,successful,True,True,True,2025-12-29 22:18:00,13.526,2026-01-05 17:25:00,2025-12-29 22:18:21,2026-01-05 17:25:56,20.324,2,1,False,459,107,4.289719626168225,2026-09-29 18:18:44
DSWD-581485819191,Department of Social Welfare and Development(DSWD),dswd,NGA,2025-12-16 14:06:00,Q4,Research and academe,PARTIALLY SUCCESSFUL,partially successful,True,True,True,2025-12-17 11:08:00,0.876,2025-12-17 11:08:00,,2025-12-17 11:08:03,0.876,1,1,False,3945,97,40.670103092783506,2026-09-29 18:18:46
PNP-278898397399,Philippine National Police(PNP),pnp,LEA,2025-12-16 14:10:00,Q4,Research and academe,SUCCESSFUL,successful,True,True,True,2025-12-16 14:40:00,0.021,2026-01-22 18:19:00,2025-12-16 14:40:44,2026-01-22 18:19:35,37.173,4,4,False,109,91,1.1978021978021978,2026-09-29 18:18:48
DOH-801792294888,Department of Health(DOH),doh,NGA,2025-12-16 16:15:00,Q4,BSArchitecture Capstone (Renal-Specialized Hospital),SUCCESSFUL,successful,True,True,True,2025-12-17 10:04:00,0.742,2025-12-17 10:04:00,,2025-12-17 10:04:04,0.742,1,1,False,3945,97,40.670103092783506,2026-09-29 18:18:50
DepEd-606442274034,Department of Education(DepEd),deped,NGA,2025-12-16 21:08:00,Q4,Research purposes,CLOSED,unsuccessful,True,False,True,2025-12-17 11:56:00,0.617,2025-12-19 08:44:00,2025-12-17 11:56:33,,,2,1,False,3945,97,40.670103092783506,2026-09-29 18:18:52
PNU-137266117593,Philippine Normal University(PNU),pnu,SUC,2025-12-17 09:47:00,Q4,Educational purposes,SUCCESSFUL,successful,True,True,True,2026-01-06 08:11:00,19.933,2026-01-27 08:55:00,2026-01-06 08:11:42,2026-01-27 08:55:32,40.964,3,1,False,81,71,1.1408450704225352,2026-09-29 18:18:54
MSUGS-249062465786,Mindanao State University-General Santos(MSUGS),msugs,SUC,2025-12-17 11:51:00,Q4,Research purposes.,PENDING,open,False,False,False,,,,,,,0,1,False,81,71,1.1408450704225352,2026-09-29 18:18:57
BJMP-305130364891,Bureau of Jail Management and Penology(BJMP),bjmp,NGA,2025-12-17 16:51:00,Q4,Architecture Undergraduate Thesis,PARTIALLY SUCCESSFUL,partially successful,True,True,True,2025-12-19 10:16:00,1.726,2026-01-05 12:59:00,2025-12-19 10:16:12,2026-01-05 12:59:44,18.839,3,1,False,3945,97,40.670103092783506,2026-09-29 18:18:59
PNP-745952292092,Philippine National Police(PNP),pnp,LEA,2025-12-17 22:03:00,Q4,Architectural Thesis Capstone,DENIED,unsuccessful,True,False,True,2025-12-17 22:13:00,0.007,2026-01-05 09:25:00,2025-12-17 22:13:40,2026-01-05 09:25:42,18.474,3,1,False,109,91,1.1978021978021978,2026-09-29 18:19:01
BSWM-675936035599,Bureau of Soils and Water Management(BSWM),bswm,NGA,2025-12-18 19:18:00,Q4,For Thesis purposes,REFERRED,referred,False,False,False,,,,,,,0,1,False,3945,97,40.670103092783506,2026-09-29 18:19:03
SSS-094127020534,Social Security System(SSS),sss,GOCC,2025-12-19 10:49:00,Q4,To process my Retirement Benefits,DENIED,unsuccessful,True,False,True,2026-01-14 08:45:00,25.914,2026-02-10 10:34:00,2026-01-14 08:45:21,2026-02-10 10:34:32,52.99,2,1,False,459,107,4.289719626168225,2026-09-29 18:19:05
PNP-457927171728,Philippine National Police(PNP),pnp,LEA,2025-12-19 13:08:00,Q4,Purpose: Reference for an article and presentation.,DENIED,unsuccessful,True,False,True,2025-12-22 09:35:00,2.852,2026-01-13 08:33:00,2025-12-22 09:35:14,2026-01-13 08:33:57,24.81,4,2,False,109,91,1.1978021978021978,2026-09-29 18:19:08
BIR-720416968801,Bureau of Internal Revenue(BIR),bir,NGA,2025-12-19 15:24:00,Q4,Employment,DENIED,unsuccessful,True,False,True,2025-12-19 15:50:00,0.018,2025-12-19 15:50:00,,2025-12-19 15:50:06,0.018,1,2,False,3945,97,40.670103092783506,2026-09-29 18:19:10
DBP-372455942604,Development Bank of the Philippines(DBP),dbp,GOCC,2025-12-20 08:29:00,Q4,"1. Understanding eligibility and application requirements – so you or other students can know who qualifies and what documents are needed. 2. Clarifying loan terms – such as whether the TES loan is indeed no-interest, repayment schedules, and other conditions. 3. Accessing policies and guidelines – official documents, circulars, or manuals that govern the program. 4. Obtaining data on loan implementation – such as disbursement statistics, how many students have benefited, or historical trends. 5. Ensuring transparency and accountability – confirming that the program is being implemented according to law and regulations.",REFERRED,referred,False,False,False,,,,,,,0,1,False,459,107,4.289719626168225,2026-09-29 18:19:12
PPA-641200296693,Philippine Ports Authority(PPA),ppa,GOCC,2025-12-22 05:42:00,Q4,Research and Development,SUCCESSFUL,successful,True,True,True,2025-12-23 16:01:00,1.43,2025-12-23 16:01:00,,2025-12-23 16:01:38,1.43,1,1,False,459,107,4.289719626168225,2026-09-29 18:19:14
NHA-810280512861,National Housing Authority(NHA),nha,GOCC,2025-12-22 10:13:00,Q4,Research and academe,SUCCESSFUL,successful,True,True,True,2025-12-23 11:31:00,1.054,2026-01-13 10:46:00,2025-12-23 11:31:30,2026-01-13 10:46:36,22.023,2,1,False,459,107,4.289719626168225,2026-09-29 18:19:17
USAP-355435876025,"City of Pasig, NCR(USAP)",usap,LGU,2025-12-22 10:21:00,Q4,For research purposes,SUCCESSFUL,successful,True,True,True,2026-01-05 08:58:00,13.942,2026-01-15 14:56:00,2026-01-05 08:58:34,2026-01-15 14:56:55,24.192,2,1,False,59,59,1.0,2026-09-29 18:19:19
DPWH-969698309922,Department of Public Works and Highways(DPWH),dpwh,NGA,2025-12-22 11:06:00,Q4,Educational purposes,PROCESSING,open,False,False,True,2025-12-26 13:40:00,4.107,2025-12-26 13:40:00,2025-12-26 13:40:03,,,1,2,False,3945,97,40.670103092783506,2026-09-29 18:19:21
NAP-445118188799,National Archives of the Philippines(NAP),nap,NGA,2025-12-22 12:28:00,Q4,Verification purposes,PARTIALLY SUCCESSFUL,partially successful,True,True,True,2026-01-05 08:51:00,13.849,2026-01-05 08:51:00,,2026-01-05 08:51:03,13.849,1,1,False,3945,97,40.670103092783506,2026-09-29 18:19:23
NCDA-337141258159,National Council on Disability Affairs(NCDA),ncda,NGA,2025-12-22 14:40:00,Q4,Academic Thesis,PENDING,open,False,False,False,,,,,,,0,1,False,3945,97,40.670103092783506,2026-09-29 18:19:25
NTC-256352603888,National Telecommunications Commission(NTC),ntc,NGA,2025-12-22 14:45:00,Q4,Research and Development,SUCCESSFUL,successful,True,True,True,2025-12-22 15:53:00,0.047,2026-01-09 10:18:00,2025-12-22 15:53:57,2026-01-09 10:18:25,17.815,2,2,False,3945,97,40.670103092783506,2026-09-29 18:19:26
PCMC-613056223564,Philippine Children's Medical Center(PCMC),pcmc,GOCC,2025-12-22 19:38:00,Q4,Architectural thesis,PARTIALLY SUCCESSFUL,partially successful,True,True,True,2026-01-07 14:44:00,15.796,2026-01-20 15:38:00,2026-01-07 14:44:49,2026-01-20 15:38:15,28.834,2,1,False,459,107,4.289719626168225,2026-09-29 18:19:29
BATSU-816417602977,Batangas State University(BATSU),batsu,SUC,2025-12-22 22:45:00,Q4,Research Purposes,DENIED,unsuccessful,True,False,True,2025-12-23 11:48:00,0.544,2026-01-12 15:06:00,2025-12-23 11:48:32,2026-01-12 15:06:35,20.682,3,2,False,81,71,1.1408450704225352,2026-09-29 18:19:31
DOLE-160596386266,Department of Labor and Employment(DOLE),dole,NGA,2025-12-23 11:49:00,Q4,what should i do to get my last pay?,SUCCESSFUL,successful,True,True,True,2025-12-23 12:44:00,0.038,2025-12-23 12:44:00,,2025-12-23 12:44:02,0.038,1,1,False,3945,97,40.670103092783506,2026-09-29 18:19:33
PNP-808354173282,Philippine National Police(PNP),pnp,LEA,2025-12-23 12:29:00,Q4,Undergraduate thesis,DENIED,unsuccessful,True,False,True,2025-12-23 22:11:00,0.404,2025-12-30 02:26:00,2025-12-23 22:11:38,2025-12-30 02:26:08,6.581,3,1,False,109,91,1.1978021978021978,2026-09-29 18:19:36
PNP-745472292141,Philippine National Police(PNP),pnp,LEA,2025-12-23 13:01:00,Q4,data gathering for data journalism,SUCCESSFUL,successful,True,True,True,2025-12-23 22:12:00,0.383,2026-01-20 11:34:00,2025-12-23 22:12:15,2026-01-20 11:34:54,27.94,3,1,False,109,91,1.1978021978021978,2026-09-29 18:19:38
UPM-084516072388,University of the Philippines Manila(UPM),upm,SUC,2025-12-23 13:03:00,Q4,data gathering for data journalism,DENIED,unsuccessful,True,False,True,2026-01-06 13:39:00,14.025,2026-01-06 13:39:00,,2026-01-06 13:39:23,14.025,1,1,False,81,71,1.1408450704225352,2026-09-29 18:19:40
USM-724262534462,University of Southern Mindanao(USM),usm,SUC,2025-12-23 13:05:00,Q4,data gathering for data journalism,PENDING,open,False,False,False,,,,,,,0,1,False,81,71,1.1408450704225352,2026-09-29 18:19:42
WVSU-377023243357,West Visayas State University(WVSU),wvsu,SUC,2025-12-23 13:10:00,Q4,data gathering for data article,SUCCESSFUL,successful,True,True,True,2026-01-20 10:22:00,27.883,2026-01-20 10:24:00,,2026-01-20 10:24:11,27.885,2,1,False,81,71,1.1408450704225352,2026-09-29 18:19:44
CTU-284118298523,Cebu Technological University(CTU),ctu,SUC,2025-12-23 15:51:00,Q4,To process student visa for Canada,CLOSED,unsuccessful,True,False,True,2026-01-05 10:37:00,12.782,2026-01-05 10:37:00,2026-01-05 10:37:00,,,1,2,False,81,71,1.1408450704225352,2026-09-29 18:19:46
PNP-562946167845,Philippine National Police(PNP),pnp,LEA,2025-12-24 19:05:00,Q4,Research Paper,DENIED,unsuccessful,True,False,True,2025-12-24 19:09:00,0.003,2026-03-09 15:38:00,2025-12-24 19:09:37,2026-03-09 15:38:44,74.857,10,5,False,109,91,1.1978021978021978,2026-09-29 18:19:49
CAAP-604035299268,Civil Aviation Authority of the Philippines(CAAP),caap,GOCC,2025-12-25 14:46:00,Q4,Academic research,SUCCESSFUL,successful,True,True,True,2026-01-05 15:06:00,11.014,2026-01-05 15:06:00,,2026-01-05 15:06:15,11.014,1,1,False,459,107,4.289719626168225,2026-09-29 18:19:50
NIA-640336210121,National Irrigation Administration(NIA),nia,GOCC,2025-12-25 21:38:00,Q4,Undergraduate Thesis,SUCCESSFUL,successful,True,True,True,2026-01-06 10:50:00,11.55,2026-01-12 09:09:00,2026-01-06 10:50:14,2026-01-12 09:09:34,17.48,2,1,False,459,107,4.289719626168225,2026-09-29 18:19:52
DOST-449746235093,Department of Science and Technology(DOST),dost,NGA,2025-12-26 09:54:00,Q4,Research and Development,CLOSED,unsuccessful,True,False,True,2026-01-05 13:22:00,10.144,2026-01-05 14:47:00,2026-01-05 13:22:27,,,2,1,False,3945,97,40.670103092783506,2026-09-29 18:19:54
DOE-480534248327,Department of Energy(DOE),doe,NGA,2025-12-26 13:17:00,Q4,Research and Development,SUCCESSFUL,successful,True,True,True,2026-01-05 13:12:00,9.997,2026-01-05 14:25:00,2026-01-05 13:12:20,2026-01-05 14:25:39,10.048,2,1,False,3945,97,40.670103092783506,2026-09-29 18:19:55
QMWD-644739932397,Quezon Metropolitan Water District(QMWD),qmwd,WATER-DISTRICT,2025-12-26 18:24:00,Q4,To determine number of days to anwer my complaint/ query,PENDING,open,False,False,False,,,,,,,0,1,False,88,88,1.0,2026-09-29 18:19:57
DENR-089578277046,Department of Environment and Natural Resources(DENR),denr,NGA,2025-12-27 04:20:00,Q4,Research for Dissertation,DENIED,unsuccessful,True,False,True,2025-12-30 09:48:00,3.228,2025-12-30 09:48:00,,2025-12-30 09:48:16,3.228,1,1,False,3945,97,40.670103092783506,2026-09-29 18:19:58
PNP-778903195162,Philippine National Police(PNP),pnp,LEA,2025-12-29 00:54:00,Q4,Research Purposes,DENIED,unsuccessful,True,False,True,2025-12-29 06:45:00,0.244,2026-01-05 10:38:00,2025-12-29 06:45:30,2026-01-05 10:38:36,7.406,3,1,False,109,91,1.1978021978021978,2026-09-29 18:20:01
PNP-112884878187,Philippine National Police(PNP),pnp,LEA,2025-12-29 16:16:00,Q4,The purpose of the request is reference to our Annual Institutional Risk Assessment of our Company.,SUCCESSFUL,successful,True,True,True,2026-01-01 20:15:00,3.166,2026-01-05 11:09:00,2026-01-01 20:15:40,2026-01-05 11:09:29,6.787,2,1,False,109,91,1.1978021978021978,2026-09-29 18:20:02
HDMF-569125874755,Home Development Mutual Fund/Pag-IBIG Fund(HDMF),hdmf,GOCC,2025-12-31 14:28:00,Q4,Employment,CLOSED,unsuccessful,True,False,True,2026-01-06 14:02:00,5.982,2026-01-06 14:02:00,2026-01-06 14:02:19,,,1,1,False,459,107,4.289719626168225,2026-09-29 18:20:04
